gene	Kinetic_class	hpi	Time	cell_line	group	mean	sd	varcoeff
ORF-1	E	12h	12	C6	C6_12h	1951.199044		
ORF-1	E	1h	1	C6	C6_1h	0		
ORF-1	E	2h	2	C6	C6_2h	0		
ORF-1	E	4h	4	C6	C6_4h	4203.888598		
ORF-1	E	6h	6	C6	C6_6h	3363.518758		
ORF-1	E	8h	8	C6	C6_8h	1807.909604		
ORF-1	E	1h	1	NRK	NRK_1h	0		
ORF-1	E	2h	2	NRK	NRK_2h	0		
ORF-1	E	0.5h	0.5	PC_12	PC_12_0.5h	0		
ORF-1	E	1.5h	1.5	PC_12	PC_12_1.5h	0		
ORF-1	E	12h	12	PC_12	PC_12_12h	2504.999761		
ORF-1	E	1h	1	PC_12	PC_12_1h	0		
ORF-1	E	2.5h	2.5	PC_12	PC_12_2.5h	2220.57735		
ORF-1	E	2h	2	PC_12	PC_12_2h	1334.222815		
ORF-1	E	4h	4	PC_12	PC_12_4h	3914.876532		
ORF-1	E	6h	6	PC_12	PC_12_6h	3997.65471		
ORF-1	E	8h	8	PC_12	PC_12_8h	3770.931868		
ORF-1	E	12h	12	PK_15	PK_15_12h	1478.260869		
ORF-1	E	1h	1	PK_15	PK_15_1h	0		
ORF-1	E	2h	2	PK_15	PK_15_2h	1086.169443		
ORF-1	E	4h	4	PK_15	PK_15_4h	893.074612		
ORF-1	E	6h	6	PK_15	PK_15_6h	1088.718457		
ORF-1	E	8h	8	PK_15	PK_15_8h	1464.918706		
UL54	E	12h	12	C6	C6_12h	720.335131		
UL54	E	1h	1	C6	C6_1h	12326.656394		
UL54	E	2h	2	C6	C6_2h	2478.314746		
UL54	E	4h	4	C6	C6_4h	3152.916448		
UL54	E	6h	6	C6	C6_6h	3880.983183		
UL54	E	8h	8	C6	C6_8h	1581.920903		
UL54	E	1h	1	NRK	NRK_1h	0		
UL54	E	2h	2	NRK	NRK_2h	6472.491909		
UL54	E	0.5h	0.5	PC_12	PC_12_0.5h	0		
UL54	E	1.5h	1.5	PC_12	PC_12_1.5h	22123.893806		
UL54	E	12h	12	PC_12	PC_12_12h	327.629396		
UL54	E	1h	1	PC_12	PC_12_1h	8908.685968		
UL54	E	2.5h	2.5	PC_12	PC_12_2.5h	9622.50185		
UL54	E	2h	2	PC_12	PC_12_2h	8005.336894		
UL54	E	4h	4	PC_12	PC_12_4h	1606.103194		
UL54	E	6h	6	PC_12	PC_12_6h	1332.551569		
UL54	E	8h	8	PC_12	PC_12_8h	1086.539691		
UL54	E	12h	12	PK_15	PK_15_12h	102.974828		
UL54	E	1h	1	PK_15	PK_15_1h	0		
UL54	E	2h	2	PK_15	PK_15_2h	8327.299059		
UL54	E	4h	4	PK_15	PK_15_4h	1989.120728		
UL54	E	6h	6	PK_15	PK_15_6h	983.878902		
UL54	E	8h	8	PK_15	PK_15_8h	662.283606		
UL53	L	12h	12	C6	C6_12h	251.767619		
UL53	L	1h	1	C6	C6_1h	0		
UL53	L	2h	2	C6	C6_2h	0		
UL53	L	4h	4	C6	C6_4h	0		
UL53	L	6h	6	C6	C6_6h	603.708496		
UL53	L	8h	8	C6	C6_8h	96.8523		
UL53	L	1h	1	NRK	NRK_1h	0		
UL53	L	2h	2	NRK	NRK_2h	0		
UL53	L	0.5h	0.5	PC_12	PC_12_0.5h	0		
UL53	L	1.5h	1.5	PC_12	PC_12_1.5h	0		
UL53	L	12h	12	PC_12	PC_12_12h	81.907349		
UL53	L	1h	1	PC_12	PC_12_1h	0		
UL53	L	2.5h	2.5	PC_12	PC_12_2.5h	0		
UL53	L	2h	2	PC_12	PC_12_2h	0		
UL53	L	4h	4	PC_12	PC_12_4h	100.38145		
UL53	L	6h	6	PC_12	PC_12_6h	186.557219		
UL53	L	8h	8	PC_12	PC_12_8h	255.656398		
UL53	L	12h	12	PK_15	PK_15_12h	180.778032		
UL53	L	1h	1	PK_15	PK_15_1h	0		
UL53	L	2h	2	PK_15	PK_15_2h	362.056481		
UL53	L	4h	4	PK_15	PK_15_4h	284.160105		
UL53	L	6h	6	PK_15	PK_15_6h	354.841571		
UL53	L	8h	8	PK_15	PK_15_8h	394.738573		
UL52	E	12h	12	C6	C6_12h	83.922539		
UL52	E	1h	1	C6	C6_1h	0		
UL52	E	2h	2	C6	C6_2h	1239.157373		
UL52	E	4h	4	C6	C6_4h	0		
UL52	E	6h	6	C6	C6_6h	86.244071		
UL52	E	8h	8	C6	C6_8h	32.2841		
UL52	E	1h	1	NRK	NRK_1h	0		
UL52	E	2h	2	NRK	NRK_2h	0		
UL52	E	0.5h	0.5	PC_12	PC_12_0.5h	0		
UL52	E	1.5h	1.5	PC_12	PC_12_1.5h	0		
UL52	E	12h	12	PC_12	PC_12_12h	34.128062		
UL52	E	1h	1	PC_12	PC_12_1h	0		
UL52	E	2.5h	2.5	PC_12	PC_12_2.5h	0		
UL52	E	2h	2	PC_12	PC_12_2h	0		
UL52	E	4h	4	PC_12	PC_12_4h	0		
UL52	E	6h	6	PC_12	PC_12_6h	53.302063		
UL52	E	8h	8	PC_12	PC_12_8h	159.785249		
UL52	E	12h	12	PK_15	PK_15_12h	0		
UL52	E	1h	1	PK_15	PK_15_1h	2923.976608		
UL52	E	2h	2	PK_15	PK_15_2h	362.056481		
UL52	E	4h	4	PK_15	PK_15_4h	121.782902		
UL52	E	6h	6	PK_15	PK_15_6h	24.193743		
UL52	E	8h	8	PK_15	PK_15_8h	48.245826		
UL51	L	12h	12	C6	C6_12h	2657.547083		
UL51	L	1h	1	C6	C6_1h	0		
UL51	L	2h	2	C6	C6_2h	3717.472119		
UL51	L	4h	4	C6	C6_4h	4729.374672		
UL51	L	6h	6	C6	C6_6h	0		
UL51	L	8h	8	C6	C6_8h	0		
UL51	L	1h	1	NRK	NRK_1h	0		
UL51	L	2h	2	NRK	NRK_2h	3236.245955		
UL51	L	0.5h	0.5	PC_12	PC_12_0.5h	0		
UL51	L	1.5h	1.5	PC_12	PC_12_1.5h	4424.778761		
UL51	L	12h	12	PC_12	PC_12_12h	1638.146983		
UL51	L	1h	1	PC_12	PC_12_1h	4454.342984		
UL51	L	2.5h	2.5	PC_12	PC_12_2.5h	1480.3849		
UL51	L	2h	2	PC_12	PC_12_2h	4669.779853		
UL51	L	4h	4	PC_12	PC_12_4h	4918.691027		
UL51	L	6h	6	PC_12	PC_12_6h	0		
UL51	L	8h	8	PC_12	PC_12_8h	0		
UL51	L	12h	12	PK_15	PK_15_12h	718.53547		
UL51	L	1h	1	PK_15	PK_15_1h	2923.976608		
UL51	L	2h	2	PK_15	PK_15_2h	2172.338885		
UL51	L	4h	4	PK_15	PK_15_4h	0		
UL51	L	6h	6	PK_15	PK_15_6h	4532.294615		
UL51	L	8h	8	PK_15	PK_15_8h	2907.907492		
UL50	L	12h	12	C6	C6_12h	2112.050578		
UL50	L	1h	1	C6	C6_1h	12326.656394		
UL50	L	2h	2	C6	C6_2h	14869.888476		
UL50	L	4h	4	C6	C6_4h	5780.346821		
UL50	L	6h	6	C6	C6_6h	0		
UL50	L	8h	8	C6	C6_8h	0		
UL50	L	1h	1	NRK	NRK_1h	30303.030303		
UL50	L	2h	2	NRK	NRK_2h	19417.475728		
UL50	L	0.5h	0.5	PC_12	PC_12_0.5h	0		
UL50	L	1.5h	1.5	PC_12	PC_12_1.5h	19911.504426		
UL50	L	12h	12	PC_12	PC_12_12h	1030.667476		
UL50	L	1h	1	PC_12	PC_12_1h	11135.857461		
UL50	L	2.5h	2.5	PC_12	PC_12_2.5h	14063.65655		
UL50	L	2h	2	PC_12	PC_12_2h	10673.782522		
UL50	L	4h	4	PC_12	PC_12_4h	0		
UL50	L	6h	6	PC_12	PC_12_6h	3811.097489		
UL50	L	8h	8	PC_12	PC_12_8h	0		
UL50	L	12h	12	PK_15	PK_15_12h	697.940504		
UL50	L	1h	1	PK_15	PK_15_1h	2923.976608		
UL50	L	2h	2	PK_15	PK_15_2h	0		
UL50	L	4h	4	PK_15	PK_15_4h	0		
UL50	L	6h	6	PK_15	PK_15_6h	2750.022177		
UL50	L	8h	8	PK_15	PK_15_8h	2021.938693		
UL49.5	L	12h	12	C6	C6_12h	12301.645581		
UL49.5	L	1h	1	C6	C6_1h	24653.312788		
UL49.5	L	2h	2	C6	C6_2h	0		
UL49.5	L	4h	4	C6	C6_4h	9458.749345		
UL49.5	L	6h	6	C6	C6_6h	12850.366537		
UL49.5	L	8h	8	C6	C6_8h	13753.026635		
UL49.5	L	1h	1	NRK	NRK_1h	20202.020202		
UL49.5	L	2h	2	NRK	NRK_2h	19417.475729		
UL49.5	L	0.5h	0.5	PC_12	PC_12_0.5h	0		
UL49.5	L	1.5h	1.5	PC_12	PC_12_1.5h	26548.672568		
UL49.5	L	12h	12	PC_12	PC_12_12h	10477.315077		
UL49.5	L	1h	1	PC_12	PC_12_1h	22271.714922		
UL49.5	L	2.5h	2.5	PC_12	PC_12_2.5h	27387.120651		
UL49.5	L	2h	2	PC_12	PC_12_2h	26017.344897		
UL49.5	L	4h	4	PC_12	PC_12_4h	12346.91829		
UL49.5	L	6h	6	PC_12	PC_12_6h	13805.234263		
UL49.5	L	8h	8	PC_12	PC_12_8h	12303.464144		
UL49.5	L	12h	12	PK_15	PK_15_12h	12171.624714		
UL49.5	L	1h	1	PK_15	PK_15_1h	8771.929824		
UL49.5	L	2h	2	PK_15	PK_15_2h	25343.953656		
UL49.5	L	4h	4	PK_15	PK_15_4h	23625.882926		
UL49.5	L	6h	6	PK_15	PK_15_6h	10435.568028		
UL49.5	L	8h	8	PK_15	PK_15_8h	0		
UL49	L	12h	12	C6	C6_12h	6189.287286		
UL49	L	1h	1	C6	C6_1h	3081.664098		
UL49	L	2h	2	C6	C6_2h	4956.629492		
UL49	L	4h	4	C6	C6_4h	3678.402522		
UL49	L	6h	6	C6	C6_6h	3880.983182		
UL49	L	8h	8	C6	C6_8h	4422.92171		
UL49	L	1h	1	NRK	NRK_1h	0		
UL49	L	2h	2	NRK	NRK_2h	9708.737864		
UL49	L	0.5h	0.5	PC_12	PC_12_0.5h	0		
UL49	L	1.5h	1.5	PC_12	PC_12_1.5h	0		
UL49	L	12h	12	PC_12	PC_12_12h	5399.05943		
UL49	L	1h	1	PC_12	PC_12_1h	0		
UL49	L	2.5h	2.5	PC_12	PC_12_2.5h	8882.3094		
UL49	L	2h	2	PC_12	PC_12_2h	4669.779854		
UL49	L	4h	4	PC_12	PC_12_4h	3412.969286		
UL49	L	6h	6	PC_12	PC_12_6h	3997.65471		
UL49	L	8h	8	PC_12	PC_12_8h	5688.354851		
UL49	L	12h	12	PK_15	PK_15_12h	7210.526316		
UL49	L	1h	1	PK_15	PK_15_1h	0		
UL49	L	2h	2	PK_15	PK_15_2h	3620.564808		
UL49	L	4h	4	PK_15	PK_15_4h	6170.333686		
UL49	L	6h	6	PK_15	PK_15_6h	4782.296629		
UL49	L	8h	8	PK_15	PK_15_8h	6412.308826		
UL48	L	12h	12	C6	C6_12h	1566.554071		
UL48	L	1h	1	C6	C6_1h	1540.832049		
UL48	L	2h	2	C6	C6_2h	0		
UL48	L	4h	4	C6	C6_4h	525.486075		
UL48	L	6h	6	C6	C6_6h	776.196637		
UL48	L	8h	8	C6	C6_8h	548.829701		
UL48	L	1h	1	NRK	NRK_1h	0		
UL48	L	2h	2	NRK	NRK_2h	0		
UL48	L	0.5h	0.5	PC_12	PC_12_0.5h	0		
UL48	L	1.5h	1.5	PC_12	PC_12_1.5h	0		
UL48	L	12h	12	PC_12	PC_12_12h	812.247879		
UL48	L	1h	1	PC_12	PC_12_1h	0		
UL48	L	2.5h	2.5	PC_12	PC_12_2.5h	0		
UL48	L	2h	2	PC_12	PC_12_2h	0		
UL48	L	4h	4	PC_12	PC_12_4h	200.762899		
UL48	L	6h	6	PC_12	PC_12_6h	319.812376		
UL48	L	8h	8	PC_12	PC_12_8h	830.883293		
UL48	L	12h	12	PK_15	PK_15_12h	1290.617849		
UL48	L	1h	1	PK_15	PK_15_1h	0		
UL48	L	2h	2	PK_15	PK_15_2h	362.056481		
UL48	L	4h	4	PK_15	PK_15_4h	162.377203		
UL48	L	6h	6	PK_15	PK_15_6h	572.585262		
UL48	L	8h	8	PK_15	PK_15_8h	1359.655086		
UL47	L	12h	12	C6	C6_12h	825.238305		
UL47	L	1h	1	C6	C6_1h	0		
UL47	L	2h	2	C6	C6_2h	0		
UL47	L	4h	4	C6	C6_4h	0		
UL47	L	6h	6	C6	C6_6h	0		
UL47	L	8h	8	C6	C6_8h	225.9887		
UL47	L	1h	1	NRK	NRK_1h	0		
UL47	L	2h	2	NRK	NRK_2h	0		
UL47	L	0.5h	0.5	PC_12	PC_12_0.5h	0		
UL47	L	1.5h	1.5	PC_12	PC_12_1.5h	0		
UL47	L	12h	12	PC_12	PC_12_12h	546.048993		
UL47	L	1h	1	PC_12	PC_12_1h	0		
UL47	L	2.5h	2.5	PC_12	PC_12_2.5h	0		
UL47	L	2h	2	PC_12	PC_12_2h	0		
UL47	L	4h	4	PC_12	PC_12_4h	0		
UL47	L	6h	6	PC_12	PC_12_6h	346.463409		
UL47	L	8h	8	PC_12	PC_12_8h	255.656398		
UL47	L	12h	12	PK_15	PK_15_12h	697.940505		
UL47	L	1h	1	PK_15	PK_15_1h	0		
UL47	L	2h	2	PK_15	PK_15_2h	0		
UL47	L	4h	4	PK_15	PK_15_4h	40.594301		
UL47	L	6h	6	PK_15	PK_15_6h	370.970733		
UL47	L	8h	8	PK_15	PK_15_8h	543.862036		
UL46	L	12h	12	C6	C6_12h	17938.442818		
UL46	L	1h	1	C6	C6_1h	16949.152542		
UL46	L	2h	2	C6	C6_2h	6195.786865		
UL46	L	4h	4	C6	C6_4h	17866.526538		
UL46	L	6h	6	C6	C6_6h	19404.915913		
UL46	L	8h	8	C6	C6_8h	11460.855528		
UL46	L	1h	1	NRK	NRK_1h	30303.030303		
UL46	L	2h	2	NRK	NRK_2h	3236.245955		
UL46	L	0.5h	0.5	PC_12	PC_12_0.5h	0		
UL46	L	1.5h	1.5	PC_12	PC_12_1.5h	6637.168142		
UL46	L	12h	12	PC_12	PC_12_12h	5112.383709		
UL46	L	1h	1	PC_12	PC_12_1h	4454.342984		
UL46	L	2.5h	2.5	PC_12	PC_12_2.5h	2220.57735		
UL46	L	2h	2	PC_12	PC_12_2h	7338.225484		
UL46	L	4h	4	PC_12	PC_12_4h	13049.588437		
UL46	L	6h	6	PC_12	PC_12_6h	12632.58888		
UL46	L	8h	8	PC_12	PC_12_8h	5081.170906		
UL46	L	12h	12	PK_15	PK_15_12h	6594.965675		
UL46	L	1h	1	PK_15	PK_15_1h	0		
UL46	L	2h	2	PK_15	PK_15_2h	8689.355539		
UL46	L	4h	4	PK_15	PK_15_4h	8524.803118		
UL46	L	6h	6	PK_15	PK_15_6h	7758.127082		
UL46	L	8h	8	PK_15	PK_15_8h	7916.701389		
UL27	L	12h	12	C6	C6_12h	6063.403479		
UL27	L	1h	1	C6	C6_1h	10785.824345		
UL27	L	2h	2	C6	C6_2h	3717.472119		
UL27	L	4h	4	C6	C6_4h	14188.124015		
UL27	L	6h	6	C6	C6_6h	12074.169901		
UL27	L	8h	8	C6	C6_8h	4164.648911		
UL27	L	1h	1	NRK	NRK_1h	10101.010101		
UL27	L	2h	2	NRK	NRK_2h	12944.983819		
UL27	L	0.5h	0.5	PC_12	PC_12_0.5h	0		
UL27	L	1.5h	1.5	PC_12	PC_12_1.5h	4424.778762		
UL27	L	12h	12	PC_12	PC_12_12h	7050.857638		
UL27	L	1h	1	PC_12	PC_12_1h	4454.342984		
UL27	L	2.5h	2.5	PC_12	PC_12_2.5h	1480.3849		
UL27	L	2h	2	PC_12	PC_12_2h	5336.891261		
UL27	L	4h	4	PC_12	PC_12_4h	7127.082916		
UL27	L	6h	6	PC_12	PC_12_6h	6342.945472		
UL27	L	8h	8	PC_12	PC_12_8h	0		
UL27	L	12h	12	PK_15	PK_15_12h	9578.947369		
UL27	L	1h	1	PK_15	PK_15_1h	0		
UL27	L	2h	2	PK_15	PK_15_2h	4706.734252		
UL27	L	4h	4	PK_15	PK_15_4h	2882.195339		
UL27	L	6h	6	PK_15	PK_15_6h	3282.284535		
UL27	L	8h	8	PK_15	PK_15_8h	8973.723567		
UL28	E	12h	12	C6	C6_12h	41.96127		
UL28	E	1h	1	C6	C6_1h	0		
UL28	E	2h	2	C6	C6_2h	0		
UL28	E	4h	4	C6	C6_4h	525.486075		
UL28	E	6h	6	C6	C6_6h	0		
UL28	E	8h	8	C6	C6_8h	0		
UL28	E	1h	1	NRK	NRK_1h	0		
UL28	E	2h	2	NRK	NRK_2h	0		
UL28	E	0.5h	0.5	PC_12	PC_12_0.5h	0		
UL28	E	1.5h	1.5	PC_12	PC_12_1.5h	0		
UL28	E	12h	12	PC_12	PC_12_12h	27.30245		
UL28	E	1h	1	PC_12	PC_12_1h	0		
UL28	E	2.5h	2.5	PC_12	PC_12_2.5h	0		
UL28	E	2h	2	PC_12	PC_12_2h	0		
UL28	E	4h	4	PC_12	PC_12_4h	0		
UL28	E	6h	6	PC_12	PC_12_6h	26.651031		
UL28	E	8h	8	PC_12	PC_12_8h	0		
UL28	E	12h	12	PK_15	PK_15_12h	0		
UL28	E	1h	1	PK_15	PK_15_1h	0		
UL28	E	2h	2	PK_15	PK_15_2h	362.056481		
UL28	E	4h	4	PK_15	PK_15_4h	40.594301		
UL28	E	6h	6	PK_15	PK_15_6h	24.193743		
UL28	E	8h	8	PK_15	PK_15_8h	13.157952		
UL29	E	12h	12	C6	C6_12h	0		
UL29	E	1h	1	C6	C6_1h	0		
UL29	E	2h	2	C6	C6_2h	1239.157373		
UL29	E	4h	4	C6	C6_4h	0		
UL29	E	6h	6	C6	C6_6h	0		
UL29	E	8h	8	C6	C6_8h	0		
UL29	E	1h	1	NRK	NRK_1h	0		
UL29	E	2h	2	NRK	NRK_2h	6472.491909		
UL29	E	0.5h	0.5	PC_12	PC_12_0.5h	0		
UL29	E	1.5h	1.5	PC_12	PC_12_1.5h	0		
UL29	E	12h	12	PC_12	PC_12_12h	0		
UL29	E	1h	1	PC_12	PC_12_1h	0		
UL29	E	2.5h	2.5	PC_12	PC_12_2.5h	1480.3849		
UL29	E	2h	2	PC_12	PC_12_2h	2668.445631		
UL29	E	4h	4	PC_12	PC_12_4h	200.7629		
UL29	E	6h	6	PC_12	PC_12_6h	0		
UL29	E	8h	8	PC_12	PC_12_8h	0		
UL29	E	12h	12	PK_15	PK_15_12h	0		
UL29	E	1h	1	PK_15	PK_15_1h	0		
UL29	E	2h	2	PK_15	PK_15_2h	7241.129617		
UL29	E	4h	4	PK_15	PK_15_4h	0		
UL29	E	6h	6	PK_15	PK_15_6h	0		
UL29	E	8h	8	PK_15	PK_15_8h	0		
UL30	E	12h	12	C6	C6_12h	90.916085		
UL30	E	1h	1	C6	C6_1h	6163.328196		
UL30	E	2h	2	C6	C6_2h	0		
UL30	E	4h	4	C6	C6_4h	0		
UL30	E	6h	6	C6	C6_6h	776.196637		
UL30	E	8h	8	C6	C6_8h	258.2728		
UL30	E	1h	1	NRK	NRK_1h	0		
UL30	E	2h	2	NRK	NRK_2h	0		
UL30	E	0.5h	0.5	PC_12	PC_12_0.5h	0		
UL30	E	1.5h	1.5	PC_12	PC_12_1.5h	2212.389381		
UL30	E	12h	12	PC_12	PC_12_12h	0		
UL30	E	1h	1	PC_12	PC_12_1h	2227.171492		
UL30	E	2.5h	2.5	PC_12	PC_12_2.5h	0		
UL30	E	2h	2	PC_12	PC_12_2h	2668.445631		
UL30	E	4h	4	PC_12	PC_12_4h	301.144349		
UL30	E	6h	6	PC_12	PC_12_6h	213.208251		
UL30	E	8h	8	PC_12	PC_12_8h	191.742299		
UL30	E	12h	12	PK_15	PK_15_12h	0		
UL30	E	1h	1	PK_15	PK_15_1h	0		
UL30	E	2h	2	PK_15	PK_15_2h	1086.169443		
UL30	E	4h	4	PK_15	PK_15_4h	243.565804		
UL30	E	6h	6	PK_15	PK_15_6h	64.516649		
UL30	E	8h	8	PK_15	PK_15_8h	192.983302		
UL31	L	12h	12	C6	C6_12h	23197.588628		
UL31	L	1h	1	C6	C6_1h	6163.328196		
UL31	L	2h	2	C6	C6_2h	12391.57373		
UL31	L	4h	4	C6	C6_4h	20493.95691		
UL31	L	6h	6	C6	C6_6h	0		
UL31	L	8h	8	C6	C6_8h	0		
UL31	L	1h	1	NRK	NRK_1h	0		
UL31	L	2h	2	NRK	NRK_2h	16181.229774		
UL31	L	0.5h	0.5	PC_12	PC_12_0.5h	0		
UL31	L	1.5h	1.5	PC_12	PC_12_1.5h	8849.557523		
UL31	L	12h	12	PC_12	PC_12_12h	0		
UL31	L	1h	1	PC_12	PC_12_1h	0		
UL31	L	2.5h	2.5	PC_12	PC_12_2.5h	13323.4641		
UL31	L	2h	2	PC_12	PC_12_2h	10673.782522		
UL31	L	4h	4	PC_12	PC_12_4h	12949.206988		
UL31	L	6h	6	PC_12	PC_12_6h	15164.436863		
UL31	L	8h	8	PC_12	PC_12_8h	30838.552986		
UL31	L	12h	12	PK_15	PK_15_12h	0		
UL31	L	1h	1	PK_15	PK_15_1h	0		
UL31	L	2h	2	PK_15	PK_15_2h	7603.186098		
UL31	L	4h	4	PK_15	PK_15_4h	26589.266867		
UL31	L	6h	6	PK_15	PK_15_6h	0		
UL31	L	8h	8	PK_15	PK_15_8h	0		
UL32	L	12h	12	C6	C6_12h	538.502962		
UL32	L	1h	1	C6	C6_1h	0		
UL32	L	2h	2	C6	C6_2h	0		
UL32	L	4h	4	C6	C6_4h	525.486075		
UL32	L	6h	6	C6	C6_6h	0		
UL32	L	8h	8	C6	C6_8h	322.841001		
UL32	L	1h	1	NRK	NRK_1h	0		
UL32	L	2h	2	NRK	NRK_2h	0		
UL32	L	0.5h	0.5	PC_12	PC_12_0.5h	0		
UL32	L	1.5h	1.5	PC_12	PC_12_1.5h	0		
UL32	L	12h	12	PC_12	PC_12_12h	163.814698		
UL32	L	1h	1	PC_12	PC_12_1h	0		
UL32	L	2.5h	2.5	PC_12	PC_12_2.5h	0		
UL32	L	2h	2	PC_12	PC_12_2h	0		
UL32	L	4h	4	PC_12	PC_12_4h	501.907249		
UL32	L	6h	6	PC_12	PC_12_6h	0		
UL32	L	8h	8	PC_12	PC_12_8h	383.484596		
UL32	L	12h	12	PK_15	PK_15_12h	260.869565		
UL32	L	1h	1	PK_15	PK_15_1h	0		
UL32	L	2h	2	PK_15	PK_15_2h	0		
UL32	L	4h	4	PK_15	PK_15_4h	121.782902		
UL32	L	6h	6	PK_15	PK_15_6h	225.808273		
UL32	L	8h	8	PK_15	PK_15_8h	377.194636		
UL33	E	12h	12	C6	C6_12h	20.980635		
UL33	E	1h	1	C6	C6_1h	0		
UL33	E	2h	2	C6	C6_2h	0		
UL33	E	4h	4	C6	C6_4h	0		
UL33	E	6h	6	C6	C6_6h	172.488141		
UL33	E	8h	8	C6	C6_8h	64.5682		
UL33	E	1h	1	NRK	NRK_1h	0		
UL33	E	2h	2	NRK	NRK_2h	0		
UL33	E	0.5h	0.5	PC_12	PC_12_0.5h	0		
UL33	E	1.5h	1.5	PC_12	PC_12_1.5h	0		
UL33	E	12h	12	PC_12	PC_12_12h	0		
UL33	E	1h	1	PC_12	PC_12_1h	0		
UL33	E	2.5h	2.5	PC_12	PC_12_2.5h	0		
UL33	E	2h	2	PC_12	PC_12_2h	0		
UL33	E	4h	4	PC_12	PC_12_4h	200.7629		
UL33	E	6h	6	PC_12	PC_12_6h	53.302062		
UL33	E	8h	8	PC_12	PC_12_8h	63.914099		
UL33	E	12h	12	PK_15	PK_15_12h	0		
UL33	E	1h	1	PK_15	PK_15_1h	0		
UL33	E	2h	2	PK_15	PK_15_2h	0		
UL33	E	4h	4	PK_15	PK_15_4h	0		
UL33	E	6h	6	PK_15	PK_15_6h	16.129162		
UL33	E	8h	8	PK_15	PK_15_8h	0		
UL34	E	12h	12	C6	C6_12h	0		
UL34	E	1h	1	C6	C6_1h	12326.656394		
UL34	E	2h	2	C6	C6_2h	4956.629492		
UL34	E	4h	4	C6	C6_4h	17866.526538		
UL34	E	6h	6	C6	C6_6h	0		
UL34	E	8h	8	C6	C6_8h	0		
UL34	E	1h	1	NRK	NRK_1h	10101.010101		
UL34	E	2h	2	NRK	NRK_2h	22653.721683		
UL34	E	0.5h	0.5	PC_12	PC_12_0.5h	0		
UL34	E	1.5h	1.5	PC_12	PC_12_1.5h	13274.336283		
UL34	E	12h	12	PC_12	PC_12_12h	0		
UL34	E	1h	1	PC_12	PC_12_1h	6681.514477		
UL34	E	2.5h	2.5	PC_12	PC_12_2.5h	16284.233901		
UL34	E	2h	2	PC_12	PC_12_2h	22681.787859		
UL34	E	4h	4	PC_12	PC_12_4h	0		
UL34	E	6h	6	PC_12	PC_12_6h	0		
UL34	E	8h	8	PC_12	PC_12_8h	0		
UL34	E	12h	12	PK_15	PK_15_12h	0		
UL34	E	1h	1	PK_15	PK_15_1h	0		
UL34	E	2h	2	PK_15	PK_15_2h	0		
UL34	E	4h	4	PK_15	PK_15_4h	0		
UL34	E	6h	6	PK_15	PK_15_6h	0		
UL34	E	8h	8	PK_15	PK_15_8h	0		
UL35	L	12h	12	C6	C6_12h	75712.117715		
UL35	L	1h	1	C6	C6_1h	1540.832049		
UL35	L	2h	2	C6	C6_2h	2478.314746		
UL35	L	4h	4	C6	C6_4h	15239.096165		
UL35	L	6h	6	C6	C6_6h	21388.52954		
UL35	L	8h	8	C6	C6_8h	46618.240517		
UL35	L	1h	1	NRK	NRK_1h	0		
UL35	L	2h	2	NRK	NRK_2h	3236.245955		
UL35	L	0.5h	0.5	PC_12	PC_12_0.5h	0		
UL35	L	1.5h	1.5	PC_12	PC_12_1.5h	2212.389381		
UL35	L	12h	12	PC_12	PC_12_12h	95128.56041		
UL35	L	1h	1	PC_12	PC_12_1h	0		
UL35	L	2.5h	2.5	PC_12	PC_12_2.5h	11843.0792		
UL35	L	2h	2	PC_12	PC_12_2h	6004.002669		
UL35	L	4h	4	PC_12	PC_12_4h	20678.578599		
UL35	L	6h	6	PC_12	PC_12_6h	36378.657854		
UL35	L	8h	8	PC_12	PC_12_8h	65959.350633		
UL35	L	12h	12	PK_15	PK_15_12h	80899.313501		
UL35	L	1h	1	PK_15	PK_15_1h	0		
UL35	L	2h	2	PK_15	PK_15_2h	18826.937003		
UL35	L	4h	4	PK_15	PK_15_4h	25290.24925		
UL35	L	6h	6	PK_15	PK_15_6h	48387.486995		
UL35	L	8h	8	PK_15	PK_15_8h	60930.091796		
UL36	L	12h	12	C6	C6_12h	748.309311		
UL36	L	1h	1	C6	C6_1h	0		
UL36	L	2h	2	C6	C6_2h	0		
UL36	L	4h	4	C6	C6_4h	525.486075		
UL36	L	6h	6	C6	C6_6h	86.244071		
UL36	L	8h	8	C6	C6_8h	322.841001		
UL36	L	1h	1	NRK	NRK_1h	0		
UL36	L	2h	2	NRK	NRK_2h	0		
UL36	L	0.5h	0.5	PC_12	PC_12_0.5h	0		
UL36	L	1.5h	1.5	PC_12	PC_12_1.5h	0		
UL36	L	12h	12	PC_12	PC_12_12h	750.817367		
UL36	L	1h	1	PC_12	PC_12_1h	0		
UL36	L	2.5h	2.5	PC_12	PC_12_2.5h	0		
UL36	L	2h	2	PC_12	PC_12_2h	0		
UL36	L	4h	4	PC_12	PC_12_4h	401.525799		
UL36	L	6h	6	PC_12	PC_12_6h	133.255157		
UL36	L	8h	8	PC_12	PC_12_8h	575.226895		
UL36	L	12h	12	PK_15	PK_15_12h	405.034325		
UL36	L	1h	1	PK_15	PK_15_1h	0		
UL36	L	2h	2	PK_15	PK_15_2h	0		
UL36	L	4h	4	PK_15	PK_15_4h	40.594301		
UL36	L	6h	6	PK_15	PK_15_6h	129.033299		
UL36	L	8h	8	PK_15	PK_15_8h	543.862035		
UL37	L	12h	12	C6	C6_12h	2706.5019		
UL37	L	1h	1	C6	C6_1h	0		
UL37	L	2h	2	C6	C6_2h	0		
UL37	L	4h	4	C6	C6_4h	1050.972149		
UL37	L	6h	6	C6	C6_6h	1466.149202		
UL37	L	8h	8	C6	C6_8h	0		
UL37	L	1h	1	NRK	NRK_1h	0		
UL37	L	2h	2	NRK	NRK_2h	3236.245955		
UL37	L	0.5h	0.5	PC_12	PC_12_0.5h	0		
UL37	L	1.5h	1.5	PC_12	PC_12_1.5h	0		
UL37	L	12h	12	PC_12	PC_12_12h	914.632065		
UL37	L	1h	1	PC_12	PC_12_1h	2227.171492		
UL37	L	2.5h	2.5	PC_12	PC_12_2.5h	0		
UL37	L	2h	2	PC_12	PC_12_2h	667.111408		
UL37	L	4h	4	PC_12	PC_12_4h	501.90725		
UL37	L	6h	6	PC_12	PC_12_6h	1145.99435		
UL37	L	8h	8	PC_12	PC_12_8h	926.754442		
UL37	L	12h	12	PK_15	PK_15_12h	695.652174		
UL37	L	1h	1	PK_15	PK_15_1h	0		
UL37	L	2h	2	PK_15	PK_15_2h	0		
UL37	L	4h	4	PK_15	PK_15_4h	568.320208		
UL37	L	6h	6	PK_15	PK_15_6h	830.651859		
UL37	L	8h	8	PK_15	PK_15_8h	1166.671784		
UL38	E	12h	12	C6	C6_12h	11238.626748		
UL38	E	1h	1	C6	C6_1h	10785.824346		
UL38	E	2h	2	C6	C6_2h	6195.786865		
UL38	E	4h	4	C6	C6_4h	11035.207567		
UL38	E	6h	6	C6	C6_6h	12764.122467		
UL38	E	8h	8	C6	C6_8h	11848.264729		
UL38	E	1h	1	NRK	NRK_1h	0		
UL38	E	2h	2	NRK	NRK_2h	19417.475728		
UL38	E	0.5h	0.5	PC_12	PC_12_0.5h	0		
UL38	E	1.5h	1.5	PC_12	PC_12_1.5h	2212.389381		
UL38	E	12h	12	PC_12	PC_12_12h	9822.056283		
UL38	E	1h	1	PC_12	PC_12_1h	6681.514476		
UL38	E	2.5h	2.5	PC_12	PC_12_2.5h	7401.9245		
UL38	E	2h	2	PC_12	PC_12_2h	4669.779853		
UL38	E	4h	4	PC_12	PC_12_4h	10740.815098		
UL38	E	6h	6	PC_12	PC_12_6h	12259.474442		
UL38	E	8h	8	PC_12	PC_12_8h	10130.384763		
UL38	E	12h	12	PK_15	PK_15_12h	16272.311212		
UL38	E	1h	1	PK_15	PK_15_1h	0		
UL38	E	2h	2	PK_15	PK_15_2h	9413.468501		
UL38	E	4h	4	PK_15	PK_15_4h	18592.189656		
UL38	E	6h	6	PK_15	PK_15_6h	18113.049299		
UL38	E	8h	8	PK_15	PK_15_8h	13666.726608		
UL39	E	12h	12	C6	C6_12h	349.677248		
UL39	E	1h	1	C6	C6_1h	6163.328197		
UL39	E	2h	2	C6	C6_2h	1239.157373		
UL39	E	4h	4	C6	C6_4h	0		
UL39	E	6h	6	C6	C6_6h	1811.125485		
UL39	E	8h	8	C6	C6_8h	0		
UL39	E	1h	1	NRK	NRK_1h	10101.010101		
UL39	E	2h	2	NRK	NRK_2h	9708.737864		
UL39	E	0.5h	0.5	PC_12	PC_12_0.5h	0		
UL39	E	1.5h	1.5	PC_12	PC_12_1.5h	0		
UL39	E	12h	12	PC_12	PC_12_12h	116.035412		
UL39	E	1h	1	PC_12	PC_12_1h	0		
UL39	E	2.5h	2.5	PC_12	PC_12_2.5h	1480.3849		
UL39	E	2h	2	PC_12	PC_12_2h	3335.557039		
UL39	E	4h	4	PC_12	PC_12_4h	0		
UL39	E	6h	6	PC_12	PC_12_6h	346.463408		
UL39	E	8h	8	PC_12	PC_12_8h	383.484596		
UL39	E	12h	12	PK_15	PK_15_12h	80.091534		
UL39	E	1h	1	PK_15	PK_15_1h	0		
UL39	E	2h	2	PK_15	PK_15_2h	1086.169443		
UL39	E	4h	4	PK_15	PK_15_4h	40.594301		
UL39	E	6h	6	PK_15	PK_15_6h	153.227041		
UL39	E	8h	8	PK_15	PK_15_8h	241.229128		
UL40	E	12h	12	C6	C6_12h	18833.616573		
UL40	E	1h	1	C6	C6_1h	46224.961479		
UL40	E	2h	2	C6	C6_2h	42131.350682		
UL40	E	4h	4	C6	C6_4h	24697.845508		
UL40	E	6h	6	C6	C6_6h	19146.183699		
UL40	E	8h	8	C6	C6_8h	42001.614204		
UL40	E	1h	1	NRK	NRK_1h	70707.070707		
UL40	E	2h	2	NRK	NRK_2h	84142.394822		
UL40	E	0.5h	0.5	PC_12	PC_12_0.5h	64516.129032		
UL40	E	1.5h	1.5	PC_12	PC_12_1.5h	61946.902655		
UL40	E	12h	12	PC_12	PC_12_12h	10975.584784		
UL40	E	1h	1	PC_12	PC_12_1h	46770.601336		
UL40	E	2.5h	2.5	PC_12	PC_12_2.5h	59955.588453		
UL40	E	2h	2	PC_12	PC_12_2h	38025.350234		
UL40	E	4h	4	PC_12	PC_12_4h	0		
UL40	E	6h	6	PC_12	PC_12_6h	13245.562603		
UL40	E	8h	8	PC_12	PC_12_8h	23967.787294		
UL40	E	12h	12	PK_15	PK_15_12h	3256.292907		
UL40	E	1h	1	PK_15	PK_15_1h	14619.883041		
UL40	E	2h	2	PK_15	PK_15_2h	38015.930485		
UL40	E	4h	4	PK_15	PK_15_4h	48185.434764		
UL40	E	6h	6	PK_15	PK_15_6h	19548.544745		
UL40	E	8h	8	PK_15	PK_15_8h	16837.793148		
UL41	L	12h	12	C6	C6_12h	2748.463168		
UL41	L	1h	1	C6	C6_1h	16949.152542		
UL41	L	2h	2	C6	C6_2h	9913.258984		
UL41	L	4h	4	C6	C6_4h	4729.374672		
UL41	L	6h	6	C6	C6_6h	5605.864597		
UL41	L	8h	8	C6	C6_8h	6521.388216		
UL41	L	1h	1	NRK	NRK_1h	0		
UL41	L	2h	2	NRK	NRK_2h	3236.245955		
UL41	L	0.5h	0.5	PC_12	PC_12_0.5h	0		
UL41	L	1.5h	1.5	PC_12	PC_12_1.5h	11061.946903		
UL41	L	12h	12	PC_12	PC_12_12h	2197.847202		
UL41	L	1h	1	PC_12	PC_12_1h	22271.714922		
UL41	L	2.5h	2.5	PC_12	PC_12_2.5h	8142.11695		
UL41	L	2h	2	PC_12	PC_12_2h	4669.779853		
UL41	L	4h	4	PC_12	PC_12_4h	4416.783778		
UL41	L	6h	6	PC_12	PC_12_6h	3677.842333		
UL41	L	8h	8	PC_12	PC_12_8h	4569.858111		
UL41	L	12h	12	PK_15	PK_15_12h	2661.327231		
UL41	L	1h	1	PK_15	PK_15_1h	8771.929824		
UL41	L	2h	2	PK_15	PK_15_2h	5792.903693		
UL41	L	4h	4	PK_15	PK_15_4h	5358.447675		
UL41	L	6h	6	PK_15	PK_15_6h	6193.598335		
UL41	L	8h	8	PK_15	PK_15_8h	5557.041917		
UL42	L	12h	12	C6	C6_12h	7280.280301		
UL42	L	1h	1	C6	C6_1h	0		
UL42	L	2h	2	C6	C6_2h	6195.786865		
UL42	L	4h	4	C6	C6_4h	9458.749343		
UL42	L	6h	6	C6	C6_6h	8883.139286		
UL42	L	8h	8	C6	C6_8h	6521.388216		
UL42	L	1h	1	NRK	NRK_1h	10101.010101		
UL42	L	2h	2	NRK	NRK_2h	16181.229774		
UL42	L	0.5h	0.5	PC_12	PC_12_0.5h	0		
UL42	L	1.5h	1.5	PC_12	PC_12_1.5h	22123.893806		
UL42	L	12h	12	PC_12	PC_12_12h	4259.182155		
UL42	L	1h	1	PC_12	PC_12_1h	2227.171492		
UL42	L	2.5h	2.5	PC_12	PC_12_2.5h	20725.3886		
UL42	L	2h	2	PC_12	PC_12_2h	8672.448301		
UL42	L	4h	4	PC_12	PC_12_4h	7930.134512		
UL42	L	6h	6	PC_12	PC_12_6h	8181.866638		
UL42	L	8h	8	PC_12	PC_12_8h	5752.26895		
UL42	L	12h	12	PK_15	PK_15_12h	6631.578947		
UL42	L	1h	1	PK_15	PK_15_1h	0		
UL42	L	2h	2	PK_15	PK_15_2h	6879.073136		
UL42	L	4h	4	PK_15	PK_15_4h	10067.386541		
UL42	L	6h	6	PK_15	PK_15_6h	7548.44797		
UL42	L	8h	8	PK_15	PK_15_8h	7504.418879		
UL43	L	12h	12	C6	C6_12h	4238.088245		
UL43	L	1h	1	C6	C6_1h	18489.984592		
UL43	L	2h	2	C6	C6_2h	4956.629492		
UL43	L	4h	4	C6	C6_4h	8933.263269		
UL43	L	6h	6	C6	C6_6h	10694.264771		
UL43	L	8h	8	C6	C6_8h	7877.320419		
UL43	L	1h	1	NRK	NRK_1h	30303.030303		
UL43	L	2h	2	NRK	NRK_2h	25889.967638		
UL43	L	0.5h	0.5	PC_12	PC_12_0.5h	32258.064516		
UL43	L	1.5h	1.5	PC_12	PC_12_1.5h	33185.840708		
UL43	L	12h	12	PC_12	PC_12_12h	3146.607329		
UL43	L	1h	1	PC_12	PC_12_1h	13363.028953		
UL43	L	2.5h	2.5	PC_12	PC_12_2.5h	17024.426351		
UL43	L	2h	2	PC_12	PC_12_2h	12008.005337		
UL43	L	4h	4	PC_12	PC_12_4h	5520.979723		
UL43	L	6h	6	PC_12	PC_12_6h	6689.408879		
UL43	L	8h	8	PC_12	PC_12_8h	9491.243769		
UL43	L	12h	12	PK_15	PK_15_12h	4176.201373		
UL43	L	1h	1	PK_15	PK_15_1h	2923.976608		
UL43	L	2h	2	PK_15	PK_15_2h	17016.654599		
UL43	L	4h	4	PK_15	PK_15_4h	10473.329545		
UL43	L	6h	6	PK_15	PK_15_6h	8217.808206		
UL43	L	8h	8	PK_15	PK_15_8h	9802.674574		
UL44	L	12h	12	C6	C6_12h	6916.615965		
UL44	L	1h	1	C6	C6_1h	0		
UL44	L	2h	2	C6	C6_2h	0		
UL44	L	4h	4	C6	C6_4h	5254.860747		
UL44	L	6h	6	C6	C6_6h	5260.888314		
UL44	L	8h	8	C6	C6_8h	2841.000807		
UL44	L	1h	1	NRK	NRK_1h	0		
UL44	L	2h	2	NRK	NRK_2h	0		
UL44	L	0.5h	0.5	PC_12	PC_12_0.5h	0		
UL44	L	1.5h	1.5	PC_12	PC_12_1.5h	0		
UL44	L	12h	12	PC_12	PC_12_12h	5556.048517		
UL44	L	1h	1	PC_12	PC_12_1h	2227.171492		
UL44	L	2.5h	2.5	PC_12	PC_12_2.5h	1480.3849		
UL44	L	2h	2	PC_12	PC_12_2h	0		
UL44	L	4h	4	PC_12	PC_12_4h	2208.391892		
UL44	L	6h	6	PC_12	PC_12_6h	4797.18565		
UL44	L	8h	8	PC_12	PC_12_8h	5752.268951		
UL44	L	12h	12	PK_15	PK_15_12h	18185.354691		
UL44	L	1h	1	PK_15	PK_15_1h	0		
UL44	L	2h	2	PK_15	PK_15_2h	5430.847212		
UL44	L	4h	4	PK_15	PK_15_4h	1014.857514		
UL44	L	6h	6	PK_15	PK_15_6h	2806.474245		
UL44	L	8h	8	PK_15	PK_15_8h	7197.399989		
UL26.5	L	12h	12	C6	C6_12h	70362.05582		
UL26.5	L	1h	1	C6	C6_1h	67796.610169		
UL26.5	L	2h	2	C6	C6_2h	69392.812887		
UL26.5	L	4h	4	C6	C6_4h	42038.885969		
UL26.5	L	6h	6	C6	C6_6h	38896.075895		
UL26.5	L	8h	8	C6	C6_8h	43228.410006		
UL26.5	L	1h	1	NRK	NRK_1h	30303.030303		
UL26.5	L	2h	2	NRK	NRK_2h	32362.459547		
UL26.5	L	0.5h	0.5	PC_12	PC_12_0.5h	161290.32258		
UL26.5	L	1.5h	1.5	PC_12	PC_12_1.5h	30973.451329		
UL26.5	L	12h	12	PC_12	PC_12_12h	28626.618524		
UL26.5	L	1h	1	PC_12	PC_12_1h	22271.714922		
UL26.5	L	2.5h	2.5	PC_12	PC_12_2.5h	34789.045151		
UL26.5	L	2h	2	PC_12	PC_12_2h	38025.350235		
UL26.5	L	4h	4	PC_12	PC_12_4h	23991.166434		
UL26.5	L	6h	6	PC_12	PC_12_6h	26624.380365		
UL26.5	L	8h	8	PC_12	PC_12_8h	28729.387703		
UL26.5	L	12h	12	PK_15	PK_15_12h	40439.359267		
UL26.5	L	1h	1	PK_15	PK_15_1h	5847.953216		
UL26.5	L	2h	2	PK_15	PK_15_2h	30774.800868		
UL26.5	L	4h	4	PK_15	PK_15_4h	28578.387595		
UL26.5	L	6h	6	PK_15	PK_15_6h	27467.963449		
UL26.5	L	8h	8	PK_15	PK_15_8h	34693.13462		
UL26	L	12h	12	C6	C6_12h	7832.770353		
UL26	L	1h	1	C6	C6_1h	1540.832049		
UL26	L	2h	2	C6	C6_2h	2478.314746		
UL26	L	4h	4	C6	C6_4h	4729.374672		
UL26	L	6h	6	C6	C6_6h	4743.42389		
UL26	L	8h	8	C6	C6_8h	3131.557708		
UL26	L	1h	1	NRK	NRK_1h	0		
UL26	L	2h	2	NRK	NRK_2h	0		
UL26	L	0.5h	0.5	PC_12	PC_12_0.5h	0		
UL26	L	1.5h	1.5	PC_12	PC_12_1.5h	0		
UL26	L	12h	12	PC_12	PC_12_12h	3242.165904		
UL26	L	1h	1	PC_12	PC_12_1h	2227.171492		
UL26	L	2.5h	2.5	PC_12	PC_12_2.5h	740.19245		
UL26	L	2h	2	PC_12	PC_12_2h	2001.334223		
UL26	L	4h	4	PC_12	PC_12_4h	5420.598274		
UL26	L	6h	6	PC_12	PC_12_6h	4983.742869		
UL26	L	8h	8	PC_12	PC_12_8h	3898.760067		
UL26	L	12h	12	PK_15	PK_15_12h	4691.075514		
UL26	L	1h	1	PK_15	PK_15_1h	0		
UL26	L	2h	2	PK_15	PK_15_2h	1448.225923		
UL26	L	4h	4	PK_15	PK_15_4h	2354.469434		
UL26	L	6h	6	PK_15	PK_15_6h	2677.440948		
UL26	L	8h	8	PK_15	PK_15_8h	4039.491401		
UL25	L	12h	12	C6	C6_12h	1426.683171		
UL25	L	1h	1	C6	C6_1h	0		
UL25	L	2h	2	C6	C6_2h	0		
UL25	L	4h	4	C6	C6_4h	1050.97215		
UL25	L	6h	6	C6	C6_6h	1466.149202		
UL25	L	8h	8	C6	C6_8h	613.397901		
UL25	L	1h	1	NRK	NRK_1h	0		
UL25	L	2h	2	NRK	NRK_2h	0		
UL25	L	0.5h	0.5	PC_12	PC_12_0.5h	0		
UL25	L	1.5h	1.5	PC_12	PC_12_1.5h	0		
UL25	L	12h	12	PC_12	PC_12_12h	580.177057		
UL25	L	1h	1	PC_12	PC_12_1h	0		
UL25	L	2.5h	2.5	PC_12	PC_12_2.5h	0		
UL25	L	2h	2	PC_12	PC_12_2h	0		
UL25	L	4h	4	PC_12	PC_12_4h	401.525799		
UL25	L	6h	6	PC_12	PC_12_6h	373.11444		
UL25	L	8h	8	PC_12	PC_12_8h	798.926243		
UL25	L	12h	12	PK_15	PK_15_12h	475.972541		
UL25	L	1h	1	PK_15	PK_15_1h	0		
UL25	L	2h	2	PK_15	PK_15_2h	362.056481		
UL25	L	4h	4	PK_15	PK_15_4h	81.188602		
UL25	L	6h	6	PK_15	PK_15_6h	508.068613		
UL25	L	8h	8	PK_15	PK_15_8h	745.617306		
UL24	L	12h	12	C6	C6_12h	1195.896189		
UL24	L	1h	1	C6	C6_1h	0		
UL24	L	2h	2	C6	C6_2h	0		
UL24	L	4h	4	C6	C6_4h	525.486075		
UL24	L	6h	6	C6	C6_6h	344.976283		
UL24	L	8h	8	C6	C6_8h	0		
UL24	L	1h	1	NRK	NRK_1h	0		
UL24	L	2h	2	NRK	NRK_2h	0		
UL24	L	0.5h	0.5	PC_12	PC_12_0.5h	0		
UL24	L	1.5h	1.5	PC_12	PC_12_1.5h	0		
UL24	L	12h	12	PC_12	PC_12_12h	723.514917		
UL24	L	1h	1	PC_12	PC_12_1h	0		
UL24	L	2.5h	2.5	PC_12	PC_12_2.5h	0		
UL24	L	2h	2	PC_12	PC_12_2h	0		
UL24	L	4h	4	PC_12	PC_12_4h	401.525799		
UL24	L	6h	6	PC_12	PC_12_6h	453.067534		
UL24	L	8h	8	PC_12	PC_12_8h	479.355747		
UL24	L	12h	12	PK_15	PK_15_12h	279.176201		
UL24	L	1h	1	PK_15	PK_15_1h	0		
UL24	L	2h	2	PK_15	PK_15_2h	0		
UL24	L	4h	4	PK_15	PK_15_4h	771.291711		
UL24	L	6h	6	PK_15	PK_15_6h	717.747724		
UL24	L	8h	8	PK_15	PK_15_8h	675.441559		
UL23	L	12h	12	C6	C6_12h	3552.72084		
UL23	L	1h	1	C6	C6_1h	29275.808936		
UL23	L	2h	2	C6	C6_2h	76827.757126		
UL23	L	4h	4	C6	C6_4h	12611.665791		
UL23	L	6h	6	C6	C6_6h	0		
UL23	L	8h	8	C6	C6_8h	8490.718321		
UL23	L	1h	1	NRK	NRK_1h	60606.060606		
UL23	L	2h	2	NRK	NRK_2h	38834.951457		
UL23	L	0.5h	0.5	PC_12	PC_12_0.5h	0		
UL23	L	1.5h	1.5	PC_12	PC_12_1.5h	53097.345133		
UL23	L	12h	12	PC_12	PC_12_12h	1965.776379		
UL23	L	1h	1	PC_12	PC_12_1h	26726.057906		
UL23	L	2.5h	2.5	PC_12	PC_12_2.5h	25906.735751		
UL23	L	2h	2	PC_12	PC_12_2h	22681.787858		
UL23	L	4h	4	PC_12	PC_12_4h	0		
UL23	L	6h	6	PC_12	PC_12_6h	0		
UL23	L	8h	8	PC_12	PC_12_8h	5848.140099		
UL23	L	12h	12	PK_15	PK_15_12h	1210.526316		
UL23	L	1h	1	PK_15	PK_15_1h	5847.953216		
UL23	L	2h	2	PK_15	PK_15_2h	14844.315713		
UL23	L	4h	4	PK_15	PK_15_4h	15791.182918		
UL23	L	6h	6	PK_15	PK_15_6h	0		
UL23	L	8h	8	PK_15	PK_15_8h	4627.213276		
UL22	L	12h	12	C6	C6_12h	1580.541161		
UL22	L	1h	1	C6	C6_1h	0		
UL22	L	2h	2	C6	C6_2h	2478.314746		
UL22	L	4h	4	C6	C6_4h	2101.944299		
UL22	L	6h	6	C6	C6_6h	2069.857698		
UL22	L	8h	8	C6	C6_8h	1097.659401		
UL22	L	1h	1	NRK	NRK_1h	0		
UL22	L	2h	2	NRK	NRK_2h	0		
UL22	L	0.5h	0.5	PC_12	PC_12_0.5h	0		
UL22	L	1.5h	1.5	PC_12	PC_12_1.5h	0		
UL22	L	12h	12	PC_12	PC_12_12h	1276.389525		
UL22	L	1h	1	PC_12	PC_12_1h	2227.171492		
UL22	L	2.5h	2.5	PC_12	PC_12_2.5h	0		
UL22	L	2h	2	PC_12	PC_12_2h	2001.334223		
UL22	L	4h	4	PC_12	PC_12_4h	2208.391891		
UL22	L	6h	6	PC_12	PC_12_6h	1492.457758		
UL22	L	8h	8	PC_12	PC_12_8h	1757.637736		
UL22	L	12h	12	PK_15	PK_15_12h	917.620138		
UL22	L	1h	1	PK_15	PK_15_1h	0		
UL22	L	2h	2	PK_15	PK_15_2h	2896.451847		
UL22	L	4h	4	PK_15	PK_15_4h	690.103109		
UL22	L	6h	6	PK_15	PK_15_6h	1088.718458		
UL22	L	8h	8	PK_15	PK_15_8h	1521.936501		
CTO-S	L	12h	12	C6	C6_12h	62480.330655		
CTO-S	L	1h	1	C6	C6_1h	13867.488443		
CTO-S	L	2h	2	C6	C6_2h	53283.767039		
CTO-S	L	4h	4	C6	C6_4h	85654.230164		
CTO-S	L	6h	6	C6	C6_6h	150754.635619		
CTO-S	L	8h	8	C6	C6_8h	177594.834542		
CTO-S	L	1h	1	NRK	NRK_1h	20202.020202		
CTO-S	L	2h	2	NRK	NRK_2h	12944.983819		
CTO-S	L	0.5h	0.5	PC_12	PC_12_0.5h	0		
CTO-S	L	1.5h	1.5	PC_12	PC_12_1.5h	22123.893806		
CTO-S	L	12h	12	PC_12	PC_12_12h	313684.670358		
CTO-S	L	1h	1	PC_12	PC_12_1h	22271.714922		
CTO-S	L	2.5h	2.5	PC_12	PC_12_2.5h	70318.282753		
CTO-S	L	2h	2	PC_12	PC_12_2h	29352.901934		
CTO-S	L	4h	4	PC_12	PC_12_4h	147861.875126		
CTO-S	L	6h	6	PC_12	PC_12_6h	176163.317521		
CTO-S	L	8h	8	PC_12	PC_12_8h	219481.017512		
CTO-S	L	12h	12	PK_15	PK_15_12h	347922.196798		
CTO-S	L	1h	1	PK_15	PK_15_1h	0		
CTO-S	L	2h	2	PK_15	PK_15_2h	167270.094136		
CTO-S	L	4h	4	PK_15	PK_15_4h	152472.192903		
CTO-S	L	6h	6	PK_15	PK_15_6h	268679.586124		
CTO-S	L	8h	8	PK_15	PK_15_8h	235856.297615		
CTO-M	L	12h	12	C6	C6_12h	293.728888		
CTO-M	L	1h	1	C6	C6_1h	0		
CTO-M	L	2h	2	C6	C6_2h	0		
CTO-M	L	4h	4	C6	C6_4h	525.486075		
CTO-M	L	6h	6	C6	C6_6h	258.732212		
CTO-M	L	8h	8	C6	C6_8h	387.4092		
CTO-M	L	1h	1	NRK	NRK_1h	0		
CTO-M	L	2h	2	NRK	NRK_2h	0		
CTO-M	L	0.5h	0.5	PC_12	PC_12_0.5h	0		
CTO-M	L	1.5h	1.5	PC_12	PC_12_1.5h	0		
CTO-M	L	12h	12	PC_12	PC_12_12h	655.258793		
CTO-M	L	1h	1	PC_12	PC_12_1h	0		
CTO-M	L	2.5h	2.5	PC_12	PC_12_2.5h	0		
CTO-M	L	2h	2	PC_12	PC_12_2h	0		
CTO-M	L	4h	4	PC_12	PC_12_4h	100.38145		
CTO-M	L	6h	6	PC_12	PC_12_6h	26.651031		
CTO-M	L	8h	8	PC_12	PC_12_8h	0		
CTO-M	L	12h	12	PK_15	PK_15_12h	551.487414		
CTO-M	L	1h	1	PK_15	PK_15_1h	0		
CTO-M	L	2h	2	PK_15	PK_15_2h	0		
CTO-M	L	4h	4	PK_15	PK_15_4h	0		
CTO-M	L	6h	6	PK_15	PK_15_6h	0		
CTO-M	L	8h	8	PK_15	PK_15_8h	337.72078		
CTO-L	unknown	12h	12	C6	C6_12h	2909.314703		
CTO-L	unknown	1h	1	C6	C6_1h	6163.328197		
CTO-L	unknown	2h	2	C6	C6_2h	0		
CTO-L	unknown	4h	4	C6	C6_4h	4729.374672		
CTO-L	unknown	6h	6	C6	C6_6h	3708.49504		
CTO-L	unknown	8h	8	C6	C6_8h	2421.307505		
CTO-L	unknown	1h	1	NRK	NRK_1h	0		
CTO-L	unknown	2h	2	NRK	NRK_2h	0		
CTO-L	unknown	0.5h	0.5	PC_12	PC_12_0.5h	0		
CTO-L	unknown	1.5h	1.5	PC_12	PC_12_1.5h	2212.389381		
CTO-L	unknown	12h	12	PC_12	PC_12_12h	1897.520255		
CTO-L	unknown	1h	1	PC_12	PC_12_1h	4454.342984		
CTO-L	unknown	2.5h	2.5	PC_12	PC_12_2.5h	2220.57735		
CTO-L	unknown	2h	2	PC_12	PC_12_2h	4669.779853		
CTO-L	unknown	4h	4	PC_12	PC_12_4h	0		
CTO-L	unknown	6h	6	PC_12	PC_12_6h	26.651031		
CTO-L	unknown	8h	8	PC_12	PC_12_8h	2236.993481		
CTO-L	unknown	12h	12	PK_15	PK_15_12h	1313.501144		
CTO-L	unknown	1h	1	PK_15	PK_15_1h	0		
CTO-L	unknown	2h	2	PK_15	PK_15_2h	1810.282404		
CTO-L	unknown	4h	4	PK_15	PK_15_4h	0		
CTO-L	unknown	6h	6	PK_15	PK_15_6h	16.129162		
CTO-L	unknown	8h	8	PK_15	PK_15_8h	1618.42815		
UL21	L	12h	12	C6	C6_12h	0		
UL21	L	1h	1	C6	C6_1h	0		
UL21	L	2h	2	C6	C6_2h	2478.314746		
UL21	L	4h	4	C6	C6_4h	0		
UL21	L	6h	6	C6	C6_6h	0		
UL21	L	8h	8	C6	C6_8h	0		
UL21	L	1h	1	NRK	NRK_1h	0		
UL21	L	2h	2	NRK	NRK_2h	0		
UL21	L	0.5h	0.5	PC_12	PC_12_0.5h	0		
UL21	L	1.5h	1.5	PC_12	PC_12_1.5h	0		
UL21	L	12h	12	PC_12	PC_12_12h	0		
UL21	L	1h	1	PC_12	PC_12_1h	0		
UL21	L	2.5h	2.5	PC_12	PC_12_2.5h	0		
UL21	L	2h	2	PC_12	PC_12_2h	0		
UL21	L	4h	4	PC_12	PC_12_4h	3212.206386		
UL21	L	6h	6	PC_12	PC_12_6h	3011.566548		
UL21	L	8h	8	PC_12	PC_12_8h	0		
UL21	L	12h	12	PK_15	PK_15_12h	0		
UL21	L	1h	1	PK_15	PK_15_1h	0		
UL21	L	2h	2	PK_15	PK_15_2h	0		
UL21	L	4h	4	PK_15	PK_15_4h	1299.017618		
UL21	L	6h	6	PK_15	PK_15_6h	1943.564061		
UL21	L	8h	8	PK_15	PK_15_8h	0		
UL20	L	12h	12	C6	C6_12h	412.619153		
UL20	L	1h	1	C6	C6_1h	0		
UL20	L	2h	2	C6	C6_2h	2478.314746		
UL20	L	4h	4	C6	C6_4h	525.486075		
UL20	L	6h	6	C6	C6_6h	258.732213		
UL20	L	8h	8	C6	C6_8h	64.5682		
UL20	L	1h	1	NRK	NRK_1h	0		
UL20	L	2h	2	NRK	NRK_2h	3236.245955		
UL20	L	0.5h	0.5	PC_12	PC_12_0.5h	0		
UL20	L	1.5h	1.5	PC_12	PC_12_1.5h	0		
UL20	L	12h	12	PC_12	PC_12_12h	348.106234		
UL20	L	1h	1	PC_12	PC_12_1h	2227.171492		
UL20	L	2.5h	2.5	PC_12	PC_12_2.5h	0		
UL20	L	2h	2	PC_12	PC_12_2h	2001.334223		
UL20	L	4h	4	PC_12	PC_12_4h	100.38145		
UL20	L	6h	6	PC_12	PC_12_6h	293.161345		
UL20	L	8h	8	PC_12	PC_12_8h	575.226896		
UL20	L	12h	12	PK_15	PK_15_12h	260.869566		
UL20	L	1h	1	PK_15	PK_15_1h	0		
UL20	L	2h	2	PK_15	PK_15_2h	724.112962		
UL20	L	4h	4	PK_15	PK_15_4h	649.50881		
UL20	L	6h	6	PK_15	PK_15_6h	540.326938		
UL20	L	8h	8	PK_15	PK_15_8h	578.949907		
UL19	L	12h	12	C6	C6_12h	4916.462105		
UL19	L	1h	1	C6	C6_1h	0		
UL19	L	2h	2	C6	C6_2h	3717.472119		
UL19	L	4h	4	C6	C6_4h	2101.944298		
UL19	L	6h	6	C6	C6_6h	3708.495042		
UL19	L	8h	8	C6	C6_8h	1840.193705		
UL19	L	1h	1	NRK	NRK_1h	10101.010101		
UL19	L	2h	2	NRK	NRK_2h	3236.245955		
UL19	L	0.5h	0.5	PC_12	PC_12_0.5h	0		
UL19	L	1.5h	1.5	PC_12	PC_12_1.5h	0		
UL19	L	12h	12	PC_12	PC_12_12h	2784.84987		
UL19	L	1h	1	PC_12	PC_12_1h	0		
UL19	L	2.5h	2.5	PC_12	PC_12_2.5h	0		
UL19	L	2h	2	PC_12	PC_12_2h	2001.334223		
UL19	L	4h	4	PC_12	PC_12_4h	2308.77334		
UL19	L	6h	6	PC_12	PC_12_6h	2291.9887		
UL19	L	8h	8	PC_12	PC_12_8h	3227.662022		
UL19	L	12h	12	PK_15	PK_15_12h	4659.038902		
UL19	L	1h	1	PK_15	PK_15_1h	2923.976608		
UL19	L	2h	2	PK_15	PK_15_2h	2172.338885		
UL19	L	4h	4	PK_15	PK_15_4h	1420.800521		
UL19	L	6h	6	PK_15	PK_15_6h	1951.628642		
UL19	L	8h	8	PK_15	PK_15_8h	4109.667148		
UL18	L	12h	12	C6	C6_12h	53906.244537		
UL18	L	1h	1	C6	C6_1h	24653.312788		
UL18	L	2h	2	C6	C6_2h	39653.035936		
UL18	L	4h	4	C6	C6_4h	35733.053074		
UL18	L	6h	6	C6	C6_6h	30530.401035		
UL18	L	8h	8	C6	C6_8h	35351.089588		
UL18	L	1h	1	NRK	NRK_1h	20202.020202		
UL18	L	2h	2	NRK	NRK_2h	16181.229773		
UL18	L	0.5h	0.5	PC_12	PC_12_0.5h	32258.064516		
UL18	L	1.5h	1.5	PC_12	PC_12_1.5h	24336.283186		
UL18	L	12h	12	PC_12	PC_12_12h	34872.053894		
UL18	L	1h	1	PC_12	PC_12_1h	15590.200446		
UL18	L	2.5h	2.5	PC_12	PC_12_2.5h	22945.965951		
UL18	L	2h	2	PC_12	PC_12_2h	22014.676451		
UL18	L	4h	4	PC_12	PC_12_4h	32925.115439		
UL18	L	6h	6	PC_12	PC_12_6h	34646.340814		
UL18	L	8h	8	PC_12	PC_12_8h	25821.296178		
UL18	L	12h	12	PK_15	PK_15_12h	36659.038902		
UL18	L	1h	1	PK_15	PK_15_1h	0		
UL18	L	2h	2	PK_15	PK_15_2h	14844.315714		
UL18	L	4h	4	PK_15	PK_15_4h	25696.192254		
UL18	L	6h	6	PK_15	PK_15_6h	26395.374157		
UL18	L	8h	8	PK_15	PK_15_8h	26026.429941		
UL15	L	12h	12	C6	C6_12h	377.651428		
UL15	L	1h	1	C6	C6_1h	0		
UL15	L	2h	2	C6	C6_2h	0		
UL15	L	4h	4	C6	C6_4h	525.486075		
UL15	L	6h	6	C6	C6_6h	172.488141		
UL15	L	8h	8	C6	C6_8h	0		
UL15	L	1h	1	NRK	NRK_1h	0		
UL15	L	2h	2	NRK	NRK_2h	0		
UL15	L	0.5h	0.5	PC_12	PC_12_0.5h	0		
UL15	L	1.5h	1.5	PC_12	PC_12_1.5h	2212.389381		
UL15	L	12h	12	PC_12	PC_12_12h	122.861024		
UL15	L	1h	1	PC_12	PC_12_1h	0		
UL15	L	2.5h	2.5	PC_12	PC_12_2.5h	0		
UL15	L	2h	2	PC_12	PC_12_2h	0		
UL15	L	4h	4	PC_12	PC_12_4h	501.907248		
UL15	L	6h	6	PC_12	PC_12_6h	373.114439		
UL15	L	8h	8	PC_12	PC_12_8h	319.570498		
UL15	L	12h	12	PK_15	PK_15_12h	75.514874		
UL15	L	1h	1	PK_15	PK_15_1h	0		
UL15	L	2h	2	PK_15	PK_15_2h	362.056481		
UL15	L	4h	4	PK_15	PK_15_4h	365.348706		
UL15	L	6h	6	PK_15	PK_15_6h	161.291624		
UL15	L	8h	8	PK_15	PK_15_8h	368.422668		
UL17	L	12h	12	C6	C6_12h	1042.038199		
UL17	L	1h	1	C6	C6_1h	0		
UL17	L	2h	2	C6	C6_2h	0		
UL17	L	4h	4	C6	C6_4h	1050.972149		
UL17	L	6h	6	C6	C6_6h	517.464425		
UL17	L	8h	8	C6	C6_8h	548.829701		
UL17	L	1h	1	NRK	NRK_1h	0		
UL17	L	2h	2	NRK	NRK_2h	0		
UL17	L	0.5h	0.5	PC_12	PC_12_0.5h	0		
UL17	L	1.5h	1.5	PC_12	PC_12_1.5h	0		
UL17	L	12h	12	PC_12	PC_12_12h	491.444095		
UL17	L	1h	1	PC_12	PC_12_1h	0		
UL17	L	2.5h	2.5	PC_12	PC_12_2.5h	0		
UL17	L	2h	2	PC_12	PC_12_2h	0		
UL17	L	4h	4	PC_12	PC_12_4h	401.525799		
UL17	L	6h	6	PC_12	PC_12_6h	612.973722		
UL17	L	8h	8	PC_12	PC_12_8h	543.269846		
UL17	L	12h	12	PK_15	PK_15_12h	411.899313		
UL17	L	1h	1	PK_15	PK_15_1h	0		
UL17	L	2h	2	PK_15	PK_15_2h	0		
UL17	L	4h	4	PK_15	PK_15_4h	243.565804		
UL17	L	6h	6	PK_15	PK_15_6h	459.681127		
UL17	L	8h	8	PK_15	PK_15_8h	605.265813		
UL16	L	12h	12	C6	C6_12h	0		
UL16	L	1h	1	C6	C6_1h	0		
UL16	L	2h	2	C6	C6_2h	0		
UL16	L	4h	4	C6	C6_4h	0		
UL16	L	6h	6	C6	C6_6h	0		
UL16	L	8h	8	C6	C6_8h	32.2841		
UL16	L	1h	1	NRK	NRK_1h	0		
UL16	L	2h	2	NRK	NRK_2h	0		
UL16	L	0.5h	0.5	PC_12	PC_12_0.5h	0		
UL16	L	1.5h	1.5	PC_12	PC_12_1.5h	0		
UL16	L	12h	12	PC_12	PC_12_12h	0		
UL16	L	1h	1	PC_12	PC_12_1h	0		
UL16	L	2.5h	2.5	PC_12	PC_12_2.5h	0		
UL16	L	2h	2	PC_12	PC_12_2h	0		
UL16	L	4h	4	PC_12	PC_12_4h	100.38145		
UL16	L	6h	6	PC_12	PC_12_6h	0		
UL16	L	8h	8	PC_12	PC_12_8h	191.742299		
UL16	L	12h	12	PK_15	PK_15_12h	0		
UL16	L	1h	1	PK_15	PK_15_1h	0		
UL16	L	2h	2	PK_15	PK_15_2h	0		
UL16	L	4h	4	PK_15	PK_15_4h	162.377204		
UL16	L	6h	6	PK_15	PK_15_6h	40.322905		
UL16	L	8h	8	PK_15	PK_15_8h	0		
UL14	L	12h	12	C6	C6_12h	0		
UL14	L	1h	1	C6	C6_1h	6163.328197		
UL14	L	2h	2	C6	C6_2h	0		
UL14	L	4h	4	C6	C6_4h	0		
UL14	L	6h	6	C6	C6_6h	1897.369557		
UL14	L	8h	8	C6	C6_8h	1259.079903		
UL14	L	1h	1	NRK	NRK_1h	0		
UL14	L	2h	2	NRK	NRK_2h	0		
UL14	L	0.5h	0.5	PC_12	PC_12_0.5h	0		
UL14	L	1.5h	1.5	PC_12	PC_12_1.5h	0		
UL14	L	12h	12	PC_12	PC_12_12h	389.059908		
UL14	L	1h	1	PC_12	PC_12_1h	0		
UL14	L	2.5h	2.5	PC_12	PC_12_2.5h	0		
UL14	L	2h	2	PC_12	PC_12_2h	3335.557038		
UL14	L	4h	4	PC_12	PC_12_4h	0		
UL14	L	6h	6	PC_12	PC_12_6h	799.530942		
UL14	L	8h	8	PC_12	PC_12_8h	447.398696		
UL14	L	12h	12	PK_15	PK_15_12h	183.066362		
UL14	L	1h	1	PK_15	PK_15_1h	0		
UL14	L	2h	2	PK_15	PK_15_2h	724.112962		
UL14	L	4h	4	PK_15	PK_15_4h	974.263214		
UL14	L	6h	6	PK_15	PK_15_6h	814.522697		
UL14	L	8h	8	PK_15	PK_15_8h	644.73967		
UL13	L	12h	12	C6	C6_12h	0		
UL13	L	1h	1	C6	C6_1h	0		
UL13	L	2h	2	C6	C6_2h	0		
UL13	L	4h	4	C6	C6_4h	0		
UL13	L	6h	6	C6	C6_6h	0		
UL13	L	8h	8	C6	C6_8h	0		
UL13	L	1h	1	NRK	NRK_1h	0		
UL13	L	2h	2	NRK	NRK_2h	0		
UL13	L	0.5h	0.5	PC_12	PC_12_0.5h	0		
UL13	L	1.5h	1.5	PC_12	PC_12_1.5h	0		
UL13	L	12h	12	PC_12	PC_12_12h	0		
UL13	L	1h	1	PC_12	PC_12_1h	0		
UL13	L	2.5h	2.5	PC_12	PC_12_2.5h	0		
UL13	L	2h	2	PC_12	PC_12_2h	0		
UL13	L	4h	4	PC_12	PC_12_4h	0		
UL13	L	6h	6	PC_12	PC_12_6h	0		
UL13	L	8h	8	PC_12	PC_12_8h	31.95705		
UL13	L	12h	12	PK_15	PK_15_12h	0		
UL13	L	1h	1	PK_15	PK_15_1h	0		
UL13	L	2h	2	PK_15	PK_15_2h	0		
UL13	L	4h	4	PK_15	PK_15_4h	0		
UL13	L	6h	6	PK_15	PK_15_6h	0		
UL13	L	8h	8	PK_15	PK_15_8h	0		
UL12	L	12h	12	C6	C6_12h	0		
UL12	L	1h	1	C6	C6_1h	0		
UL12	L	2h	2	C6	C6_2h	0		
UL12	L	4h	4	C6	C6_4h	0		
UL12	L	6h	6	C6	C6_6h	0		
UL12	L	8h	8	C6	C6_8h	64.5682		
UL12	L	1h	1	NRK	NRK_1h	0		
UL12	L	2h	2	NRK	NRK_2h	0		
UL12	L	0.5h	0.5	PC_12	PC_12_0.5h	0		
UL12	L	1.5h	1.5	PC_12	PC_12_1.5h	0		
UL12	L	12h	12	PC_12	PC_12_12h	0		
UL12	L	1h	1	PC_12	PC_12_1h	0		
UL12	L	2.5h	2.5	PC_12	PC_12_2.5h	0		
UL12	L	2h	2	PC_12	PC_12_2h	0		
UL12	L	4h	4	PC_12	PC_12_4h	0		
UL12	L	6h	6	PC_12	PC_12_6h	0		
UL12	L	8h	8	PC_12	PC_12_8h	63.9141		
UL12	L	12h	12	PK_15	PK_15_12h	0		
UL12	L	1h	1	PK_15	PK_15_1h	0		
UL12	L	2h	2	PK_15	PK_15_2h	0		
UL12	L	4h	4	PK_15	PK_15_4h	40.594301		
UL12	L	6h	6	PK_15	PK_15_6h	0		
UL12	L	8h	8	PK_15	PK_15_8h	13.157952		
UL11	L	12h	12	C6	C6_12h	0		
UL11	L	1h	1	C6	C6_1h	1540.832049		
UL11	L	2h	2	C6	C6_2h	0		
UL11	L	4h	4	C6	C6_4h	0		
UL11	L	6h	6	C6	C6_6h	0		
UL11	L	8h	8	C6	C6_8h	0		
UL11	L	1h	1	NRK	NRK_1h	0		
UL11	L	2h	2	NRK	NRK_2h	0		
UL11	L	0.5h	0.5	PC_12	PC_12_0.5h	0		
UL11	L	1.5h	1.5	PC_12	PC_12_1.5h	2212.389381		
UL11	L	12h	12	PC_12	PC_12_12h	0		
UL11	L	1h	1	PC_12	PC_12_1h	2227.171492		
UL11	L	2.5h	2.5	PC_12	PC_12_2.5h	0		
UL11	L	2h	2	PC_12	PC_12_2h	667.111408		
UL11	L	4h	4	PC_12	PC_12_4h	0		
UL11	L	6h	6	PC_12	PC_12_6h	0		
UL11	L	8h	8	PC_12	PC_12_8h	0		
UL11	L	12h	12	PK_15	PK_15_12h	0		
UL11	L	1h	1	PK_15	PK_15_1h	0		
UL11	L	2h	2	PK_15	PK_15_2h	0		
UL11	L	4h	4	PK_15	PK_15_4h	0		
UL11	L	6h	6	PK_15	PK_15_6h	0		
UL11	L	8h	8	PK_15	PK_15_8h	0		
UL10	L	12h	12	C6	C6_12h	0		
UL10	L	1h	1	C6	C6_1h	1540.832049		
UL10	L	2h	2	C6	C6_2h	0		
UL10	L	4h	4	C6	C6_4h	0		
UL10	L	6h	6	C6	C6_6h	172.488142		
UL10	L	8h	8	C6	C6_8h	32.2841		
UL10	L	1h	1	NRK	NRK_1h	0		
UL10	L	2h	2	NRK	NRK_2h	0		
UL10	L	0.5h	0.5	PC_12	PC_12_0.5h	0		
UL10	L	1.5h	1.5	PC_12	PC_12_1.5h	0		
UL10	L	12h	12	PC_12	PC_12_12h	0		
UL10	L	1h	1	PC_12	PC_12_1h	0		
UL10	L	2.5h	2.5	PC_12	PC_12_2.5h	0		
UL10	L	2h	2	PC_12	PC_12_2h	667.111408		
UL10	L	4h	4	PC_12	PC_12_4h	100.38145		
UL10	L	6h	6	PC_12	PC_12_6h	26.651031		
UL10	L	8h	8	PC_12	PC_12_8h	63.914099		
UL10	L	12h	12	PK_15	PK_15_12h	0		
UL10	L	1h	1	PK_15	PK_15_1h	0		
UL10	L	2h	2	PK_15	PK_15_2h	0		
UL10	L	4h	4	PK_15	PK_15_4h	40.594301		
UL10	L	6h	6	PK_15	PK_15_6h	0		
UL10	L	8h	8	PK_15	PK_15_8h	0		
UL9	L	12h	12	C6	C6_12h	90.916084		
UL9	L	1h	1	C6	C6_1h	0		
UL9	L	2h	2	C6	C6_2h	0		
UL9	L	4h	4	C6	C6_4h	0		
UL9	L	6h	6	C6	C6_6h	172.488142		
UL9	L	8h	8	C6	C6_8h	96.8523		
UL9	L	1h	1	NRK	NRK_1h	0		
UL9	L	2h	2	NRK	NRK_2h	0		
UL9	L	0.5h	0.5	PC_12	PC_12_0.5h	0		
UL9	L	1.5h	1.5	PC_12	PC_12_1.5h	0		
UL9	L	12h	12	PC_12	PC_12_12h	0		
UL9	L	1h	1	PC_12	PC_12_1h	0		
UL9	L	2.5h	2.5	PC_12	PC_12_2.5h	0		
UL9	L	2h	2	PC_12	PC_12_2h	0		
UL9	L	4h	4	PC_12	PC_12_4h	0		
UL9	L	6h	6	PC_12	PC_12_6h	26.651031		
UL9	L	8h	8	PC_12	PC_12_8h	63.9141		
UL9	L	12h	12	PK_15	PK_15_12h	11.441648		
UL9	L	1h	1	PK_15	PK_15_1h	0		
UL9	L	2h	2	PK_15	PK_15_2h	0		
UL9	L	4h	4	PK_15	PK_15_4h	0		
UL9	L	6h	6	PK_15	PK_15_6h	16.129162		
UL9	L	8h	8	PK_15	PK_15_8h	17.543937		
UL8	E	12h	12	C6	C6_12h	0		
UL8	E	1h	1	C6	C6_1h	0		
UL8	E	2h	2	C6	C6_2h	0		
UL8	E	4h	4	C6	C6_4h	0		
UL8	E	6h	6	C6	C6_6h	0		
UL8	E	8h	8	C6	C6_8h	0		
UL8	E	1h	1	NRK	NRK_1h	0		
UL8	E	2h	2	NRK	NRK_2h	0		
UL8	E	0.5h	0.5	PC_12	PC_12_0.5h	0		
UL8	E	1.5h	1.5	PC_12	PC_12_1.5h	0		
UL8	E	12h	12	PC_12	PC_12_12h	0		
UL8	E	1h	1	PC_12	PC_12_1h	0		
UL8	E	2.5h	2.5	PC_12	PC_12_2.5h	0		
UL8	E	2h	2	PC_12	PC_12_2h	0		
UL8	E	4h	4	PC_12	PC_12_4h	0		
UL8	E	6h	6	PC_12	PC_12_6h	0		
UL8	E	8h	8	PC_12	PC_12_8h	31.95705		
UL8	E	12h	12	PK_15	PK_15_12h	0		
UL8	E	1h	1	PK_15	PK_15_1h	0		
UL8	E	2h	2	PK_15	PK_15_2h	0		
UL8	E	4h	4	PK_15	PK_15_4h	0		
UL8	E	6h	6	PK_15	PK_15_6h	0		
UL8	E	8h	8	PK_15	PK_15_8h	0		
UL7	E	12h	12	C6	C6_12h	2335.844016		
UL7	E	1h	1	C6	C6_1h	4622.496148		
UL7	E	2h	2	C6	C6_2h	2478.314746		
UL7	E	4h	4	C6	C6_4h	4203.888597		
UL7	E	6h	6	C6	C6_6h	2501.078051		
UL7	E	8h	8	C6	C6_8h	2195.318805		
UL7	E	1h	1	NRK	NRK_1h	0		
UL7	E	2h	2	NRK	NRK_2h	3236.245955		
UL7	E	0.5h	0.5	PC_12	PC_12_0.5h	0		
UL7	E	1.5h	1.5	PC_12	PC_12_1.5h	0		
UL7	E	12h	12	PC_12	PC_12_12h	1726.879944		
UL7	E	1h	1	PC_12	PC_12_1h	0		
UL7	E	2.5h	2.5	PC_12	PC_12_2.5h	2220.57735		
UL7	E	2h	2	PC_12	PC_12_2h	2668.445631		
UL7	E	4h	4	PC_12	PC_12_4h	3312.587834		
UL7	E	6h	6	PC_12	PC_12_6h	2345.290763		
UL7	E	8h	8	PC_12	PC_12_8h	1981.337084		
UL7	E	12h	12	PK_15	PK_15_12h	958.810068		
UL7	E	1h	1	PK_15	PK_15_1h	0		
UL7	E	2h	2	PK_15	PK_15_2h	724.112962		
UL7	E	4h	4	PK_15	PK_15_4h	2476.252335		
UL7	E	6h	6	PK_15	PK_15_6h	991.943483		
UL7	E	8h	8	PK_15	PK_15_8h	1504.392561		
UL6	L	12h	12	C6	C6_12h	867.199574		
UL6	L	1h	1	C6	C6_1h	0		
UL6	L	2h	2	C6	C6_2h	0		
UL6	L	4h	4	C6	C6_4h	525.486075		
UL6	L	6h	6	C6	C6_6h	344.976283		
UL6	L	8h	8	C6	C6_8h	677.966102		
UL6	L	1h	1	NRK	NRK_1h	0		
UL6	L	2h	2	NRK	NRK_2h	0		
UL6	L	0.5h	0.5	PC_12	PC_12_0.5h	0		
UL6	L	1.5h	1.5	PC_12	PC_12_1.5h	0		
UL6	L	12h	12	PC_12	PC_12_12h	177.465923		
UL6	L	1h	1	PC_12	PC_12_1h	2227.171492		
UL6	L	2.5h	2.5	PC_12	PC_12_2.5h	0		
UL6	L	2h	2	PC_12	PC_12_2h	667.111408		
UL6	L	4h	4	PC_12	PC_12_4h	0		
UL6	L	6h	6	PC_12	PC_12_6h	293.161345		
UL6	L	8h	8	PC_12	PC_12_8h	287.613447		
UL6	L	12h	12	PK_15	PK_15_12h	189.93135		
UL6	L	1h	1	PK_15	PK_15_1h	0		
UL6	L	2h	2	PK_15	PK_15_2h	0		
UL6	L	4h	4	PK_15	PK_15_4h	243.565804		
UL6	L	6h	6	PK_15	PK_15_6h	209.67911		
UL6	L	8h	8	PK_15	PK_15_8h	377.194637		
UL5	E	12h	12	C6	C6_12h	48.954815		
UL5	E	1h	1	C6	C6_1h	3081.664099		
UL5	E	2h	2	C6	C6_2h	0		
UL5	E	4h	4	C6	C6_4h	525.486075		
UL5	E	6h	6	C6	C6_6h	431.220353		
UL5	E	8h	8	C6	C6_8h	0		
UL5	E	1h	1	NRK	NRK_1h	0		
UL5	E	2h	2	NRK	NRK_2h	0		
UL5	E	0.5h	0.5	PC_12	PC_12_0.5h	0		
UL5	E	1.5h	1.5	PC_12	PC_12_1.5h	0		
UL5	E	12h	12	PC_12	PC_12_12h	34.128062		
UL5	E	1h	1	PC_12	PC_12_1h	0		
UL5	E	2.5h	2.5	PC_12	PC_12_2.5h	740.19245		
UL5	E	2h	2	PC_12	PC_12_2h	667.111408		
UL5	E	4h	4	PC_12	PC_12_4h	100.38145		
UL5	E	6h	6	PC_12	PC_12_6h	159.906188		
UL5	E	8h	8	PC_12	PC_12_8h	95.871149		
UL5	E	12h	12	PK_15	PK_15_12h	32.036614		
UL5	E	1h	1	PK_15	PK_15_1h	2923.976608		
UL5	E	2h	2	PK_15	PK_15_2h	0		
UL5	E	4h	4	PK_15	PK_15_4h	40.594301		
UL5	E	6h	6	PK_15	PK_15_6h	64.516649		
UL5	E	8h	8	PK_15	PK_15_8h	135.965508		
UL4	L	12h	12	C6	C6_12h	1888.257139		
UL4	L	1h	1	C6	C6_1h	0		
UL4	L	2h	2	C6	C6_2h	6195.786865		
UL4	L	4h	4	C6	C6_4h	0		
UL4	L	6h	6	C6	C6_6h	1811.125485		
UL4	L	8h	8	C6	C6_8h	2615.012106		
UL4	L	1h	1	NRK	NRK_1h	0		
UL4	L	2h	2	NRK	NRK_2h	3236.245955		
UL4	L	0.5h	0.5	PC_12	PC_12_0.5h	0		
UL4	L	1.5h	1.5	PC_12	PC_12_1.5h	0		
UL4	L	12h	12	PC_12	PC_12_12h	1303.691975		
UL4	L	1h	1	PC_12	PC_12_1h	0		
UL4	L	2.5h	2.5	PC_12	PC_12_2.5h	3700.96225		
UL4	L	2h	2	PC_12	PC_12_2h	667.111408		
UL4	L	4h	4	PC_12	PC_12_4h	0		
UL4	L	6h	6	PC_12	PC_12_6h	1545.759821		
UL4	L	8h	8	PC_12	PC_12_8h	1597.852486		
UL4	L	12h	12	PK_15	PK_15_12h	1045.76659		
UL4	L	1h	1	PK_15	PK_15_1h	0		
UL4	L	2h	2	PK_15	PK_15_2h	724.112962		
UL4	L	4h	4	PK_15	PK_15_4h	2070.309329		
UL4	L	6h	6	PK_15	PK_15_6h	1411.301704		
UL4	L	8h	8	PK_15	PK_15_8h	1144.741863		
UL3.5	L	12h	12	C6	C6_12h	111.896719		
UL3.5	L	1h	1	C6	C6_1h	0		
UL3.5	L	2h	2	C6	C6_2h	0		
UL3.5	L	4h	4	C6	C6_4h	0		
UL3.5	L	6h	6	C6	C6_6h	172.488141		
UL3.5	L	8h	8	C6	C6_8h	161.4205		
UL3.5	L	1h	1	NRK	NRK_1h	0		
UL3.5	L	2h	2	NRK	NRK_2h	0		
UL3.5	L	0.5h	0.5	PC_12	PC_12_0.5h	0		
UL3.5	L	1.5h	1.5	PC_12	PC_12_1.5h	0		
UL3.5	L	12h	12	PC_12	PC_12_12h	54.604899		
UL3.5	L	1h	1	PC_12	PC_12_1h	0		
UL3.5	L	2.5h	2.5	PC_12	PC_12_2.5h	740.19245		
UL3.5	L	2h	2	PC_12	PC_12_2h	0		
UL3.5	L	4h	4	PC_12	PC_12_4h	0		
UL3.5	L	6h	6	PC_12	PC_12_6h	0		
UL3.5	L	8h	8	PC_12	PC_12_8h	63.914099		
UL3.5	L	12h	12	PK_15	PK_15_12h	0		
UL3.5	L	1h	1	PK_15	PK_15_1h	0		
UL3.5	L	2h	2	PK_15	PK_15_2h	0		
UL3.5	L	4h	4	PK_15	PK_15_4h	243.565805		
UL3.5	L	6h	6	PK_15	PK_15_6h	72.58123		
UL3.5	L	8h	8	PK_15	PK_15_8h	52.63181		
UL3	L	12h	12	C6	C6_12h	0		
UL3	L	1h	1	C6	C6_1h	0		
UL3	L	2h	2	C6	C6_2h	0		
UL3	L	4h	4	C6	C6_4h	0		
UL3	L	6h	6	C6	C6_6h	0		
UL3	L	8h	8	C6	C6_8h	0		
UL3	L	1h	1	NRK	NRK_1h	0		
UL3	L	2h	2	NRK	NRK_2h	0		
UL3	L	0.5h	0.5	PC_12	PC_12_0.5h	0		
UL3	L	1.5h	1.5	PC_12	PC_12_1.5h	0		
UL3	L	12h	12	PC_12	PC_12_12h	27.30245		
UL3	L	1h	1	PC_12	PC_12_1h	0		
UL3	L	2.5h	2.5	PC_12	PC_12_2.5h	0		
UL3	L	2h	2	PC_12	PC_12_2h	0		
UL3	L	4h	4	PC_12	PC_12_4h	0		
UL3	L	6h	6	PC_12	PC_12_6h	26.651031		
UL3	L	8h	8	PC_12	PC_12_8h	0		
UL3	L	12h	12	PK_15	PK_15_12h	20.594966		
UL3	L	1h	1	PK_15	PK_15_1h	0		
UL3	L	2h	2	PK_15	PK_15_2h	0		
UL3	L	4h	4	PK_15	PK_15_4h	81.188602		
UL3	L	6h	6	PK_15	PK_15_6h	0		
UL3	L	8h	8	PK_15	PK_15_8h	0		
UL2	E	12h	12	C6	C6_12h	2181.986028		
UL2	E	1h	1	C6	C6_1h	4622.496148		
UL2	E	2h	2	C6	C6_2h	0		
UL2	E	4h	4	C6	C6_4h	2627.430373		
UL2	E	6h	6	C6	C6_6h	2069.857698		
UL2	E	8h	8	C6	C6_8h	2227.602905		
UL2	E	1h	1	NRK	NRK_1h	0		
UL2	E	2h	2	NRK	NRK_2h	0		
UL2	E	0.5h	0.5	PC_12	PC_12_0.5h	0		
UL2	E	1.5h	1.5	PC_12	PC_12_1.5h	0		
UL2	E	12h	12	PC_12	PC_12_12h	273.024497		
UL2	E	1h	1	PC_12	PC_12_1h	2227.171492		
UL2	E	2.5h	2.5	PC_12	PC_12_2.5h	1480.3849		
UL2	E	2h	2	PC_12	PC_12_2h	1334.222815		
UL2	E	4h	4	PC_12	PC_12_4h	602.288698		
UL2	E	6h	6	PC_12	PC_12_6h	772.879911		
UL2	E	8h	8	PC_12	PC_12_8h	575.226896		
UL2	E	12h	12	PK_15	PK_15_12h	77.803203		
UL2	E	1h	1	PK_15	PK_15_1h	0		
UL2	E	2h	2	PK_15	PK_15_2h	724.112962		
UL2	E	4h	4	PK_15	PK_15_4h	974.263214		
UL2	E	6h	6	PK_15	PK_15_6h	548.391519		
UL2	E	8h	8	PK_15	PK_15_8h	535.090066		
UL1	L	12h	12	C6	C6_12h	2727.482534		
UL1	L	1h	1	C6	C6_1h	0		
UL1	L	2h	2	C6	C6_2h	3717.472119		
UL1	L	4h	4	C6	C6_4h	2627.430374		
UL1	L	6h	6	C6	C6_6h	2759.810263		
UL1	L	8h	8	C6	C6_8h	2292.171105		
UL1	L	1h	1	NRK	NRK_1h	0		
UL1	L	2h	2	NRK	NRK_2h	3236.245955		
UL1	L	0.5h	0.5	PC_12	PC_12_0.5h	0		
UL1	L	1.5h	1.5	PC_12	PC_12_1.5h	0		
UL1	L	12h	12	PC_12	PC_12_12h	2962.315795		
UL1	L	1h	1	PC_12	PC_12_1h	2227.171492		
UL1	L	2.5h	2.5	PC_12	PC_12_2.5h	2960.7698		
UL1	L	2h	2	PC_12	PC_12_2h	3335.557038		
UL1	L	4h	4	PC_12	PC_12_4h	4015.25798		
UL1	L	6h	6	PC_12	PC_12_6h	4717.232556		
UL1	L	8h	8	PC_12	PC_12_8h	2812.220376		
UL1	L	12h	12	PK_15	PK_15_12h	1375.286042		
UL1	L	1h	1	PK_15	PK_15_1h	2923.976608		
UL1	L	2h	2	PK_15	PK_15_2h	1448.225923		
UL1	L	4h	4	PK_15	PK_15_4h	2313.875133		
UL1	L	6h	6	PK_15	PK_15_6h	2233.888982		
UL1	L	8h	8	PK_15	PK_15_8h	2991.24119		
EP0	E	12h	12	C6	C6_12h	2902.321159		
EP0	E	1h	1	C6	C6_1h	0		
EP0	E	2h	2	C6	C6_2h	16109.045849		
EP0	E	4h	4	C6	C6_4h	0		
EP0	E	6h	6	C6	C6_6h	86.244071		
EP0	E	8h	8	C6	C6_8h	96.8523		
EP0	E	1h	1	NRK	NRK_1h	0		
EP0	E	2h	2	NRK	NRK_2h	0		
EP0	E	0.5h	0.5	PC_12	PC_12_0.5h	0		
EP0	E	1.5h	1.5	PC_12	PC_12_1.5h	0		
EP0	E	12h	12	PC_12	PC_12_12h	996.539416		
EP0	E	1h	1	PC_12	PC_12_1h	0		
EP0	E	2.5h	2.5	PC_12	PC_12_2.5h	0		
EP0	E	2h	2	PC_12	PC_12_2h	17344.896599		
EP0	E	4h	4	PC_12	PC_12_4h	3212.206384		
EP0	E	6h	6	PC_12	PC_12_6h	3171.472736		
EP0	E	8h	8	PC_12	PC_12_8h	2652.435126		
EP0	E	12h	12	PK_15	PK_15_12h	574.37071		
EP0	E	1h	1	PK_15	PK_15_1h	17543.859649		
EP0	E	2h	2	PK_15	PK_15_2h	0		
EP0	E	4h	4	PK_15	PK_15_4h	12300.07307		
EP0	E	6h	6	PK_15	PK_15_6h	4298.421759		
EP0	E	8h	8	PK_15	PK_15_8h	3298.260079		
ELIE	E	12h	12	C6	C6_12h	0		
ELIE	E	1h	1	C6	C6_1h	0		
ELIE	E	2h	2	C6	C6_2h	0		
ELIE	E	4h	4	C6	C6_4h	0		
ELIE	E	6h	6	C6	C6_6h	0		
ELIE	E	8h	8	C6	C6_8h	0		
ELIE	E	1h	1	NRK	NRK_1h	0		
ELIE	E	2h	2	NRK	NRK_2h	0		
ELIE	E	0.5h	0.5	PC_12	PC_12_0.5h	0		
ELIE	E	1.5h	1.5	PC_12	PC_12_1.5h	0		
ELIE	E	12h	12	PC_12	PC_12_12h	0		
ELIE	E	1h	1	PC_12	PC_12_1h	0		
ELIE	E	2.5h	2.5	PC_12	PC_12_2.5h	0		
ELIE	E	2h	2	PC_12	PC_12_2h	0		
ELIE	E	4h	4	PC_12	PC_12_4h	0		
ELIE	E	6h	6	PC_12	PC_12_6h	26.651031		
ELIE	E	8h	8	PC_12	PC_12_8h	0		
ELIE	E	12h	12	PK_15	PK_15_12h	0		
ELIE	E	1h	1	PK_15	PK_15_1h	0		
ELIE	E	2h	2	PK_15	PK_15_2h	0		
ELIE	E	4h	4	PK_15	PK_15_4h	0		
ELIE	E	6h	6	PK_15	PK_15_6h	0		
ELIE	E	8h	8	PK_15	PK_15_8h	0		
IE180	IE	12h	12	C6	C6_12h	1391.715448		
IE180	IE	1h	1	C6	C6_1h	0		
IE180	IE	2h	2	C6	C6_2h	1239.157373		
IE180	IE	4h	4	C6	C6_4h	0		
IE180	IE	6h	6	C6	C6_6h	689.952566		
IE180	IE	8h	8	C6	C6_8h	419.693301		
IE180	IE	1h	1	NRK	NRK_1h	0		
IE180	IE	2h	2	NRK	NRK_2h	3236.245955		
IE180	IE	0.5h	0.5	PC_12	PC_12_0.5h	0		
IE180	IE	1.5h	1.5	PC_12	PC_12_1.5h	0		
IE180	IE	12h	12	PC_12	PC_12_12h	518.746544		
IE180	IE	1h	1	PC_12	PC_12_1h	2227.171492		
IE180	IE	2.5h	2.5	PC_12	PC_12_2.5h	740.19245		
IE180	IE	2h	2	PC_12	PC_12_2h	2001.334224		
IE180	IE	4h	4	PC_12	PC_12_4h	702.670147		
IE180	IE	6h	6	PC_12	PC_12_6h	533.020628		
IE180	IE	8h	8	PC_12	PC_12_8h	735.012146		
IE180	IE	12h	12	PK_15	PK_15_12h	121.281465		
IE180	IE	1h	1	PK_15	PK_15_1h	2923.976608		
IE180	IE	2h	2	PK_15	PK_15_2h	0		
IE180	IE	4h	4	PK_15	PK_15_4h	3491.10985		
IE180	IE	6h	6	PK_15	PK_15_6h	1806.466181		
IE180	IE	8h	8	PK_15	PK_15_8h	1179.829737		
NOIR	E	12h	12	C6	C6_12h	755.302857		
NOIR	E	1h	1	C6	C6_1h	0		
NOIR	E	2h	2	C6	C6_2h	0		
NOIR	E	4h	4	C6	C6_4h	1050.97215		
NOIR	E	6h	6	C6	C6_6h	1034.928849		
NOIR	E	8h	8	C6	C6_8h	1355.932203		
NOIR	E	1h	1	NRK	NRK_1h	0		
NOIR	E	2h	2	NRK	NRK_2h	0		
NOIR	E	0.5h	0.5	PC_12	PC_12_0.5h	0		
NOIR	E	1.5h	1.5	PC_12	PC_12_1.5h	0		
NOIR	E	12h	12	PC_12	PC_12_12h	1208.133401		
NOIR	E	1h	1	PC_12	PC_12_1h	2227.171492		
NOIR	E	2.5h	2.5	PC_12	PC_12_2.5h	2220.57735		
NOIR	E	2h	2	PC_12	PC_12_2h	0		
NOIR	E	4h	4	PC_12	PC_12_4h	501.907249		
NOIR	E	6h	6	PC_12	PC_12_6h	799.530941		
NOIR	E	8h	8	PC_12	PC_12_8h	1661.766587		
NOIR	E	12h	12	PK_15	PK_15_12h	1009.153318		
NOIR	E	1h	1	PK_15	PK_15_1h	0		
NOIR	E	2h	2	PK_15	PK_15_2h	1810.282404		
NOIR	E	4h	4	PK_15	PK_15_4h	2354.469434		
NOIR	E	6h	6	PK_15	PK_15_6h	2467.761836		
NOIR	E	8h	8	PK_15	PK_15_8h	2535.098837		
US1	E	12h	12	C6	C6_12h	27.97418		
US1	E	1h	1	C6	C6_1h	0		
US1	E	2h	2	C6	C6_2h	0		
US1	E	4h	4	C6	C6_4h	0		
US1	E	6h	6	C6	C6_6h	86.244071		
US1	E	8h	8	C6	C6_8h	32.2841		
US1	E	1h	1	NRK	NRK_1h	0		
US1	E	2h	2	NRK	NRK_2h	3236.245955		
US1	E	0.5h	0.5	PC_12	PC_12_0.5h	0		
US1	E	1.5h	1.5	PC_12	PC_12_1.5h	0		
US1	E	12h	12	PC_12	PC_12_12h	20.476837		
US1	E	1h	1	PC_12	PC_12_1h	2227.171492		
US1	E	2.5h	2.5	PC_12	PC_12_2.5h	0		
US1	E	2h	2	PC_12	PC_12_2h	0		
US1	E	4h	4	PC_12	PC_12_4h	301.14435		
US1	E	6h	6	PC_12	PC_12_6h	0		
US1	E	8h	8	PC_12	PC_12_8h	31.95705		
US1	E	12h	12	PK_15	PK_15_12h	11.441648		
US1	E	1h	1	PK_15	PK_15_1h	0		
US1	E	2h	2	PK_15	PK_15_2h	362.056481		
US1	E	4h	4	PK_15	PK_15_4h	40.594301		
US1	E	6h	6	PK_15	PK_15_6h	48.387487		
US1	E	8h	8	PK_15	PK_15_8h	21.929921		
AZURE	E	12h	12	C6	C6_12h	0		
AZURE	E	1h	1	C6	C6_1h	0		
AZURE	E	2h	2	C6	C6_2h	0		
AZURE	E	4h	4	C6	C6_4h	0		
AZURE	E	6h	6	C6	C6_6h	86.244071		
AZURE	E	8h	8	C6	C6_8h	0		
AZURE	E	1h	1	NRK	NRK_1h	0		
AZURE	E	2h	2	NRK	NRK_2h	3236.245955		
AZURE	E	0.5h	0.5	PC_12	PC_12_0.5h	0		
AZURE	E	1.5h	1.5	PC_12	PC_12_1.5h	0		
AZURE	E	12h	12	PC_12	PC_12_12h	0		
AZURE	E	1h	1	PC_12	PC_12_1h	0		
AZURE	E	2.5h	2.5	PC_12	PC_12_2.5h	0		
AZURE	E	2h	2	PC_12	PC_12_2h	0		
AZURE	E	4h	4	PC_12	PC_12_4h	0		
AZURE	E	6h	6	PC_12	PC_12_6h	0		
AZURE	E	8h	8	PC_12	PC_12_8h	0		
AZURE	E	12h	12	PK_15	PK_15_12h	0		
AZURE	E	1h	1	PK_15	PK_15_1h	0		
AZURE	E	2h	2	PK_15	PK_15_2h	0		
AZURE	E	4h	4	PK_15	PK_15_4h	0		
AZURE	E	6h	6	PK_15	PK_15_6h	0		
AZURE	E	8h	8	PK_15	PK_15_8h	0		
US3	L	12h	12	C6	C6_12h	0		
US3	L	1h	1	C6	C6_1h	3081.664099		
US3	L	2h	2	C6	C6_2h	3717.472119		
US3	L	4h	4	C6	C6_4h	0		
US3	L	6h	6	C6	C6_6h	1121.17292		
US3	L	8h	8	C6	C6_8h	613.397901		
US3	L	1h	1	NRK	NRK_1h	10101.010101		
US3	L	2h	2	NRK	NRK_2h	3236.245955		
US3	L	0.5h	0.5	PC_12	PC_12_0.5h	0		
US3	L	1.5h	1.5	PC_12	PC_12_1.5h	11061.946903		
US3	L	12h	12	PC_12	PC_12_12h	0		
US3	L	1h	1	PC_12	PC_12_1h	8908.685969		
US3	L	2.5h	2.5	PC_12	PC_12_2.5h	740.19245		
US3	L	2h	2	PC_12	PC_12_2h	3335.557038		
US3	L	4h	4	PC_12	PC_12_4h	0		
US3	L	6h	6	PC_12	PC_12_6h	346.463408		
US3	L	8h	8	PC_12	PC_12_8h	1086.53969		
US3	L	12h	12	PK_15	PK_15_12h	0		
US3	L	1h	1	PK_15	PK_15_1h	2923.976608		
US3	L	2h	2	PK_15	PK_15_2h	6154.960174		
US3	L	4h	4	PK_15	PK_15_4h	852.480312		
US3	L	6h	6	PK_15	PK_15_6h	548.391519		
US3	L	8h	8	PK_15	PK_15_8h	912.284703		
US4	L	12h	12	C6	C6_12h	72334.235502		
US4	L	1h	1	C6	C6_1h	77041.602465		
US4	L	2h	2	C6	C6_2h	50805.452293		
US4	L	4h	4	C6	C6_4h	70940.620074		
US4	L	6h	6	C6	C6_6h	47779.215178		
US4	L	8h	8	C6	C6_8h	58660.209846		
US4	L	1h	1	NRK	NRK_1h	101010.10101		
US4	L	2h	2	NRK	NRK_2h	58252.427185		
US4	L	0.5h	0.5	PC_12	PC_12_0.5h	64516.129032		
US4	L	1.5h	1.5	PC_12	PC_12_1.5h	61946.902655		
US4	L	12h	12	PC_12	PC_12_12h	50134.123285		
US4	L	1h	1	PC_12	PC_12_1h	62360.801781		
US4	L	2.5h	2.5	PC_12	PC_12_2.5h	59215.396003		
US4	L	2h	2	PC_12	PC_12_2h	81387.591728		
US4	L	4h	4	PC_12	PC_12_4h	59425.818111		
US4	L	6h	6	PC_12	PC_12_6h	57539.576781		
US4	L	8h	8	PC_12	PC_12_8h	61101.879076		
US4	L	12h	12	PK_15	PK_15_12h	54279.176199		
US4	L	1h	1	PK_15	PK_15_1h	23391.812865		
US4	L	2h	2	PK_15	PK_15_2h	27878.349024		
US4	L	4h	4	PK_15	PK_15_4h	50458.715596		
US4	L	6h	6	PK_15	PK_15_6h	49589.10959		
US4	L	8h	8	PK_15	PK_15_8h	80465.265198		
US6	L	12h	12	C6	C6_12h	2251.921476		
US6	L	1h	1	C6	C6_1h	3081.664099		
US6	L	2h	2	C6	C6_2h	1239.157373		
US6	L	4h	4	C6	C6_4h	2101.944298		
US6	L	6h	6	C6	C6_6h	3536.0069		
US6	L	8h	8	C6	C6_8h	1323.648103		
US6	L	1h	1	NRK	NRK_1h	0		
US6	L	2h	2	NRK	NRK_2h	0		
US6	L	0.5h	0.5	PC_12	PC_12_0.5h	0		
US6	L	1.5h	1.5	PC_12	PC_12_1.5h	0		
US6	L	12h	12	PC_12	PC_12_12h	1017.016252		
US6	L	1h	1	PC_12	PC_12_1h	6681.514477		
US6	L	2.5h	2.5	PC_12	PC_12_2.5h	0		
US6	L	2h	2	PC_12	PC_12_2h	1334.222815		
US6	L	4h	4	PC_12	PC_12_4h	1104.195946		
US6	L	6h	6	PC_12	PC_12_6h	1892.223229		
US6	L	8h	8	PC_12	PC_12_8h	958.711491		
US6	L	12h	12	PK_15	PK_15_12h	1437.070939		
US6	L	1h	1	PK_15	PK_15_1h	0		
US6	L	2h	2	PK_15	PK_15_2h	1086.169442		
US6	L	4h	4	PK_15	PK_15_4h	730.697411		
US6	L	6h	6	PK_15	PK_15_6h	782.264373		
US6	L	8h	8	PK_15	PK_15_8h	1578.954294		
US7	L	12h	12	C6	C6_12h	9133.569715		
US7	L	1h	1	C6	C6_1h	16949.152543		
US7	L	2h	2	C6	C6_2h	4956.629492		
US7	L	4h	4	C6	C6_4h	10509.721493		
US7	L	6h	6	C6	C6_6h	13885.295387		
US7	L	8h	8	C6	C6_8h	9297.820823		
US7	L	1h	1	NRK	NRK_1h	10101.010101		
US7	L	2h	2	NRK	NRK_2h	12944.983819		
US7	L	0.5h	0.5	PC_12	PC_12_0.5h	0		
US7	L	1.5h	1.5	PC_12	PC_12_1.5h	4424.778761		
US7	L	12h	12	PC_12	PC_12_12h	7931.361642		
US7	L	1h	1	PC_12	PC_12_1h	8908.685968		
US7	L	2.5h	2.5	PC_12	PC_12_2.5h	7401.9245		
US7	L	2h	2	PC_12	PC_12_2h	10673.782522		
US7	L	4h	4	PC_12	PC_12_4h	13049.588436		
US7	L	6h	6	PC_12	PC_12_6h	15111.1348		
US7	L	8h	8	PC_12	PC_12_8h	9267.54442		
US7	L	12h	12	PK_15	PK_15_12h	9054.919908		
US7	L	1h	1	PK_15	PK_15_1h	5847.953216		
US7	L	2h	2	PK_15	PK_15_2h	3258.508327		
US7	L	4h	4	PK_15	PK_15_4h	13923.845094		
US7	L	6h	6	PK_15	PK_15_6h	11443.640674		
US7	L	8h	8	PK_15	PK_15_8h	14807.082488		
US8	L	12h	12	C6	C6_12h	6776.745064		
US8	L	1h	1	C6	C6_1h	10785.824345		
US8	L	2h	2	C6	C6_2h	1239.157373		
US8	L	4h	4	C6	C6_4h	12086.179717		
US8	L	6h	6	C6	C6_6h	8710.651141		
US8	L	8h	8	C6	C6_8h	5294.592412		
US8	L	1h	1	NRK	NRK_1h	10101.010101		
US8	L	2h	2	NRK	NRK_2h	19417.475729		
US8	L	0.5h	0.5	PC_12	PC_12_0.5h	0		
US8	L	1.5h	1.5	PC_12	PC_12_1.5h	4424.778762		
US8	L	12h	12	PC_12	PC_12_12h	3228.514679		
US8	L	1h	1	PC_12	PC_12_1h	11135.857461		
US8	L	2.5h	2.5	PC_12	PC_12_2.5h	2220.57735		
US8	L	2h	2	PC_12	PC_12_2h	14009.33956		
US8	L	4h	4	PC_12	PC_12_4h	4717.928128		
US8	L	6h	6	PC_12	PC_12_6h	4583.9774		
US8	L	8h	8	PC_12	PC_12_8h	4505.944011		
US8	L	12h	12	PK_15	PK_15_12h	2997.711671		
US8	L	1h	1	PK_15	PK_15_1h	8771.929824		
US8	L	2h	2	PK_15	PK_15_2h	6517.016655		
US8	L	4h	4	PK_15	PK_15_4h	5196.070471		
US8	L	6h	6	PK_15	PK_15_6h	4927.459093		
US8	L	8h	8	PK_15	PK_15_8h	7157.926131		
US9	L	12h	12	C6	C6_12h	7650.938184		
US9	L	1h	1	C6	C6_1h	1540.832049		
US9	L	2h	2	C6	C6_2h	1239.157373		
US9	L	4h	4	C6	C6_4h	9984.235418		
US9	L	6h	6	C6	C6_6h	6209.573092		
US9	L	8h	8	C6	C6_8h	5649.717514		
US9	L	1h	1	NRK	NRK_1h	10101.010101		
US9	L	2h	2	NRK	NRK_2h	9708.737864		
US9	L	0.5h	0.5	PC_12	PC_12_0.5h	0		
US9	L	1.5h	1.5	PC_12	PC_12_1.5h	8849.557522		
US9	L	12h	12	PC_12	PC_12_12h	7071.334475		
US9	L	1h	1	PC_12	PC_12_1h	2227.171492		
US9	L	2.5h	2.5	PC_12	PC_12_2.5h	7401.9245		
US9	L	2h	2	PC_12	PC_12_2h	2668.445631		
US9	L	4h	4	PC_12	PC_12_4h	2609.917688		
US9	L	6h	6	PC_12	PC_12_6h	4130.909866		
US9	L	8h	8	PC_12	PC_12_8h	6806.851591		
US9	L	12h	12	PK_15	PK_15_12h	11645.308925		
US9	L	1h	1	PK_15	PK_15_1h	0		
US9	L	2h	2	PK_15	PK_15_2h	6517.016656		
US9	L	4h	4	PK_15	PK_15_4h	4465.373062		
US9	L	6h	6	PK_15	PK_15_6h	6467.794094		
US9	L	8h	8	PK_15	PK_15_8h	9513.19962		
US2	L	12h	12	C6	C6_12h	33499.08035		
US2	L	1h	1	C6	C6_1h	55469.953774		
US2	L	2h	2	C6	C6_2h	0		
US2	L	4h	4	C6	C6_4h	32054.650553		
US2	L	6h	6	C6	C6_6h	26563.173781		
US2	L	8h	8	C6	C6_8h	37449.556094		
US2	L	1h	1	NRK	NRK_1h	70707.070707		
US2	L	2h	2	NRK	NRK_2h	45307.443366		
US2	L	0.5h	0.5	PC_12	PC_12_0.5h	96774.193548		
US2	L	1.5h	1.5	PC_12	PC_12_1.5h	46460.176991		
US2	L	12h	12	PC_12	PC_12_12h	0		
US2	L	1h	1	PC_12	PC_12_1h	66815.144766		
US2	L	2.5h	2.5	PC_12	PC_12_2.5h	45891.931902		
US2	L	2h	2	PC_12	PC_12_2h	44696.46431		
US2	L	4h	4	PC_12	PC_12_4h	17165.227866		
US2	L	6h	6	PC_12	PC_12_6h	16603.592559		
US2	L	8h	8	PC_12	PC_12_8h	0		
US2	L	12h	12	PK_15	PK_15_12h	9780.320367		
US2	L	1h	1	PK_15	PK_15_1h	8771.929824		
US2	L	2h	2	PK_15	PK_15_2h	36205.648081		
US2	L	4h	4	PK_15	PK_15_4h	33409.109361		
US2	L	6h	6	PK_15	PK_15_6h	13693.658818		
US2	L	8h	8	PK_15	PK_15_8h	13153.566464		
NOIR_2	E	12h	12	C6	C6_12h	762.296402		
NOIR_2	E	1h	1	C6	C6_1h	0		
NOIR_2	E	2h	2	C6	C6_2h	0		
NOIR_2	E	4h	4	C6	C6_4h	1050.97215		
NOIR_2	E	6h	6	C6	C6_6h	0		
NOIR_2	E	8h	8	C6	C6_8h	1355.932203		
NOIR_2	E	1h	1	NRK	NRK_1h	0		
NOIR_2	E	2h	2	NRK	NRK_2h	0		
NOIR_2	E	0.5h	0.5	PC_12	PC_12_0.5h	0		
NOIR_2	E	1.5h	1.5	PC_12	PC_12_1.5h	0		
NOIR_2	E	12h	12	PC_12	PC_12_12h	1208.133401		
NOIR_2	E	1h	1	PC_12	PC_12_1h	2227.171492		
NOIR_2	E	2.5h	2.5	PC_12	PC_12_2.5h	2220.57735		
NOIR_2	E	2h	2	PC_12	PC_12_2h	0		
NOIR_2	E	4h	4	PC_12	PC_12_4h	501.907249		
NOIR_2	E	6h	6	PC_12	PC_12_6h	319.812376		
NOIR_2	E	8h	8	PC_12	PC_12_8h	1629.809537		
NOIR_2	E	12h	12	PK_15	PK_15_12h	1011.441648		
NOIR_2	E	1h	1	PK_15	PK_15_1h	0		
NOIR_2	E	2h	2	PK_15	PK_15_2h	1810.282404		
NOIR_2	E	4h	4	PK_15	PK_15_4h	2354.469434		
NOIR_2	E	6h	6	PK_15	PK_15_6h	2467.761836		
NOIR_2	E	8h	8	PK_15	PK_15_8h	2539.484822		
