seqnames	strand	start	end	TSS	TES	NOV_TX_ID	C6_dcDNA_12h	C6_dcDNA_1h	C6_dcDNA_2h	C6_dcDNA_4h	C6_dcDNA_6h	C6_dcDNA_8h	NRK_dcDNA_12h	NRK_dcDNA_1h	NRK_dcDNA_2h	NRK_dcDNA_4h	NRK_dcDNA_6h	NRK_dcDNA_8h	PC-12_dcDNA_1.5h	PC-12_dcDNA_12h	PC-12_dcDNA_1h	PC-12_dcDNA_2.5h	PC-12_dcDNA_2h	PC-12_dcDNA_4h	PC-12_dcDNA_6h	PC-12_dcDNA_8h	PK-15_dcDNA_12h	PK-15_dcDNA_1h	PK-15_dcDNA_2h	PK-15_dcDNA_4h	PK-15_dcDNA_6h	PK-15_dcDNA_8h
LT934125.1	+	779	2273	779	2273	NOV_TX_2	23	0	0	0	0	6	19	0	0	0	5	0	0	10	0	0	0	5	19	5	11	0	0	0	14	24
LT934125.1	+	990	2273	990	2273	NOV_TX_3	524	0	0	27	110	122	688	0	0	24	109	201	0	441	0	0	0	40	141	154	535	0	0	26	182	374
LT934125.1	+	1237	2273	1237	2273	NOV_TX_5	0	0	0	0	6	0	11	0	0	0	6	0	0	0	0	0	0	0	0	0	0	0	0	0	0	0
LT934125.1	+	1335	2273	1335	2273	NOV_TX_7	268	16	19	14	96	156	465	7	11	68	158	194	15	194	16	25	43	80	316	164	63	5	132	203	464	426
LT934125.1	+	1432	2273	1432	2273	NOV_TX_9	0	0	0	0	0	7	0	0	0	0	0	18	0	0	0	0	0	0	0	0	0	0	0	0	0	0
LT934125.1	+	1496	2273	1496	2273	NOV_TX_10	9	0	0	0	0	5	20	0	0	0	0	12	0	0	0	0	0	0	0	0	0	0	0	0	0	0
LT934125.1	+	1692	2273	1692	2273	NOV_TX_11	0	0	0	0	0	0	0	0	0	6	9	12	0	0	0	0	0	0	0	14	0	0	0	11	31	0
LT934125.1	+	1825	2273	1825	2273	NOV_TX_12	54	0	0	0	0	11	54	0	0	0	7	7	0	0	0	0	0	0	7	40	28	0	0	0	23	39
LT934125.1	+	1973	2273	1973	2273	NOV_TX_13	51	0	0	0	0	5	45	0	0	0	12	12	0	33	0	0	0	15	16	30	94	0	0	11	33	87
LT934125.1	+	7687	8523	7687	8523	NOV_TX_24	0	0	0	0	0	0	0	0	0	0	0	0	0	0	0	0	0	0	7	6	0	0	0	0	0	0
LT934125.1	+	7811	8523	7811	8523	NOV_TX_25	26	0	0	0	0	8	34	0	0	0	0	13	0	29	0	0	0	8	16	12	12	0	0	11	29	30
LT934125.1	+	7860	8523	7860	8523	NOV_TX_27	17	0	0	0	0	0	11	0	0	0	0	0	0	0	0	0	0	0	5	6	0	0	0	0	0	0
LT934125.1	+	8340	8523	8340	8523	NOV_TX_30	0	0	0	0	0	0	0	0	0	0	0	0	0	0	0	0	0	0	5	0	0	0	0	0	16	0
LT934125.1	+	9113	10426	9113	10426	NOV_TX_36	1400	0	0	6	44	153	835	0	0	7	35	76	0	1277	0	0	0	32	222	208	4424	0	5	16	277	990
LT934125.1	+	9270	10426	9270	10426	NOV_TX_38	1895	19	29	27	206	471	1523	0	8	30	111	296	9	1956	14	33	42	152	647	593	5780	5	168	467	1170	2648
LT934125.1	+	9324	10426	9324	10426	NOV_TX_40	71	0	0	0	0	0	0	0	0	0	0	0	0	0	0	0	0	0	0	0	0	0	0	0	0	78
LT934125.1	+	9412	10426	9412	10426	NOV_TX_41	0	0	0	0	0	17	0	0	0	0	0	0	0	0	0	0	0	0	15	0	0	0	0	0	0	0
LT934125.1	+	9454	10426	9454	10426	NOV_TX_42	0	0	0	0	0	0	10	0	0	0	0	0	0	61	0	0	0	0	0	5	53	0	0	0	0	12
LT934125.1	+	9548	10426	9548	10426	NOV_TX_43	153	5	0	0	10	39	147	0	0	0	0	18	0	134	0	0	0	10	37	35	310	0	0	13	51	144
LT934125.1	+	9699	10426	9699	10426	NOV_TX_48	1106	0	11	0	0	0	214	0	0	0	9	0	0	1114	0	0	0	12	65	164	0	0	0	10	445	754
LT934125.1	+	9804	10426	9804	10426	NOV_TX_50	97	0	0	0	0	15	83	0	0	0	0	6	0	114	0	0	0	0	21	20	237	0	0	11	44	104
LT934125.1	+	9944	10426	9944	10426	NOV_TX_51	0	0	0	0	0	6	142	0	0	0	0	25	0	153	0	0	0	0	16	42	320	0	0	6	55	83
LT934125.1	+	10093	10426	10093	10426	NOV_TX_53	132	0	0	0	5	29	76	0	0	0	9	25	0	164	0	0	0	5	20	32	336	0	6	12	55	218
LT934125.1	+	10209	10426	10209	10426	NOV_TX_54	227	0	0	0	0	0	99	0	0	0	0	0	0	278	0	0	0	0	0	0	0	0	9	24	92	174
LT934125.1	+	10252	10426	10252	10426	NOV_TX_57	215	0	0	0	7	53	0	0	0	0	0	8	0	198	0	0	0	10	70	46	325	0	5	0	85	136
LT934125.1	+	10334	10426	10334	10426	NOV_TX_59	173	0	0	0	0	72	0	0	0	0	0	0	0	239	0	0	0	0	0	0	478	0	11	0	82	145
LT934125.1	+	10431	12084	10431	12084	NOV_TX_62	6	0	0	0	0	0	0	0	0	0	0	0	0	0	0	0	0	0	0	0	31	0	0	0	0	10
LT934125.1	+	11793	11912	11793	11912	NOV_TX_63	120	0	0	0	0	11	0	0	0	0	0	0	0	69	0	0	0	0	0	5	238	0	0	5	44	52
LT934125.1	+	11793	12084	11793	12084	NOV_TX_64	44	0	0	0	0	0	6	0	0	0	0	0	0	58	0	0	0	0	5	7	266	0	0	5	26	65
LT934125.1	+	12054	16224	12054	16224	NOV_TX_72	22	0	0	0	0	8	0	0	0	0	0	0	0	5	0	0	0	0	0	0	12	0	0	0	6	0
LT934125.1	+	12192	16224	12192	16224	NOV_TX_73	11	0	0	0	0	0	0	0	0	0	0	0	0	0	0	0	0	0	0	0	0	0	0	0	0	19
LT934125.1	+	13273	16224	13273	16224	NOV_TX_77	10	0	0	0	0	0	0	0	0	0	0	0	0	0	0	0	0	0	0	0	18	0	0	0	0	0
LT934125.1	+	13450	16224	13450	16224	NOV_TX_78	11	0	0	0	0	0	0	0	0	0	0	0	0	5	0	0	0	0	0	0	56	0	0	0	0	0
LT934125.1	+	13521	16224	13521	16224	NOV_TX_79	10	0	0	0	0	0	0	0	0	0	0	0	0	10	0	0	0	0	0	0	26	0	0	0	0	0
LT934125.1	+	13902	16224	13902	16224	NOV_TX_81	0	0	0	0	0	0	0	0	0	0	0	0	0	17	0	0	0	0	0	0	47	0	0	0	0	0
LT934125.1	+	14048	14176	14048	14176	NOV_TX_83	126	0	0	0	0	31	9	0	0	0	6	0	0	49	0	0	0	0	0	10	49	0	0	18	48	34
LT934125.1	+	14132	16224	14132	16224	NOV_TX_84	198	0	0	0	0	19	12	0	0	0	0	13	0	0	0	0	0	0	0	0	261	0	0	19	41	33
LT934125.1	+	14231	16224	14231	16224	NOV_TX_85	0	0	0	0	0	11	0	0	0	0	0	0	0	0	0	0	0	0	0	0	52	0	0	0	0	0
LT934125.1	+	14362	16224	14362	16224	NOV_TX_86	57	0	0	0	0	6	0	0	0	0	0	0	0	0	0	0	0	0	0	0	29	0	0	0	5	0
LT934125.1	+	14439	16224	14439	16224	NOV_TX_87	82	0	0	0	0	13	51	0	0	0	0	0	0	0	0	0	0	0	8	10	98	0	0	0	23	46
LT934125.1	+	14671	16224	14671	16224	NOV_TX_88	78	0	0	0	6	11	53	0	0	0	0	5	0	40	0	0	0	0	7	16	178	0	0	0	27	74
LT934125.1	+	14857	16224	14857	16224	NOV_TX_89	194	0	0	0	0	24	202	0	0	0	0	0	0	0	0	0	0	7	40	0	967	0	0	0	135	132
LT934125.1	+	14930	16224	14930	16224	NOV_TX_90	129	0	0	0	0	13	28	0	0	0	0	13	0	90	0	0	0	0	11	20	211	0	0	6	0	54
LT934125.1	+	15121	16224	15121	16224	NOV_TX_91	169	0	0	0	5	8	40	0	0	0	0	0	0	70	0	0	0	0	0	40	377	0	0	0	51	119
LT934125.1	+	15272	16224	15272	16224	NOV_TX_92	116	0	0	0	0	8	52	0	0	0	0	10	0	121	0	0	0	0	15	11	243	0	0	7	31	49
LT934125.1	+	15348	16224	15348	16224	NOV_TX_93	0	0	0	0	0	0	0	0	0	0	0	0	0	0	0	0	0	0	0	0	332	0	0	12	0	0
LT934125.1	+	15418	16224	15418	16224	NOV_TX_94	246	0	0	0	0	0	43	0	0	0	0	0	0	0	0	0	0	0	25	13	231	0	0	0	27	68
LT934125.1	+	15477	16224	15477	16224	NOV_TX_95	0	0	0	0	0	0	0	0	0	0	0	17	0	335	0	0	0	0	17	0	0	0	0	18	0	0
LT934125.1	+	15536	16224	15536	16224	NOV_TX_96	0	0	0	0	0	0	48	0	0	0	9	6	0	0	0	0	0	11	0	0	409	0	0	0	49	100
LT934125.1	+	15674	16224	15674	16224	NOV_TX_97	195	0	0	0	9	30	103	0	0	0	0	11	0	218	0	0	0	6	150	54	552	0	13	20	49	124
LT934125.1	+	15849	16224	15849	16224	NOV_TX_98	438	0	0	0	0	0	166	0	0	0	8	25	0	594	0	0	0	13	22	89	811	0	0	23	0	280
LT934125.1	+	15951	16224	15951	16224	NOV_TX_99	371	0	0	0	0	54	111	0	0	0	17	17	0	688	0	0	0	0	0	68	701	0	0	17	0	465
LT934125.1	+	16039	16224	16039	16224	NOV_TX_100	714	0	0	0	13	112	122	0	0	0	7	0	0	2189	0	0	0	0	78	120	1356	0	11	29	198	502
LT934125.1	+	27557	28632	27557	28632	NOV_TX_108	0	0	0	0	0	0	5	0	0	0	0	0	0	0	0	0	0	0	0	5	0	0	0	0	0	0
LT934125.1	+	27826	28632	27826	28632	NOV_TX_110	0	0	0	0	0	0	5	0	0	0	0	0	0	0	0	0	0	0	0	0	5	0	0	0	0	6
LT934125.1	+	28507	28632	28507	28632	NOV_TX_112	0	0	0	0	0	0	0	0	0	0	0	0	0	0	0	0	0	0	11	21	0	0	0	12	10	0
LT934125.1	+	29468	32415	29468	32415	NOV_TX_115	8	0	0	0	0	0	7	0	0	0	0	8	0	0	0	0	0	0	0	0	11	0	0	0	0	6
LT934125.1	+	30240	32415	30240	32415	NOV_TX_117	81	0	0	0	15	24	59	0	0	0	0	14	0	36	0	0	0	0	6	18	88	0	0	0	24	39
LT934125.1	+	30676	32415	30676	32415	NOV_TX_119	19	0	0	0	0	0	6	0	0	0	0	0	0	0	0	0	0	0	0	0	0	0	0	0	0	0
LT934125.1	+	30932	32415	30932	32415	NOV_TX_121	20	0	0	0	0	0	31	0	0	0	0	8	0	18	0	0	0	0	9	7	42	0	0	0	6	14
LT934125.1	+	31042	32415	31042	32415	NOV_TX_123	0	0	0	0	0	0	10	0	0	0	0	0	0	0	0	0	0	0	0	0	0	0	0	0	0	8
LT934125.1	+	31098	31198	31098	31198	NOV_TX_124	84	0	0	0	0	7	7	0	0	0	0	0	0	23	0	0	0	0	7	5	55	0	0	10	17	33
LT934125.1	+	31149	32415	31149	32415	NOV_TX_126	273	0	0	0	7	33	141	0	0	0	10	21	0	87	0	0	0	11	32	36	150	0	0	13	49	146
LT934125.1	+	31245	32415	31245	32415	NOV_TX_127	73	0	0	0	0	15	42	0	0	0	0	20	0	0	0	0	0	0	12	17	0	0	0	0	16	42
LT934125.1	+	31349	32415	31349	32415	NOV_TX_128	639	0	0	0	6	135	85	0	0	0	0	18	0	494	0	0	0	0	0	67	0	0	0	6	58	105
LT934125.1	+	31410	32415	31410	32415	NOV_TX_129	0	0	0	0	0	0	198	0	0	0	0	0	0	383	0	0	0	0	0	94	0	0	0	48	0	259
LT934125.1	+	31496	32415	31496	32415	NOV_TX_130	109	0	0	0	6	30	48	0	0	0	0	26	0	38	0	0	0	0	10	22	42	0	0	14	28	49
LT934125.1	+	31630	32415	31630	32415	NOV_TX_131	42	0	0	0	0	6	38	0	0	0	0	10	0	41	0	0	0	0	16	14	62	0	0	0	12	44
LT934125.1	+	31724	32415	31724	32415	NOV_TX_132	0	0	0	0	0	9	0	0	0	0	0	9	0	0	0	0	0	0	0	0	0	0	0	8	0	0
LT934125.1	+	31833	32415	31833	32415	NOV_TX_133	70	0	0	0	0	17	57	0	0	0	7	19	0	78	0	0	0	0	12	13	208	0	0	0	31	90
LT934125.1	+	31945	32415	31945	32415	NOV_TX_134	119	0	0	0	0	12	69	0	0	0	20	9	0	142	0	0	0	0	0	19	202	0	0	11	47	101
LT934125.1	+	32092	32415	32092	32415	NOV_TX_137	385	0	0	0	0	0	0	0	0	0	16	19	0	524	0	0	0	19	75	109	617	0	0	14	141	294
LT934125.1	+	32163	32415	32163	32415	NOV_TX_138	674	0	0	0	19	66	191	0	0	0	0	27	0	1057	0	0	0	19	119	159	1051	0	5	16	188	434
LT934125.1	+	32274	32415	32274	32415	NOV_TX_139	715	0	0	0	12	107	33	0	0	0	0	10	0	569	0	0	0	0	74	137	924	0	12	43	203	476
LT934125.1	+	44946	46038	44946	46038	NOV_TX_146	21	0	0	0	0	6	8	0	0	0	0	0	0	37	0	0	0	0	6	5	72	0	0	6	18	45
LT934125.1	+	45050	46038	45050	46038	NOV_TX_148	0	0	0	0	0	6	8	0	0	0	0	0	0	0	0	0	0	0	11	6	54	0	0	0	0	0
LT934125.1	+	45128	46038	45128	46038	NOV_TX_149	0	0	0	0	0	0	0	0	0	0	0	0	0	30	0	0	0	0	6	9	0	0	0	0	5	0
LT934125.1	+	45302	46038	45302	46038	NOV_TX_150	17	0	0	0	0	0	15	0	0	0	0	0	0	0	0	0	0	0	0	0	83	0	0	0	26	28
LT934125.1	+	45415	46038	45415	46038	NOV_TX_152	0	0	0	0	0	17	30	0	0	0	0	7	0	42	0	0	0	0	8	6	121	0	0	5	46	40
LT934125.1	+	45497	46038	45497	46038	NOV_TX_154	0	0	0	0	0	0	0	0	0	0	0	0	0	14	0	0	0	0	0	0	33	0	0	0	9	19
LT934125.1	+	45608	46038	45608	46038	NOV_TX_155	9	0	0	0	0	6	18	0	0	0	0	0	0	0	0	0	0	0	15	0	0	0	0	0	13	41
LT934125.1	+	45738	46038	45738	46038	NOV_TX_158	131	0	0	0	0	9	28	0	0	0	0	0	0	0	0	0	0	0	6	17	111	0	0	6	32	191
LT934125.1	+	45875	46038	45875	46038	NOV_TX_160	0	0	0	0	0	29	11	0	0	0	0	0	0	0	0	0	0	0	42	19	253	0	0	18	130	139
LT934125.1	+	46026	49647	46026	49647	NOV_TX_162	98	0	0	9	25	18	144	0	0	0	5	28	0	33	0	0	0	0	6	29	368	0	0	0	16	120
LT934125.1	+	46167	49647	46167	49647	NOV_TX_163	18	0	0	0	0	0	10	0	0	0	0	0	0	0	0	0	0	0	0	0	0	0	0	0	0	0
LT934125.1	+	46489	49647	46489	49647	NOV_TX_166	0	0	0	0	0	0	0	0	0	0	0	0	0	15	0	0	0	0	0	8	25	0	0	0	0	12
LT934125.1	+	46717	49647	46717	49647	NOV_TX_167	0	0	0	0	0	0	0	0	0	0	0	0	0	0	0	0	0	0	0	6	0	0	0	0	0	7
LT934125.1	+	46773	49647	46773	49647	NOV_TX_168	10	0	0	0	0	0	9	0	0	0	0	6	0	0	0	0	0	0	0	0	0	0	0	0	0	9
LT934125.1	+	47013	49647	47013	49647	NOV_TX_170	0	0	0	0	0	0	5	0	0	0	0	0	0	0	0	0	0	0	0	0	9	0	0	0	0	0
LT934125.1	+	47315	49647	47315	49647	NOV_TX_173	58	0	0	0	0	13	58	0	0	0	0	16	0	30	0	0	0	6	25	17	57	0	0	0	13	49
LT934125.1	+	47393	49647	47393	49647	NOV_TX_174	0	0	0	0	0	0	0	0	0	0	0	5	0	0	0	0	0	0	0	0	0	0	0	0	0	6
LT934125.1	+	47486	49647	47486	49647	NOV_TX_175	0	0	0	0	0	0	0	0	0	0	0	0	0	0	0	0	0	0	0	5	19	0	0	0	0	8
LT934125.1	+	47567	49647	47567	49647	NOV_TX_176	14	0	0	0	0	6	30	0	0	0	0	7	0	0	0	0	0	0	0	0	20	0	0	0	0	16
LT934125.1	+	47628	49647	47628	49647	NOV_TX_177	0	0	0	0	0	6	14	0	0	0	0	0	0	12	0	0	0	0	0	9	0	0	0	0	0	0
LT934125.1	+	47722	49647	47722	49647	NOV_TX_178	23	0	0	0	0	0	21	0	0	0	0	7	0	17	0	0	0	0	5	9	23	0	0	0	6	10
LT934125.1	+	47872	49647	47872	49647	NOV_TX_180	0	0	0	0	0	0	10	0	0	0	0	0	0	10	0	0	0	0	0	0	9	0	0	0	0	0
LT934125.1	+	48069	49647	48069	49647	NOV_TX_182	33	0	0	0	0	6	0	0	0	0	0	0	0	27	0	0	0	0	0	0	0	0	0	0	7	10
LT934125.1	+	48210	49647	48210	49647	NOV_TX_183	0	0	0	0	0	10	11	0	0	0	0	0	0	31	0	0	0	0	8	6	29	0	0	0	14	27
LT934125.1	+	48330	49647	48330	49647	NOV_TX_184	170	0	0	0	0	9	20	0	0	0	0	27	0	160	0	0	0	0	12	0	20	0	0	5	0	25
LT934125.1	+	48477	49647	48477	49647	NOV_TX_185	70	0	0	0	0	0	63	0	0	0	0	0	0	136	0	0	0	0	0	54	96	0	7	0	48	92
LT934125.1	+	48615	49647	48615	49647	NOV_TX_187	0	0	0	0	0	0	0	0	0	0	31	0	0	0	0	0	0	43	0	0	0	0	0	0	0	0
LT934125.1	+	48691	49647	48691	49647	NOV_TX_189	199	0	0	0	0	58	0	0	0	0	0	0	0	148	0	0	0	0	0	57	85	0	0	24	54	126
LT934125.1	+	48726	49647	48726	49647	NOV_TX_190	0	0	0	0	8	0	60	0	0	5	0	0	0	0	0	0	0	0	0	0	0	0	0	0	0	0
LT934125.1	+	48783	49647	48783	49647	NOV_TX_191	111	0	0	0	0	28	67	0	0	0	0	23	0	0	0	0	0	5	0	0	0	0	0	16	0	73
LT934125.1	+	48856	49647	48856	49647	NOV_TX_192	248	0	0	0	8	14	35	0	0	0	8	0	0	100	0	0	0	14	0	0	62	0	0	20	36	58
LT934125.1	+	48957	49647	48957	49647	NOV_TX_193	119	0	0	0	0	40	74	0	0	6	8	29	0	158	0	0	0	9	23	40	93	0	11	18	44	72
LT934125.1	+	49115	49647	49115	49647	NOV_TX_195	158	0	0	0	0	0	77	0	0	0	20	0	0	210	0	0	0	0	37	54	49	0	6	22	61	91
LT934125.1	+	49196	49647	49196	49647	NOV_TX_196	68	0	0	0	0	17	52	0	0	11	12	13	0	80	0	0	0	0	22	67	51	0	0	52	0	42
LT934125.1	+	49285	49647	49285	49647	NOV_TX_197	0	0	0	0	6	18	615	0	0	0	64	132	0	79	0	0	0	44	16	28	454	0	14	88	251	456
LT934125.1	+	49411	49647	49411	49647	NOV_TX_198	379	0	0	0	0	67	128	0	0	0	0	25	0	345	0	0	0	0	46	131	0	0	0	44	106	183
LT934125.1	+	49499	49647	49499	49647	NOV_TX_199	668	0	0	0	0	197	101	0	0	0	14	0	0	560	0	0	0	0	85	105	249	0	12	102	224	311
LT934125.1	+	49543	49647	49543	49647	NOV_TX_200	179	0	0	0	10	0	0	0	0	0	0	0	0	0	0	0	0	8	0	0	0	0	0	0	40	0
LT934125.1	+	51148	52437	51148	52437	NOV_TX_203	20	0	0	0	0	5	14	0	0	0	0	0	0	19	0	0	0	0	6	0	101	0	0	0	18	47
LT934125.1	+	51235	53594	51235	53594	NOV_TX_206	142	0	0	0	19	22	195	0	0	0	6	60	0	29	0	0	5	9	14	15	68	0	0	8	40	90
LT934125.1	+	51319	52437	51319	52437	NOV_TX_208	34	0	0	0	0	0	41	0	0	0	0	0	0	42	0	0	0	0	16	14	61	0	0	10	33	70
LT934125.1	+	51517	52437	51517	52437	NOV_TX_211	0	0	0	0	0	10	73	0	0	0	0	23	0	36	0	0	0	0	12	6	196	0	6	16	43	128
LT934125.1	+	51690	52437	51690	52437	NOV_TX_214	53	0	0	0	0	8	51	0	0	0	0	0	0	0	0	0	0	0	14	17	112	0	0	9	32	43
LT934125.1	+	51806	52437	51806	52437	NOV_TX_217	72	0	0	0	0	0	31	0	0	0	0	0	0	27	0	0	0	0	11	24	182	0	0	0	66	93
LT934125.1	+	52004	52437	52004	52437	NOV_TX_220	0	0	0	0	5	14	48	0	0	0	0	14	0	59	0	0	0	0	20	7	182	0	0	7	19	104
LT934125.1	+	52082	52437	52082	52437	NOV_TX_223	0	0	0	0	0	0	0	0	0	0	0	0	0	0	0	0	0	0	0	0	161	0	0	0	55	0
LT934125.1	+	52121	52437	52121	52437	NOV_TX_226	0	0	0	0	0	0	0	0	0	0	0	11	0	0	0	0	0	0	0	0	0	0	0	0	0	92
LT934125.1	+	52215	52437	52215	52437	NOV_TX_228	0	0	0	0	5	14	35	0	0	0	0	0	0	0	0	0	0	9	17	23	172	0	0	8	58	163
LT934125.1	+	52460	53594	52460	53594	NOV_TX_231	583	16	25	14	161	248	882	11	28	18	66	279	14	769	13	20	40	106	342	374	1882	0	179	258	762	1946
LT934125.1	+	52559	53594	52559	53594	NOV_TX_233	8	0	0	0	0	0	0	0	0	0	0	0	0	14	0	0	0	0	0	0	0	0	0	0	10	21
LT934125.1	+	52559	55161	52559	55161	NOV_TX_234	5	0	0	0	0	0	0	0	0	0	0	0	0	5	0	0	0	0	0	0	0	0	0	0	0	0
LT934125.1	+	52636	53594	52636	53594	NOV_TX_235	0	0	0	0	0	0	8	0	0	0	0	5	0	0	0	0	0	0	5	0	0	0	0	0	0	8
LT934125.1	+	52704	53594	52704	53594	NOV_TX_237	8	0	0	0	0	5	12	0	0	0	0	0	0	10	0	0	0	0	0	0	0	0	0	13	9	22
LT934125.1	+	52824	53594	52824	53594	NOV_TX_239	0	0	0	0	0	5	28	0	0	0	0	0	0	0	0	0	0	0	0	0	0	0	0	0	0	0
LT934125.1	+	52936	53594	52936	53594	NOV_TX_242	0	0	0	0	0	9	26	0	0	0	0	0	0	41	0	0	0	0	0	5	0	0	0	0	37	52
LT934125.1	+	52936	55161	52936	55161	NOV_TX_243	0	0	0	0	0	0	6	0	0	0	0	0	0	5	0	0	0	0	0	0	0	0	0	0	0	5
LT934125.1	+	53067	53594	53067	53594	NOV_TX_246	0	0	0	0	0	9	20	0	0	0	6	5	0	0	0	0	0	0	0	12	0	0	0	9	22	36
LT934125.1	+	53224	53594	53224	53594	NOV_TX_249	0	0	0	0	0	12	54	0	0	0	0	0	0	0	0	0	0	0	7	14	0	0	0	22	35	24
LT934125.1	+	53311	53594	53311	53594	NOV_TX_250	0	0	0	0	0	17	0	0	0	0	0	0	0	0	0	0	0	0	13	0	0	0	0	0	0	0
LT934125.1	+	53406	53594	53406	53594	NOV_TX_252	58	0	0	0	0	24	26	0	0	0	0	0	0	52	0	0	0	0	16	22	0	0	0	16	47	79
LT934125.1	+	53406	55161	53406	55161	NOV_TX_253	5	0	0	0	0	0	0	0	0	0	0	0	0	5	0	0	0	0	0	0	0	0	0	0	0	0
LT934125.1	+	53594	55161	53594	55161	NOV_TX_254	0	0	0	0	0	0	0	0	0	0	0	0	0	0	0	0	0	0	0	5	76	0	0	0	0	0
LT934125.1	+	53648	55271	53648	55271	NOV_TX_255	14	0	0	0	0	0	28	0	0	0	0	5	0	10	0	0	0	0	0	0	27	0	0	0	0	21
LT934125.1	+	53736	55161	53736	55161	NOV_TX_257	34	0	0	0	0	12	33	0	0	0	0	0	0	39	0	0	0	0	6	8	157	0	0	0	11	34
LT934125.1	+	53896	55161	53896	55161	NOV_TX_259	25	0	0	0	0	11	26	0	0	0	5	0	0	35	0	0	0	0	9	6	146	0	0	0	14	15
LT934125.1	+	53996	55161	53996	55161	NOV_TX_261	93	0	0	0	0	0	0	0	0	0	0	0	0	84	0	0	0	0	0	24	249	0	0	0	0	66
LT934125.1	+	54053	55161	54053	55161	NOV_TX_263	0	0	0	0	0	0	51	0	0	0	0	0	0	0	0	0	0	0	5	14	0	0	0	0	15	0
LT934125.1	+	54130	55161	54130	55161	NOV_TX_265	0	0	0	0	0	0	29	0	0	0	0	5	0	0	0	0	0	0	7	10	156	0	0	0	0	0
LT934125.1	+	54232	55161	54232	55161	NOV_TX_267	0	0	0	0	0	0	64	0	0	0	0	0	0	59	0	0	0	0	5	6	177	0	0	0	38	59
LT934125.1	+	54366	55161	54366	55161	NOV_TX_269	69	0	0	0	0	18	104	0	0	0	0	10	0	125	0	0	0	0	14	15	336	0	0	0	10	113
LT934125.1	+	54475	55161	54475	55161	NOV_TX_271	64	0	0	0	6	18	65	0	0	0	0	0	0	90	0	0	0	0	19	0	144	0	0	0	33	57
LT934125.1	+	54561	55161	54561	55161	NOV_TX_273	0	0	0	0	0	0	24	0	0	0	0	5	0	39	0	0	0	0	0	12	96	0	0	6	0	34
LT934125.1	+	54606	55161	54606	55161	NOV_TX_275	73	0	0	0	0	0	47	0	0	0	0	0	0	0	0	0	0	0	8	0	255	0	0	0	0	0
LT934125.1	+	54734	55161	54734	55161	NOV_TX_277	106	0	0	0	5	16	104	0	0	0	0	9	0	124	0	0	0	0	23	60	247	0	6	7	44	94
LT934125.1	+	54938	55161	54938	55161	NOV_TX_279	277	0	0	0	0	0	179	0	0	0	7	0	0	409	0	0	0	0	45	83	1027	0	0	12	106	364
LT934125.1	+	55032	55161	55032	55161	NOV_TX_281	185	0	0	0	0	0	0	0	0	0	0	0	0	218	0	0	0	0	26	0	436	0	0	0	61	182
LT934125.1	+	58625	60251	58625	60251	NOV_TX_287	0	0	0	0	0	0	7	0	0	0	0	0	0	0	0	0	0	0	0	0	0	0	0	0	0	5
LT934125.1	+	59210	60251	59210	60251	NOV_TX_294	0	0	0	0	0	0	28	0	0	0	0	9	0	20	0	0	0	5	0	11	0	0	0	0	0	5
LT934125.1	+	59312	60251	59312	60251	NOV_TX_295	7	0	0	0	0	6	13	0	0	0	0	5	0	0	0	0	0	0	0	15	14	0	0	0	0	7
LT934125.1	+	59412	60251	59412	60251	NOV_TX_296	0	0	0	0	0	0	13	0	0	0	0	0	0	0	0	0	0	0	9	0	0	0	0	0	5	0
LT934125.1	+	59489	60251	59489	60251	NOV_TX_298	0	0	0	0	0	0	11	0	0	0	0	0	0	0	0	0	0	0	0	5	0	0	0	0	0	0
LT934125.1	+	59580	60251	59580	60251	NOV_TX_299	0	0	0	0	0	6	27	0	0	0	0	14	0	0	0	0	0	0	17	10	0	0	0	16	21	0
LT934125.1	+	59670	60251	59670	60251	NOV_TX_301	0	0	0	0	6	0	0	0	0	0	0	0	0	0	0	0	0	0	11	0	0	0	0	0	0	0
LT934125.1	+	59768	60251	59768	60251	NOV_TX_302	10	0	0	0	0	6	47	0	0	0	0	9	0	40	0	0	0	0	10	6	20	0	0	7	22	31
LT934125.1	+	59919	60251	59919	60251	NOV_TX_305	0	0	0	0	0	0	23	0	0	0	9	8	0	0	0	0	0	5	12	8	0	0	0	24	16	54
LT934125.1	+	60075	60251	60075	60251	NOV_TX_307	0	0	0	0	0	25	43	0	0	0	0	0	0	31	0	0	0	6	21	32	0	0	0	6	33	47
LT934125.1	+	60234	60354	60234	60354	NOV_TX_308	21	0	0	0	0	6	0	0	0	0	0	0	0	5	0	0	0	0	0	0	9	0	0	0	9	6
LT934125.1	+	61078	62340	61078	62340	NOV_TX_316	26	0	0	0	0	0	18	0	0	0	0	5	0	15	0	0	0	0	8	0	37	0	0	0	8	20
LT934125.1	+	61396	62340	61396	62340	NOV_TX_318	0	0	0	0	0	0	9	0	0	0	0	9	0	0	0	0	0	0	7	0	0	0	0	0	0	0
LT934125.1	+	61621	62340	61621	62340	NOV_TX_320	0	0	0	0	0	0	6	0	0	0	0	0	0	0	0	0	0	0	0	0	0	0	0	0	9	17
LT934125.1	+	61701	62340	61701	62340	NOV_TX_321	86	0	0	0	0	14	54	0	0	0	35	9	0	156	0	0	0	0	14	21	88	0	0	9	47	100
LT934125.1	+	61822	62340	61822	62340	NOV_TX_322	40	0	0	0	0	12	68	0	0	0	5	12	0	59	0	0	0	0	10	24	0	0	0	0	0	26
LT934125.1	+	61876	62340	61876	62340	NOV_TX_323	0	0	0	0	0	0	26	0	0	0	0	0	0	0	0	0	0	0	0	0	0	0	0	0	0	16
LT934125.1	+	61976	62340	61976	62340	NOV_TX_324	52	0	0	0	0	17	97	0	0	0	7	8	0	83	0	0	0	0	27	24	117	0	0	0	27	90
LT934125.1	+	62144	62340	62144	62340	NOV_TX_325	104	0	0	0	0	19	32	0	0	0	0	0	0	128	0	0	0	7	22	42	0	0	0	0	0	0
LT934125.1	+	62222	62340	62222	62340	NOV_TX_326	0	0	0	0	0	0	0	0	0	0	0	0	0	132	0	0	0	0	0	28	317	0	0	0	0	266
LT934125.1	+	66408	70521	66408	70521	NOV_TX_331	0	0	0	0	0	0	9	0	0	0	0	0	0	0	0	0	0	0	0	0	13	0	0	0	0	0
LT934125.1	+	67962	70521	67962	70521	NOV_TX_345	7	0	0	0	0	0	6	0	0	0	0	0	0	0	0	0	0	0	0	0	0	0	0	0	0	0
LT934125.1	+	68121	70521	68121	70521	NOV_TX_350	5	0	0	0	0	0	9	0	0	0	0	0	0	0	0	0	0	0	0	0	9	0	0	0	0	0
LT934125.1	+	68267	70521	68267	70521	NOV_TX_352	0	0	0	0	0	0	27	0	0	0	0	10	0	0	0	0	0	0	0	0	0	0	0	0	0	0
LT934125.1	+	68376	70521	68376	70521	NOV_TX_356	15	0	0	0	0	0	0	0	0	0	0	0	0	0	0	0	0	0	0	0	19	0	0	0	12	18
LT934125.1	+	68561	70521	68561	70521	NOV_TX_358	82	0	0	0	0	0	81	0	0	0	0	0	0	11	0	0	0	0	0	0	226	0	0	0	9	20
LT934125.1	+	68561	71544	68561	71544	NOV_TX_359	24	0	0	0	0	0	16	0	0	0	0	0	0	0	0	0	0	0	0	0	8	0	0	0	0	0
LT934125.1	+	68769	70521	68769	70521	NOV_TX_362	0	0	0	0	0	5	6	0	0	0	0	0	0	0	0	0	0	0	0	0	42	0	0	0	0	26
LT934125.1	+	68873	70521	68873	70521	NOV_TX_364	66	0	0	0	0	0	0	0	0	0	0	0	0	41	0	0	0	0	0	6	242	0	0	6	37	103
LT934125.1	+	68873	71544	68873	71544	NOV_TX_365	26	0	0	0	0	0	0	0	0	0	0	0	0	6	0	0	0	0	0	0	0	0	0	0	0	9
LT934125.1	+	69055	70521	69055	70521	NOV_TX_368	13	0	0	0	0	0	12	0	0	0	0	0	0	15	0	0	0	0	13	5	158	0	0	7	11	22
LT934125.1	+	69162	70521	69162	70521	NOV_TX_370	83	0	0	0	0	15	83	0	0	0	0	10	0	113	0	0	0	0	38	15	411	0	0	31	113	156
LT934125.1	+	69162	71544	69162	71544	NOV_TX_371	32	0	0	0	0	0	8	0	0	0	0	0	0	17	0	0	0	0	5	0	9	0	0	0	0	11
LT934125.1	+	69244	70521	69244	70521	NOV_TX_373	91	0	0	0	5	18	151	0	0	0	0	10	0	154	0	0	0	6	33	16	646	0	0	24	115	262
LT934125.1	+	69244	71544	69244	71544	NOV_TX_374	33	0	0	0	0	0	20	0	0	0	0	5	0	15	0	0	0	0	0	0	27	0	0	0	5	16
LT934125.1	+	69311	70521	69311	70521	NOV_TX_377	18	0	0	0	0	0	0	0	0	0	0	0	0	15	0	0	0	0	0	6	58	0	0	0	0	19
LT934125.1	+	69407	70521	69407	70521	NOV_TX_379	0	0	0	0	0	0	11	0	0	0	0	0	0	0	0	0	0	0	0	5	39	0	0	0	15	52
LT934125.1	+	69514	70521	69514	70521	NOV_TX_381	38	0	0	0	0	7	39	0	0	0	0	0	0	52	0	0	0	0	10	17	90	0	0	7	11	41
LT934125.1	+	69514	71544	69514	71544	NOV_TX_382	22	0	0	0	0	0	8	0	0	0	0	0	0	10	0	0	0	0	0	0	0	0	0	0	0	0
LT934125.1	+	69611	70521	69611	70521	NOV_TX_384	0	0	0	0	0	0	30	0	0	0	0	10	0	43	0	0	0	0	5	8	209	0	0	6	25	85
LT934125.1	+	69611	71544	69611	71544	NOV_TX_385	0	0	0	0	0	0	7	0	0	0	0	0	0	0	0	0	0	0	0	0	6	0	0	0	0	0
LT934125.1	+	69671	70521	69671	70521	NOV_TX_386	36	0	0	0	0	0	23	0	0	0	0	9	0	40	0	0	0	0	10	10	123	0	0	0	24	53
LT934125.1	+	69765	70521	69765	70521	NOV_TX_390	41	0	0	0	0	8	64	0	0	0	0	12	0	68	0	0	0	0	21	23	105	0	0	17	40	92
LT934125.1	+	69765	71544	69765	71544	NOV_TX_389	8	0	0	0	0	0	6	0	0	0	0	0	0	0	0	0	0	0	0	0	0	0	0	0	0	0
LT934125.1	+	69821	70521	69821	70521	NOV_TX_391	38	0	0	0	0	0	0	0	0	0	0	0	0	0	0	0	0	0	0	22	0	0	0	0	0	0
LT934125.1	+	69921	70521	69921	70521	NOV_TX_393	110	0	0	0	0	6	76	0	0	0	0	6	0	68	0	0	0	7	8	9	490	0	0	6	31	264
LT934125.1	+	69921	71544	69921	71544	NOV_TX_394	32	0	0	0	0	0	8	0	0	0	0	0	0	0	0	0	0	0	0	0	18	0	0	0	0	0
LT934125.1	+	70012	70521	70012	70521	NOV_TX_397	38	0	0	0	0	0	83	0	0	0	0	0	0	32	0	0	0	0	12	14	183	0	0	0	36	63
LT934125.1	+	70012	71544	70012	71544	NOV_TX_398	15	0	0	0	0	0	10	0	0	0	0	0	0	0	0	0	0	0	0	0	0	0	0	0	0	0
LT934125.1	+	70090	70521	70090	70521	NOV_TX_399	93	0	0	0	9	17	157	0	0	5	9	14	0	122	0	0	0	7	29	37	352	0	6	34	104	208
LT934125.1	+	70090	71544	70090	71544	NOV_TX_400	50	0	0	0	5	8	25	0	0	0	0	0	0	19	0	0	0	0	5	0	21	0	0	0	5	9
LT934125.1	+	70132	70521	70132	70521	NOV_TX_403	82	0	0	0	0	20	67	0	0	0	0	0	0	89	0	0	0	6	0	28	266	0	0	15	0	123
LT934125.1	+	70132	71544	70132	71544	NOV_TX_404	27	0	0	0	0	0	8	0	0	0	0	0	0	9	0	0	0	0	0	0	16	0	0	0	0	0
LT934125.1	+	70230	70521	70230	70521	NOV_TX_406	54	0	0	0	0	14	58	0	0	0	0	5	0	163	0	0	0	0	12	27	500	0	0	5	36	110
LT934125.1	+	70230	71544	70230	71544	NOV_TX_407	8	0	0	0	0	0	5	0	0	0	0	0	0	26	0	0	0	0	0	6	14	0	0	0	0	0
LT934125.1	+	70311	70521	70311	70521	NOV_TX_408	243	0	0	0	0	19	60	0	0	0	0	0	0	317	0	0	0	0	55	55	886	0	5	0	142	447
LT934125.1	+	70311	71544	70311	71544	NOV_TX_409	76	0	0	0	0	0	22	0	0	0	0	0	0	45	0	0	0	0	7	6	37	0	0	0	8	19
LT934125.1	+	70383	70521	70383	70521	NOV_TX_412	87	0	0	0	0	0	0	0	0	0	0	0	0	186	0	0	0	0	18	0	437	0	0	19	0	243
LT934125.1	+	70383	71544	70383	71544	NOV_TX_411	15	0	0	0	0	0	0	0	0	0	0	0	0	25	0	0	0	0	6	0	14	0	0	0	0	5
LT934125.1	+	70529	71518	70529	71518	NOV_TX_414	94	0	0	0	5	16	103	0	0	5	7	8	0	57	0	0	0	0	22	15	213	0	0	5	40	70
LT934125.1	+	70529	71544	70529	71544	NOV_TX_415	148	0	0	0	7	21	68	0	0	8	7	0	0	109	0	0	0	0	18	15	256	0	0	12	51	84
LT934125.1	+	70633	71544	70633	71544	NOV_TX_417	78	0	0	0	5	39	46	0	0	0	0	13	0	183	0	0	0	0	5	0	303	0	0	0	58	110
LT934125.1	+	70713	71544	70713	71544	NOV_TX_419	46	0	0	0	0	6	0	0	0	0	0	0	0	57	0	0	0	0	8	0	0	0	0	0	0	0
LT934125.1	+	70788	71544	70788	71544	NOV_TX_420	58	0	0	0	0	16	66	0	0	0	0	10	0	57	0	0	0	0	9	16	57	0	0	0	13	23
LT934125.1	+	70859	71544	70859	71544	NOV_TX_422	79	0	0	0	0	16	77	0	0	0	11	0	0	116	0	0	0	5	0	14	224	0	0	0	0	75
LT934125.1	+	70915	71544	70915	71544	NOV_TX_424	65	0	0	0	0	10	37	0	0	0	0	5	0	0	0	0	0	5	10	0	81	0	0	0	26	32
LT934125.1	+	71007	71544	71007	71544	NOV_TX_427	249	0	0	0	0	37	203	0	0	0	0	16	0	127	0	0	0	0	10	0	146	0	0	0	37	102
LT934125.1	+	71131	71544	71131	71544	NOV_TX_429	540	0	0	0	0	88	105	0	0	0	7	5	0	86	0	0	0	6	13	26	658	0	0	6	155	230
LT934125.1	+	71249	71544	71249	71544	NOV_TX_431	252	0	0	0	0	31	0	0	0	0	0	0	0	180	0	0	0	10	19	0	171	0	0	8	54	0
LT934125.1	+	71325	71544	71325	71544	NOV_TX_434	320	0	0	0	0	62	57	0	0	0	6	0	0	283	0	0	0	8	33	56	309	0	6	0	66	168
LT934125.1	+	71399	71544	71399	71544	NOV_TX_436	684	0	0	0	5	81	31	0	0	0	0	0	0	692	0	0	0	0	0	0	0	0	6	0	64	177
LT934125.1	+	74400	75645	74400	75645	NOV_TX_440	59	0	0	0	0	17	0	0	0	0	0	0	0	19	0	0	0	0	20	0	99	0	0	0	0	34
LT934125.1	+	74400	79996	74400	79996	NOV_TX_441	6	0	0	0	0	0	8	0	0	0	0	0	0	0	0	0	0	0	0	0	5	0	0	0	0	0
LT934125.1	+	74462	75645	74462	75645	NOV_TX_442	0	0	0	0	0	0	57	0	0	0	5	0	0	0	0	0	0	0	0	0	212	0	0	0	73	0
LT934125.1	+	74510	75645	74510	75645	NOV_TX_444	0	0	0	0	0	10	0	0	0	0	0	0	0	0	0	0	0	0	10	0	0	0	0	0	0	0
LT934125.1	+	74717	75645	74717	75645	NOV_TX_445	42	0	0	0	0	12	27	0	0	0	0	6	0	0	0	0	0	5	13	13	71	0	0	9	43	30
LT934125.1	+	75067	75645	75067	75645	NOV_TX_446	0	0	0	0	0	0	61	0	0	0	0	0	0	0	0	0	0	0	0	25	0	0	0	5	0	65
LT934125.1	+	75139	75645	75139	75645	NOV_TX_447	35	0	0	0	0	0	47	0	0	0	21	0	0	71	0	0	0	12	22	18	153	0	0	10	43	59
LT934125.1	+	75201	75645	75201	75645	NOV_TX_448	0	0	0	0	6	20	0	0	0	0	7	19	0	0	0	0	0	0	0	28	0	0	0	24	62	69
LT934125.1	+	75262	75645	75262	75645	NOV_TX_449	0	0	0	0	0	0	42	0	0	0	0	0	0	0	0	0	0	0	21	19	172	0	0	0	0	69
LT934125.1	+	75355	75645	75355	75645	NOV_TX_450	342	0	0	0	0	74	35	0	0	0	0	11	0	314	0	0	0	6	65	21	610	0	0	25	167	247
LT934125.1	+	75459	75645	75459	75645	NOV_TX_451	0	0	0	0	0	28	34	0	0	0	0	5	0	127	0	0	0	0	30	39	258	0	0	14	96	105
LT934125.1	+	78035	79996	78035	79996	NOV_TX_459	131	0	0	0	7	42	22	0	0	0	10	33	0	0	0	0	0	0	26	8	20	0	0	0	6	14
LT934125.1	+	78434	79996	78434	79996	NOV_TX_462	0	0	0	0	0	8	16	0	0	0	0	0	0	0	0	0	0	0	0	0	0	0	0	0	0	0
LT934125.1	+	78607	79996	78607	79996	NOV_TX_463	0	0	0	0	0	8	0	0	0	0	0	0	0	0	0	0	0	0	0	9	0	0	0	0	0	0
LT934125.1	+	78717	79996	78717	79996	NOV_TX_465	0	0	0	0	0	0	0	0	0	0	0	12	0	0	0	0	0	0	10	12	0	0	0	0	0	0
LT934125.1	+	78825	79996	78825	79996	NOV_TX_467	22	0	0	0	0	6	19	0	0	0	0	0	0	10	0	0	0	0	7	0	18	0	0	0	6	9
LT934125.1	+	79008	79996	79008	79996	NOV_TX_468	45	0	0	0	0	17	30	0	0	0	0	7	0	0	0	0	0	0	6	11	0	0	0	0	10	17
LT934125.1	+	79143	79996	79143	79996	NOV_TX_469	0	0	0	0	0	6	28	0	0	0	0	6	0	14	0	0	0	0	6	0	29	0	0	0	0	21
LT934125.1	+	79252	79996	79252	79996	NOV_TX_470	56	0	0	0	0	18	37	0	0	0	0	0	0	0	0	0	0	0	9	0	38	0	0	0	20	41
LT934125.1	+	79315	79996	79315	79996	NOV_TX_472	174	0	0	0	0	0	91	0	0	0	15	52	0	0	0	0	0	0	0	10	115	0	0	18	0	137
LT934125.1	+	79444	79955	79444	79955	NOV_TX_473	19	0	0	0	0	7	25	0	0	0	0	0	0	37	0	0	0	0	6	9	79	0	0	5	19	49
LT934125.1	+	79517	79996	79517	79996	NOV_TX_474	198	0	0	0	0	0	0	0	0	0	0	18	0	0	0	0	0	10	24	47	282	0	0	25	100	164
LT934125.1	+	79630	79996	79630	79996	NOV_TX_476	256	0	0	0	8	38	108	0	0	0	7	17	0	167	0	0	0	6	28	48	322	0	0	22	52	197
LT934125.1	+	79789	79996	79789	79996	NOV_TX_478	339	0	0	0	0	104	120	0	0	0	0	0	0	347	0	0	0	14	88	116	334	0	0	0	175	279
LT934125.1	+	79857	79996	79857	79996	NOV_TX_480	0	0	0	0	0	71	43	0	0	0	0	0	0	185	0	0	0	0	0	58	0	0	0	35	64	171
LT934125.1	+	84929	86167	84929	86167	NOV_TX_490	0	0	0	0	0	5	24	0	0	0	0	8	0	0	0	0	0	0	7	0	0	0	0	0	0	0
LT934125.1	+	85281	86167	85281	86167	NOV_TX_493	0	0	0	0	0	0	5	0	0	0	0	5	0	0	0	0	0	0	0	0	0	0	0	0	0	0
LT934125.1	+	85463	86167	85463	86167	NOV_TX_494	0	0	0	0	0	9	0	0	0	0	0	0	0	0	0	0	0	0	6	0	0	0	0	8	6	0
LT934125.1	+	85557	86167	85557	86167	NOV_TX_495	0	0	0	0	0	0	18	0	0	0	0	0	0	0	0	0	0	0	0	5	0	0	0	0	0	0
LT934125.1	+	85700	86167	85700	86167	NOV_TX_496	0	0	0	0	0	0	23	0	0	0	0	0	0	17	0	0	0	0	0	14	0	0	0	0	7	14
LT934125.1	+	85832	86167	85832	86167	NOV_TX_497	0	0	0	0	0	21	59	0	0	0	0	22	0	78	0	0	0	0	0	0	0	0	0	0	0	0
LT934125.1	+	85996	86167	85996	86167	NOV_TX_498	62	0	0	0	0	18	0	0	0	0	0	0	0	53	0	0	0	0	14	25	0	0	0	15	32	42
LT934125.1	+	86053	86167	86053	86167	NOV_TX_499	0	0	0	0	0	16	0	0	0	0	0	0	0	0	0	0	0	0	0	9	0	0	5	0	0	0
LT934125.1	+	89883	92059	89883	92059	NOV_TX_511	21	0	0	0	0	0	13	0	0	0	0	6	0	0	0	0	0	0	0	0	0	0	0	0	5	16
LT934125.1	+	90010	92059	90010	92059	NOV_TX_513	6	0	0	0	0	0	0	0	0	0	0	0	0	0	0	0	0	0	0	0	0	0	0	0	0	8
LT934125.1	+	90381	92059	90381	92059	NOV_TX_519	20	0	0	0	0	6	19	0	0	0	0	0	0	9	0	0	0	0	5	0	14	0	0	0	0	13
LT934125.1	+	90718	92059	90718	92059	NOV_TX_521	11	0	0	0	0	0	16	0	0	0	0	0	0	8	0	0	0	0	0	5	0	0	0	0	0	0
LT934125.1	+	91360	92059	91360	92059	NOV_TX_533	35	0	0	0	7	14	70	0	0	5	5	23	0	33	0	0	0	0	17	11	0	0	0	5	8	20
LT934125.1	+	91409	91559	91409	91559	NOV_TX_535	20	0	0	0	0	5	8	0	0	0	0	0	0	5	0	0	0	0	0	0	17	0	0	0	12	11
LT934125.1	+	91548	92059	91548	92059	NOV_TX_538	58	0	0	0	12	23	96	0	0	5	11	23	0	78	0	0	0	7	42	19	70	0	0	8	40	62
LT934125.1	+	91766	92059	91766	92059	NOV_TX_540	0	0	0	0	0	15	0	0	0	0	10	0	0	0	0	0	0	5	9	14	0	0	0	8	0	0
LT934125.1	+	91884	92059	91884	92059	NOV_TX_541	0	0	0	0	0	13	0	0	0	0	0	0	0	0	0	0	0	0	0	8	0	0	0	0	15	0
LT934125.1	+	107309	108830	107309	108830	NOV_TX_550	0	0	0	0	0	0	0	0	0	0	0	0	0	5	0	0	0	0	0	0	16	0	0	0	0	9
LT934125.1	+	107419	108830	107419	108830	NOV_TX_551	17	0	0	0	0	10	44	0	0	0	0	12	0	27	0	0	0	0	12	15	94	0	0	19	94	145
LT934125.1	+	107580	108830	107580	108830	NOV_TX_553	0	0	0	0	0	5	0	0	0	0	0	0	0	0	0	0	0	0	0	0	0	0	0	0	21	0
LT934125.1	+	107615	108830	107615	108830	NOV_TX_554	9	0	0	0	0	12	33	0	0	0	0	0	0	39	0	0	0	0	12	0	269	0	0	11	37	80
LT934125.1	+	107666	108830	107666	108830	NOV_TX_555	5	0	0	0	0	0	9	0	0	0	0	0	0	0	0	0	0	0	0	0	17	0	0	0	7	14
LT934125.1	+	107746	108830	107746	108830	NOV_TX_556	0	0	0	0	0	0	9	0	0	0	0	0	0	12	0	0	0	0	0	6	0	0	0	0	16	0
LT934125.1	+	107819	108830	107819	108830	NOV_TX_557	7	0	0	0	0	5	7	0	0	0	0	0	0	0	0	0	0	0	0	7	0	0	0	0	19	19
LT934125.1	+	107889	108830	107889	108830	NOV_TX_558	0	0	0	0	0	13	0	0	0	0	0	5	0	102	0	0	0	0	0	0	32	0	0	0	64	21
LT934125.1	+	107972	108830	107972	108830	NOV_TX_559	0	0	0	0	0	0	21	0	0	0	0	9	0	42	0	0	0	7	0	7	49	0	0	5	21	46
LT934125.1	+	108057	108830	108057	108830	NOV_TX_560	0	0	0	0	0	0	18	0	0	0	0	6	0	21	0	0	0	0	6	7	54	0	0	0	23	25
LT934125.1	+	108175	108830	108175	108830	NOV_TX_561	0	0	0	0	0	0	33	0	0	0	0	0	0	17	0	0	0	0	5	0	44	0	0	0	71	13
LT934125.1	+	108307	108830	108307	108830	NOV_TX_562	15	0	0	0	0	5	62	0	0	0	6	16	0	48	0	0	0	8	19	9	98	0	0	9	60	77
LT934125.1	+	108572	108830	108572	108830	NOV_TX_564	0	0	0	0	0	8	0	0	0	0	5	0	0	0	0	0	0	0	8	0	0	0	0	12	78	61
LT934125.1	+	108663	108830	108663	108830	NOV_TX_565	31	0	0	0	0	11	7	0	0	0	0	0	0	67	0	0	0	7	22	16	94	0	0	19	0	0
LT934125.1	+	114984	116628	114984	116628	NOV_TX_567	0	0	0	0	0	0	0	0	0	0	0	0	0	0	0	0	0	0	0	0	6	0	0	0	5	11
LT934125.1	+	114984	116961	114984	116961	NOV_TX_566	11	0	0	0	0	11	0	0	0	0	0	0	0	0	0	0	0	0	5	0	15	0	0	12	20	42
LT934125.1	+	115472	116628	115472	116628	NOV_TX_569	0	0	0	0	0	0	0	0	0	0	0	0	0	0	0	0	0	0	8	0	12	0	0	0	14	12
LT934125.1	+	115472	116961	115472	116961	NOV_TX_568	167	0	0	0	8	64	38	0	0	0	6	0	0	0	0	0	0	25	92	42	113	0	0	40	174	92
LT934125.1	+	115550	116961	115550	116961	NOV_TX_570	60	0	0	0	0	0	0	0	0	0	0	5	0	0	0	0	0	0	38	6	39	0	0	16	32	21
LT934125.1	+	115742	116628	115742	116628	NOV_TX_573	0	0	0	0	0	0	0	0	0	0	0	0	0	5	0	0	0	0	0	0	6	0	0	0	0	9
LT934125.1	+	115742	116961	115742	116961	NOV_TX_572	49	0	0	0	0	14	17	0	0	0	9	0	0	37	0	0	0	0	9	14	21	0	0	14	21	32
LT934125.1	+	115820	116628	115820	116628	NOV_TX_575	5	0	0	0	0	0	0	0	0	0	0	0	0	8	0	0	0	0	0	0	24	0	0	10	31	40
LT934125.1	+	115820	116961	115820	116961	NOV_TX_574	130	0	0	0	7	0	40	0	0	0	23	0	0	121	0	0	0	14	43	0	115	0	0	26	148	180
LT934125.1	+	115923	116628	115923	116628	NOV_TX_577	7	0	0	0	0	0	0	0	0	0	0	0	0	10	0	0	0	0	0	0	12	0	0	0	13	18
LT934125.1	+	115923	116961	115923	116961	NOV_TX_576	47	0	0	0	11	21	29	0	0	0	6	9	0	31	0	0	0	0	10	10	39	0	0	7	44	53
LT934125.1	+	116044	116628	116044	116628	NOV_TX_579	0	0	0	0	0	0	0	0	0	0	0	0	0	14	0	0	0	0	0	16	14	0	0	0	16	15
LT934125.1	+	116044	116961	116044	116961	NOV_TX_578	51	0	0	0	0	15	43	0	0	0	13	15	0	26	0	0	0	9	49	14	35	0	0	6	40	54
LT934125.1	+	116218	116628	116218	116628	NOV_TX_581	7	0	0	0	0	10	0	0	0	0	0	0	0	12	0	0	0	0	10	8	14	0	0	0	15	24
LT934125.1	+	116218	116961	116218	116961	NOV_TX_580	96	0	0	0	11	24	75	0	0	0	13	18	0	69	0	0	0	10	51	16	52	0	8	12	81	95
LT934125.1	+	116429	116628	116429	116628	NOV_TX_583	14	0	0	0	0	6	0	0	0	0	0	0	0	37	0	0	0	0	0	0	93	0	0	13	73	127
LT934125.1	+	116429	116961	116429	116961	NOV_TX_582	196	0	0	0	10	59	0	0	0	8	23	0	0	128	0	0	6	9	45	41	174	0	0	32	155	294
LT934125.1	+	116641	116961	116641	116961	NOV_TX_584	1616	0	0	0	19	489	905	0	0	15	294	445	0	924	6	17	6	14	155	274	1236	0	27	197	605	2031
LT934125.1	+	116776	116961	116776	116961	NOV_TX_585	1006	0	0	6	0	213	514	0	5	14	82	0	0	369	0	0	7	0	212	236	605	0	0	116	404	1013
LT934125.1	+	116834	116961	116834	116961	NOV_TX_586	0	0	0	0	26	0	0	0	0	0	16	0	0	0	0	0	0	0	170	179	359	0	0	113	540	672
LT934125.1	+	117607	120477	117607	120477	NOV_TX_588	45	0	0	0	0	0	54	0	0	0	6	16	0	22	0	0	0	0	6	10	165	0	0	0	11	47
LT934125.1	+	117901	120477	117901	120477	NOV_TX_593	8	0	0	0	0	0	11	0	0	0	0	0	0	0	0	0	0	0	0	0	0	0	0	0	0	9
LT934125.1	+	118041	120477	118041	120477	NOV_TX_594	0	0	0	0	0	0	5	0	0	0	0	0	0	0	0	0	0	0	0	0	0	0	0	0	0	6
LT934125.1	+	118186	120477	118186	120477	NOV_TX_596	8	0	0	0	0	0	0	0	0	0	0	8	0	0	0	0	0	0	0	0	0	0	0	0	0	8
LT934125.1	+	118521	120477	118521	120477	NOV_TX_601	11	0	0	0	0	7	0	0	0	0	0	0	0	0	0	0	0	0	0	18	0	0	0	0	8	23
LT934125.1	+	118913	120477	118913	120477	NOV_TX_609	917	0	0	0	0	0	0	0	0	0	0	0	0	0	0	0	0	0	0	65	0	0	0	0	230	0
LT934125.1	+	118968	120477	118968	120477	NOV_TX_611	190	0	0	0	0	40	0	0	0	0	10	0	0	0	0	0	0	0	41	0	188	0	0	34	67	153
LT934125.1	+	119061	120477	119061	120477	NOV_TX_614	161	0	0	0	0	23	82	0	0	0	0	81	0	113	0	0	0	5	0	40	166	0	0	8	40	53
LT934125.1	+	119221	120477	119221	120477	NOV_TX_616	83	0	0	0	5	122	259	0	0	0	0	113	0	630	0	0	0	0	19	14	683	0	0	15	23	595
LT934125.1	+	119304	120477	119304	120477	NOV_TX_618	0	0	0	0	0	0	0	0	0	0	0	0	0	0	0	0	0	0	10	11	0	0	0	0	21	57
LT934125.1	+	119344	120477	119344	120477	NOV_TX_619	0	0	0	0	0	0	0	0	0	0	0	19	0	81	0	0	0	0	0	0	132	0	0	10	42	0
LT934125.1	+	119382	120477	119382	120477	NOV_TX_620	0	0	0	0	0	28	0	0	0	0	13	0	0	0	0	0	0	0	22	0	0	0	0	0	0	0
LT934125.1	+	119436	120477	119436	120477	NOV_TX_621	143	0	0	0	5	17	64	0	0	0	11	39	0	154	0	0	0	0	35	43	141	0	0	22	63	0
LT934125.1	+	119484	120477	119484	120477	NOV_TX_623	179	0	0	0	0	0	0	0	0	0	0	0	0	0	0	0	0	5	49	0	0	0	0	0	103	81
LT934125.1	+	119564	120477	119564	120477	NOV_TX_624	340	0	0	0	21	69	167	0	0	0	18	50	0	339	0	0	6	10	78	114	459	0	0	11	128	395
LT934125.1	+	119632	120477	119632	120477	NOV_TX_626	111	0	0	0	0	25	57	0	0	0	8	38	0	62	0	0	0	0	27	0	0	0	0	5	57	110
LT934125.1	+	119691	120477	119691	120477	NOV_TX_628	0	0	0	0	0	0	68	0	0	0	0	25	0	0	0	0	0	7	28	0	131	0	0	0	51	114
LT934125.1	+	119791	120477	119791	120477	NOV_TX_630	272	0	0	0	12	39	58	0	0	0	8	57	0	278	0	0	0	11	71	72	500	0	10	35	156	368
LT934125.1	+	119870	120477	119870	120477	NOV_TX_632	290	0	0	0	0	62	80	0	0	0	11	73	0	240	0	0	0	12	0	0	221	0	5	31	117	423
LT934125.1	+	119942	120477	119942	120477	NOV_TX_635	566	0	0	0	0	100	389	0	0	24	77	134	0	793	0	9	0	41	203	198	937	0	0	80	367	801
LT934125.1	+	120081	120477	120081	120477	NOV_TX_638	169	0	0	0	5	26	130	0	0	0	0	136	0	231	0	0	0	14	50	64	334	0	0	28	133	219
LT934125.1	+	120211	120477	120211	120477	NOV_TX_640	0	0	0	0	0	0	187	0	0	0	23	46	0	0	0	0	0	0	0	0	0	0	7	35	0	0
LT934125.1	+	120256	120477	120256	120477	NOV_TX_643	603	0	0	7	10	0	0	0	0	0	0	0	0	800	0	0	0	17	118	147	1014	0	10	27	522	822
LT934125.1	+	120327	120477	120327	120477	NOV_TX_645	733	0	0	0	24	166	117	0	0	0	0	45	0	789	0	0	9	50	160	213	626	0	14	0	377	807
LT934125.1	+	120555	125230	120555	125230	NOV_TX_649	6	0	0	0	0	0	5	0	0	0	0	0	0	0	0	0	0	0	0	0	5	0	0	0	0	6
LT934125.1	+	120934	122915	120934	122915	NOV_TX_652	18	0	0	0	0	6	11	0	0	0	0	6	0	9	0	0	0	0	5	0	18	0	0	0	9	13
LT934125.1	+	121270	122915	121270	122915	NOV_TX_660	15	0	0	0	0	0	0	0	0	0	0	0	0	0	0	0	0	0	0	0	16	0	0	0	0	8
LT934125.1	+	121715	122915	121715	122915	NOV_TX_669	73	0	0	0	0	6	26	0	0	0	6	10	0	0	0	0	0	0	6	6	89	0	0	5	0	63
LT934125.1	+	121836	122915	121836	122915	NOV_TX_674	0	0	0	0	0	50	0	0	0	0	0	0	0	0	0	0	0	0	0	0	254	0	0	0	0	0
LT934125.1	+	121901	122915	121901	122915	NOV_TX_676	54	0	0	0	0	8	36	0	0	0	9	20	0	45	0	0	0	10	9	21	197	0	0	9	30	137
LT934125.1	+	122014	122915	122014	122915	NOV_TX_679	0	0	0	0	0	9	89	0	0	0	0	0	0	0	0	0	0	0	9	7	88	0	0	8	33	17
LT934125.1	+	122119	122915	122119	122915	NOV_TX_680	27	0	0	0	0	0	20	0	0	0	9	11	0	0	0	0	0	0	6	9	39	0	0	0	17	24
LT934125.1	+	122189	122915	122189	122915	NOV_TX_683	20	0	0	0	0	6	12	0	0	0	0	0	0	18	0	0	0	0	10	8	0	0	0	0	0	0
LT934125.1	+	122289	122915	122289	122915	NOV_TX_685	0	0	0	0	0	64	36	0	0	0	41	16	0	425	0	0	0	29	115	14	77	0	0	7	246	503
LT934125.1	+	122402	122915	122402	122915	NOV_TX_688	84	0	0	0	0	0	73	0	0	0	20	19	0	113	0	0	0	0	25	0	129	0	0	9	50	86
LT934125.1	+	122463	122915	122463	122915	NOV_TX_691	0	0	0	0	12	0	0	0	0	0	0	0	0	0	0	0	0	0	101	0	622	0	0	49	201	0
LT934125.1	+	122518	122915	122518	122915	NOV_TX_694	61	0	0	0	0	21	28	0	0	0	0	0	0	100	0	0	0	7	0	18	90	0	0	0	74	95
LT934125.1	+	122644	122915	122644	122915	NOV_TX_697	55	0	0	0	5	8	70	0	0	0	0	34	0	104	0	0	0	6	37	45	86	0	0	14	22	67
LT934125.1	+	122922	125230	122922	125230	NOV_TX_700	10	0	0	0	0	0	13	0	0	0	0	7	0	6	0	0	0	0	0	0	10	0	0	0	12	37
LT934125.1	+	122922	126151	122922	126151	NOV_TX_701	10	0	0	0	0	0	5	0	0	0	0	8	0	0	0	0	0	0	0	0	6	0	0	0	0	5
LT934125.1	+	123048	125230	123048	125230	NOV_TX_703	39	0	0	0	0	0	5	0	0	0	0	0	0	0	0	0	0	0	0	0	0	0	0	0	0	0
LT934125.1	+	123048	126151	123048	126151	NOV_TX_702	46	0	0	0	0	0	5	0	0	0	0	0	0	0	0	0	0	0	0	0	0	0	0	0	0	0
LT934125.1	+	123606	125230	123606	125230	NOV_TX_714	0	0	0	0	0	0	5	0	0	0	0	0	0	0	0	0	0	0	0	0	7	0	0	0	0	10
LT934125.1	+	123606	126151	123606	126151	NOV_TX_715	0	0	0	0	0	0	8	0	0	0	0	0	0	0	0	0	0	0	0	0	5	0	0	0	0	0
LT934125.1	+	123768	125230	123768	125230	NOV_TX_719	0	0	0	0	0	0	5	0	0	0	0	0	0	0	0	0	0	0	0	0	9	0	0	0	6	8
LT934125.1	+	123768	126151	123768	126151	NOV_TX_718	8	0	0	0	0	0	6	0	0	0	0	0	0	0	0	0	0	0	0	0	0	0	0	0	0	0
LT934125.1	+	123824	125230	123824	125230	NOV_TX_720	12	0	0	0	0	0	9	0	0	0	0	0	0	0	0	0	0	0	0	7	0	0	0	0	0	0
LT934125.1	+	123824	126151	123824	126151	NOV_TX_721	8	0	0	0	0	0	12	0	0	0	0	0	0	0	0	0	0	0	0	0	0	0	0	0	0	0
LT934125.1	+	123923	125230	123923	125230	NOV_TX_724	0	0	0	0	0	0	15	0	0	0	0	0	0	0	0	0	0	0	5	0	0	0	0	0	5	0
LT934125.1	+	124027	125230	124027	125230	NOV_TX_727	5	0	0	0	0	0	0	0	0	0	0	0	0	0	0	0	0	0	0	0	0	0	0	0	0	8
LT934125.1	+	124093	125230	124093	125230	NOV_TX_728	0	0	0	0	0	0	6	0	0	0	0	0	0	0	0	0	0	0	0	0	8	0	0	0	0	6
LT934125.1	+	124304	125230	124304	125230	NOV_TX_731	41	0	0	0	10	72	30	0	0	0	0	15	0	33	0	0	5	0	12	50	43	0	0	33	137	389
LT934125.1	+	124304	126151	124304	126151	NOV_TX_730	22	0	0	0	0	13	11	0	0	0	0	9	0	0	0	0	0	0	5	0	5	0	0	0	8	18
LT934125.1	+	124540	125230	124540	125230	NOV_TX_732	61	0	0	0	0	17	51	0	0	0	33	9	0	62	0	0	0	0	20	13	389	0	0	92	278	502
LT934125.1	+	124540	126151	124540	126151	NOV_TX_733	28	0	0	0	0	0	13	0	0	0	6	0	0	18	0	0	0	0	0	0	79	0	0	0	43	32
LT934125.1	+	124677	125230	124677	125230	NOV_TX_734	16	0	0	0	0	8	25	0	0	0	0	5	0	18	0	0	0	0	0	0	24	0	0	0	0	37
LT934125.1	+	124677	126151	124677	126151	NOV_TX_735	12	0	0	0	0	0	9	0	0	0	0	0	0	0	0	0	0	0	0	0	6	0	0	0	0	9
LT934125.1	+	124826	125230	124826	125230	NOV_TX_736	0	0	0	0	0	0	0	0	0	0	0	0	0	0	0	0	0	6	14	0	0	0	0	14	0	0
LT934125.1	+	124872	125230	124872	125230	NOV_TX_739	0	0	0	0	0	0	49	0	0	0	0	0	0	35	0	0	0	0	7	0	153	0	0	0	44	151
LT934125.1	+	124872	126151	124872	126151	NOV_TX_738	0	0	0	0	0	0	17	0	0	0	0	0	0	22	0	0	0	0	0	0	94	0	0	0	16	29
LT934125.1	+	124989	125230	124989	125230	NOV_TX_741	229	0	0	0	0	53	25	0	0	0	0	0	0	65	0	0	0	0	55	18	95	0	0	0	34	126
LT934125.1	+	124989	126151	124989	126151	NOV_TX_740	465	0	0	0	14	87	42	0	0	0	0	7	0	41	0	0	0	0	41	0	37	0	0	0	14	13
LT934125.1	+	125105	125230	125105	125230	NOV_TX_743	176	0	0	0	7	51	0	0	0	0	0	6	0	297	0	0	0	0	0	55	298	0	0	0	141	417
LT934125.1	+	125105	126151	125105	126151	NOV_TX_742	247	0	0	0	8	39	0	0	0	0	0	54	0	224	0	0	0	0	0	44	265	0	0	0	63	127
LT934125.1	+	125144	125230	125144	125230	NOV_TX_744	0	0	0	0	0	0	5	0	0	0	0	0	0	0	0	0	0	0	0	0	12	0	0	0	0	0
LT934125.1	+	125144	126151	125144	126151	NOV_TX_745	0	0	0	0	0	0	30	0	0	0	12	0	0	0	0	0	0	0	10	0	143	0	0	0	0	0
LT934125.1	+	125269	126151	125269	126151	NOV_TX_747	0	0	0	0	0	0	190	0	0	0	0	0	0	219	0	0	0	0	0	59	0	0	0	0	0	0
LT934125.1	+	125317	126151	125317	126151	NOV_TX_748	655	0	0	0	0	0	135	0	0	0	8	44	0	0	0	0	0	0	46	0	0	0	0	0	68	130
LT934125.1	+	125373	126151	125373	126151	NOV_TX_749	327	0	0	0	0	68	218	0	0	0	55	0	0	312	0	0	0	0	63	0	316	0	0	41	113	137
LT934125.1	+	125430	126151	125430	126151	NOV_TX_751	0	0	0	0	0	0	0	0	0	0	15	0	0	64	0	0	0	0	14	13	0	0	0	0	0	35
LT934125.1	+	125488	126151	125488	126151	NOV_TX_752	103	0	0	0	0	0	91	0	0	0	0	25	0	114	0	0	0	0	13	23	105	0	0	5	12	41
LT934125.1	+	125729	126151	125729	126151	NOV_TX_753	250	0	0	0	14	38	240	0	0	0	41	29	0	116	0	0	0	0	22	37	284	0	0	14	61	191
LT934125.1	+	125980	126151	125980	126151	NOV_TX_754	580	0	0	0	28	137	0	0	0	0	35	0	0	353	0	0	5	26	0	73	499	0	0	53	168	297
LT934125.1	+	126040	126151	126040	126151	NOV_TX_755	0	0	0	0	0	0	0	0	0	0	0	0	0	0	0	0	0	0	33	94	0	0	0	0	0	0
LT934125.1	+	136348	141356	136348	141356	NOV_TX_757	19	0	0	0	0	0	7	0	0	0	0	7	0	0	0	0	0	0	0	0	0	0	0	0	12	27
LT934125.1	+	139982	141356	139982	141356	NOV_TX_774	11	0	0	0	0	0	16	0	0	0	0	7	0	6	0	0	0	0	0	0	0	0	0	0	10	12
LT934125.1	+	140103	141356	140103	141356	NOV_TX_775	0	0	0	0	0	5	19	0	0	0	0	0	0	0	0	0	0	0	0	0	0	0	0	0	0	0
LT934125.1	+	140324	141356	140324	141356	NOV_TX_777	0	0	0	0	0	6	13	0	0	0	0	5	0	0	0	0	0	0	0	0	0	0	0	0	15	0
LT934125.1	+	140619	141356	140619	141356	NOV_TX_780	0	0	0	0	0	6	44	0	0	0	0	0	0	0	0	0	0	0	6	15	0	0	0	0	30	0
LT934125.1	+	140746	141356	140746	141356	NOV_TX_781	0	0	0	0	0	17	55	0	0	7	11	7	0	0	0	0	0	6	11	0	0	23	0	0	125	168
LT934125.1	+	140873	141356	140873	141356	NOV_TX_782	0	0	0	0	0	0	12	0	0	0	0	0	0	0	0	0	0	0	0	8	0	5	0	0	0	0
LT934125.1	+	140944	141356	140944	141356	NOV_TX_783	0	0	0	0	0	0	42	0	0	0	0	0	0	0	0	0	0	0	16	0	0	9	0	0	0	0
LT934125.1	+	141092	141356	141092	141356	NOV_TX_784	79	0	0	0	0	39	24	0	0	0	15	5	0	115	0	0	0	7	27	7	0	7	11	14	96	72
LT934125.1	-	2778	2933	2933	2778	NOV_TX_785	88	0	0	0	16	21	21	0	0	0	0	0	0	297	0	0	0	30	25	44	0	0	6	38	117	319
LT934125.1	-	2778	3034	3034	2778	NOV_TX_786	0	0	0	0	0	13	15	0	0	0	0	0	0	31	0	0	0	0	9	21	0	0	10	27	41	45
LT934125.1	-	2778	3251	3251	2778	NOV_TX_787	32	0	0	0	0	17	87	0	0	0	0	50	0	32	0	0	0	0	13	11	40	0	5	0	25	40
LT934125.1	-	2778	3442	3442	2778	NOV_TX_788	25	0	0	0	0	9	8	0	0	0	0	7	0	29	0	0	0	0	0	12	22	0	0	11	18	30
LT934125.1	-	2778	3671	3671	2778	NOV_TX_790	0	0	0	0	0	0	9	0	0	0	0	5	0	0	0	0	0	0	0	0	0	0	0	0	13	0
LT934125.1	-	2778	3732	3732	2778	NOV_TX_791	0	0	0	0	0	6	15	0	0	0	0	0	0	0	0	0	0	0	0	0	0	0	0	0	0	0
LT934125.1	-	2778	3810	3810	2778	NOV_TX_792	18	0	0	0	6	0	11	0	0	0	0	0	0	0	0	0	0	0	0	8	0	0	0	6	13	0
LT934125.1	-	2778	4447	4447	2778	NOV_TX_797	6	0	0	0	0	0	5	0	0	0	0	0	0	0	0	0	0	0	0	5	0	0	0	0	0	0
LT934125.1	-	8487	8657	8657	8487	NOV_TX_807	0	0	0	0	0	0	0	0	0	0	0	0	0	0	0	0	0	0	0	10	0	0	11	0	0	0
LT934125.1	-	8487	8770	8770	8487	NOV_TX_808	0	0	0	0	0	15	19	0	0	0	5	8	0	0	0	0	0	0	0	8	0	0	0	0	12	0
LT934125.1	-	8487	8943	8943	8487	NOV_TX_810	0	0	0	0	0	0	13	0	0	0	0	11	0	0	0	0	0	0	0	0	0	0	0	7	0	0
LT934125.1	-	8487	8997	8997	8487	NOV_TX_811	0	0	0	0	0	0	43	0	0	0	9	12	0	25	0	0	0	8	19	12	20	0	0	7	16	16
LT934125.1	-	8487	9058	9058	8487	NOV_TX_812	51	0	0	0	0	18	39	0	0	9	11	12	0	51	0	0	0	6	22	18	62	0	0	0	29	37
LT934125.1	-	8487	9145	9145	8487	NOV_TX_814	0	0	0	0	10	8	17	0	0	0	0	0	0	0	0	0	0	0	12	0	0	0	0	30	0	0
LT934125.1	-	8487	9214	9214	8487	NOV_TX_815	27	0	0	0	0	9	48	0	0	0	5	18	0	57	0	0	0	0	24	13	169	0	0	13	24	37
LT934125.1	-	8487	9264	9264	8487	NOV_TX_816	0	0	0	0	0	18	19	0	0	0	0	15	0	0	0	0	0	0	5	0	0	0	0	0	0	0
LT934125.1	-	8487	9350	9350	8487	NOV_TX_817	0	0	0	0	0	8	5	0	0	0	0	0	0	7	0	0	0	0	0	0	12	0	0	5	7	0
LT934125.1	-	8487	9427	9427	8487	NOV_TX_818	0	0	0	0	0	14	0	0	0	0	0	0	0	0	0	0	0	0	0	5	0	0	0	9	0	0
LT934125.1	-	8487	9590	9590	8487	NOV_TX_819	9	0	0	0	0	9	7	0	0	0	0	5	0	0	0	0	0	0	7	0	33	0	0	0	0	11
LT934125.1	-	16583	16858	16858	16583	NOV_TX_824	148	0	0	0	13	52	134	0	0	0	0	10	0	295	0	0	0	10	29	33	355	0	0	24	67	137
LT934125.1	-	16583	17110	17110	16583	NOV_TX_825	90	0	0	0	0	9	252	0	0	0	5	16	0	110	0	0	0	5	0	27	141	0	0	0	33	81
LT934125.1	-	16583	17328	17328	16583	NOV_TX_826	210	0	0	0	11	42	130	0	0	5	11	28	0	212	0	0	0	13	30	50	299	0	0	16	94	223
LT934125.1	-	16583	17464	17464	16583	NOV_TX_827	97	0	0	0	0	15	68	0	0	0	6	15	0	71	0	0	0	7	15	14	146	0	0	5	28	88
LT934125.1	-	16583	17555	17555	16583	NOV_TX_828	46	0	0	0	0	9	25	0	0	0	0	0	0	54	0	0	0	0	0	24	43	0	0	0	23	69
LT934125.1	-	16583	17625	17625	16583	NOV_TX_829	0	0	0	0	0	0	0	0	0	0	0	0	0	66	0	0	0	0	0	26	118	0	0	0	0	52
LT934125.1	-	16583	17670	17670	16583	NOV_TX_830	49	0	0	0	0	0	19	0	0	0	0	6	0	48	0	0	0	0	6	6	70	0	0	0	0	56
LT934125.1	-	16583	17751	17751	16583	NOV_TX_831	58	0	0	0	0	18	61	0	0	0	0	8	0	57	0	0	0	0	22	22	113	0	0	0	21	70
LT934125.1	-	16583	17871	17871	16583	NOV_TX_832	0	0	0	0	0	0	22	0	0	0	0	0	0	0	0	0	0	0	0	0	66	0	0	0	0	28
LT934125.1	-	16583	17981	17981	16583	NOV_TX_833	41	0	0	0	7	6	30	0	0	0	0	0	0	29	0	0	0	0	0	7	46	0	0	0	7	29
LT934125.1	-	16583	18086	18086	16583	NOV_TX_834	44	0	0	0	0	5	15	0	0	0	0	0	0	23	0	0	0	0	8	12	86	0	0	6	16	39
LT934125.1	-	16583	18214	18214	16583	NOV_TX_835	31	0	0	0	0	0	9	0	0	0	0	0	0	14	0	0	0	0	5	0	0	0	0	0	6	17
LT934125.1	-	16583	18270	18270	16583	NOV_TX_836	48	0	0	0	0	9	16	0	0	0	0	7	0	0	0	0	0	0	0	0	77	0	0	0	13	0
LT934125.1	-	16583	18391	18391	16583	NOV_TX_837	39	0	0	0	0	0	8	0	0	0	0	0	0	13	0	0	0	0	0	82	67	0	0	0	10	25
LT934125.1	-	16583	18541	18541	16583	NOV_TX_838	0	0	0	0	0	5	21	0	0	0	0	0	0	0	0	0	0	0	0	0	68	0	0	0	0	39
LT934125.1	-	16583	18676	18676	16583	NOV_TX_839	0	0	0	0	0	0	10	0	0	0	0	0	0	0	0	0	0	0	5	0	13	0	0	0	0	10
LT934125.1	-	16583	18779	18779	16583	NOV_TX_840	0	0	0	0	0	0	0	0	0	0	0	0	0	0	0	0	0	0	0	0	17	0	0	0	0	7
LT934125.1	-	16583	18883	18883	16583	NOV_TX_842	0	0	0	0	0	0	63	0	0	0	0	0	0	0	0	0	0	0	0	0	23	0	0	0	0	102
LT934125.1	-	16583	18963	18963	16583	NOV_TX_843	0	0	0	0	0	0	0	0	0	0	0	0	0	0	0	0	0	0	0	8	30	0	0	0	0	27
LT934125.1	-	16583	19344	19344	16583	NOV_TX_847	0	0	0	0	0	0	13	0	0	0	0	0	0	0	0	0	0	0	0	0	0	0	0	0	0	12
LT934125.1	-	16583	19473	19473	16583	NOV_TX_849	38	0	0	0	0	0	19	0	0	0	0	14	0	12	0	0	0	0	0	6	77	0	0	0	13	28
LT934125.1	-	16583	21472	21472	16583	NOV_TX_854	0	0	0	0	0	0	7	0	0	0	0	0	0	0	0	0	0	0	0	0	0	0	0	0	0	6
LT934125.1	-	18583	19473	19473	18583	NOV_TX_850	8	0	0	0	0	0	0	0	0	0	0	0	0	15	0	0	0	0	0	0	28	0	0	0	0	15
LT934125.1	-	21477	21599	21599	21477	NOV_TX_855	0	0	0	0	0	91	0	0	0	0	0	0	0	0	0	0	0	18	0	87	0	0	0	109	216	417
LT934125.1	-	21477	21635	21635	21477	NOV_TX_856	1100	0	0	0	31	0	0	0	0	0	0	68	0	883	0	0	31	0	0	297	0	0	105	318	0	0
LT934125.1	-	21477	21709	21709	21477	NOV_TX_857	0	0	0	0	0	22	50	0	0	0	0	6	0	77	0	0	0	0	45	30	0	0	14	25	147	105
LT934125.1	-	21477	21924	21924	21477	NOV_TX_858	96	0	0	0	10	51	270	0	0	0	18	45	0	240	0	0	0	44	112	91	124	0	12	42	103	113
LT934125.1	-	21477	22045	22045	21477	NOV_TX_860	0	0	0	0	0	6	15	0	0	0	0	16	0	17	0	0	0	0	10	8	0	0	0	5	0	0
LT934125.1	-	21477	22176	22176	21477	NOV_TX_861	0	0	0	0	0	9	31	0	0	0	0	0	0	0	0	0	0	0	5	10	0	0	9	0	12	71
LT934125.1	-	21477	22270	22270	21477	NOV_TX_862	0	0	0	0	0	0	27	0	0	0	0	0	0	0	0	0	0	0	0	0	0	0	0	7	10	0
LT934125.1	-	21477	22395	22395	21477	NOV_TX_863	60	0	0	0	9	13	31	0	0	0	0	5	0	14	0	0	0	0	16	13	49	0	6	6	29	26
LT934125.1	-	21477	22556	22556	21477	NOV_TX_865	0	0	0	0	0	0	6	0	0	0	0	0	0	0	0	0	0	0	6	0	0	0	0	0	0	0
LT934125.1	-	21477	22614	22614	21477	NOV_TX_866	14	0	0	0	0	6	0	0	0	0	0	0	0	0	0	0	0	0	0	0	0	0	0	8	0	23
LT934125.1	-	21477	25232	25232	21477	NOV_TX_881	22	0	0	0	0	0	8	0	0	0	0	9	0	0	0	0	0	0	0	0	7	0	0	0	0	13
LT934125.1	-	28429	28648	28648	28429	NOV_TX_886	78	0	0	0	8	55	80	0	0	0	0	6	0	191	0	0	0	8	6	186	135	0	21	18	84	162
LT934125.1	-	28429	28918	28918	28429	NOV_TX_887	125	0	0	0	6	23	27	0	0	0	0	12	0	114	0	0	0	0	31	61	133	0	0	14	46	54
LT934125.1	-	28429	29046	29046	28429	NOV_TX_889	77	0	0	0	0	26	58	0	0	0	0	11	0	141	0	0	0	6	16	23	138	0	0	10	42	92
LT934125.1	-	28429	29131	29131	28429	NOV_TX_890	46	0	0	0	11	0	34	0	0	0	0	10	0	0	0	0	0	0	9	32	69	0	0	0	33	44
LT934125.1	-	28429	29216	29216	28429	NOV_TX_891	35	0	0	0	0	9	21	0	0	0	0	0	0	0	0	0	0	0	0	28	0	0	5	0	0	0
LT934125.1	-	28429	29290	29290	28429	NOV_TX_892	103	0	0	0	13	24	39	0	0	0	0	10	0	107	0	0	0	0	21	43	171	0	0	19	49	112
LT934125.1	-	28429	29414	29414	28429	NOV_TX_893	0	0	0	0	0	0	631	0	0	17	55	0	0	1240	0	0	0	58	180	227	966	0	8	71	315	661
LT934125.1	-	28429	29507	29507	28429	NOV_TX_895	41	0	0	0	5	11	37	0	0	0	0	6	0	39	0	0	0	0	13	13	79	0	0	6	17	61
LT934125.1	-	28429	29570	29570	28429	NOV_TX_896	0	0	0	0	0	0	8	0	0	0	0	0	0	0	0	0	0	0	0	0	11	0	0	0	0	9
LT934125.1	-	28429	29662	29662	28429	NOV_TX_897	8	0	0	0	0	0	7	0	0	0	0	0	0	0	0	0	0	0	0	0	0	0	0	0	0	0
LT934125.1	-	28429	29985	29985	28429	NOV_TX_900	0	0	0	0	0	0	10	0	0	0	0	0	0	0	0	0	0	0	0	0	0	0	0	0	0	8
LT934125.1	-	28429	30877	30877	28429	NOV_TX_905	84	0	0	0	19	9	84	0	0	0	0	19	0	42	0	0	0	6	12	17	153	0	0	6	25	141
LT934125.1	-	32686	32842	32842	32686	NOV_TX_907	311	0	0	0	12	60	52	0	0	0	0	18	0	438	0	0	0	14	72	92	522	0	0	28	154	306
LT934125.1	-	32686	32935	32935	32686	NOV_TX_908	302	0	0	0	0	41	68	0	0	0	8	15	0	246	0	0	0	7	67	70	343	0	0	9	107	150
LT934125.1	-	32686	33035	33035	32686	NOV_TX_909	0	0	0	0	6	30	102	0	0	0	0	8	0	0	0	0	0	0	11	42	342	0	0	0	0	82
LT934125.1	-	32686	33300	33300	32686	NOV_TX_911	34	0	0	0	0	14	15	0	0	0	0	21	0	63	0	0	0	7	9	33	78	0	0	0	9	18
LT934125.1	-	32686	33412	33412	32686	NOV_TX_912	0	0	0	0	0	0	32	0	0	0	0	6	0	0	0	0	0	0	5	0	33	0	0	0	0	0
LT934125.1	-	32686	33612	33612	32686	NOV_TX_914	0	0	0	0	0	0	10	0	0	0	0	0	0	34	0	0	0	0	7	0	0	0	0	0	0	0
LT934125.1	-	32686	33827	33827	32686	NOV_TX_915	0	0	0	0	0	14	8	0	0	0	0	12	0	0	0	0	0	8	25	0	0	0	0	0	7	0
LT934125.1	-	32686	33942	33942	32686	NOV_TX_916	13	0	0	0	0	0	12	0	0	0	0	0	0	0	0	0	0	0	0	0	20	0	0	0	0	0
LT934125.1	-	32686	34080	34080	32686	NOV_TX_917	8	0	0	0	0	0	11	0	0	0	0	0	0	5	0	0	0	0	0	0	22	0	0	0	0	7
LT934125.1	-	42005	42211	42211	42005	NOV_TX_922	0	0	0	0	0	0	14	0	0	0	0	0	0	0	0	0	0	0	0	11	0	0	0	0	0	0
LT934125.1	-	42005	42407	42407	42005	NOV_TX_923	35	0	0	0	0	5	12	0	0	0	0	0	0	0	0	0	0	0	7	7	0	0	0	6	0	0
LT934125.1	-	42005	42522	42522	42005	NOV_TX_924	0	0	0	0	0	5	30	0	0	0	0	5	0	0	0	0	0	0	5	8	0	0	0	0	0	29
LT934125.1	-	42005	42629	42629	42005	NOV_TX_925	0	0	0	0	0	0	0	0	0	0	0	0	0	0	0	0	0	0	7	9	0	0	0	0	15	0
LT934125.1	-	42005	42704	42704	42005	NOV_TX_926	0	0	0	0	0	6	51	0	0	0	0	8	0	0	0	0	0	0	16	31	0	0	0	0	0	0
LT934125.1	-	42005	42809	42809	42005	NOV_TX_927	0	0	0	0	0	0	13	0	0	0	0	0	0	0	0	0	0	0	5	6	0	0	0	0	0	0
LT934125.1	-	42005	43351	43351	42005	NOV_TX_931	0	0	0	0	0	0	10	0	0	0	0	0	0	0	0	0	0	0	0	0	14	0	0	0	8	0
LT934125.1	-	42005	44756	44756	42005	NOV_TX_936	52	0	0	0	0	8	14	0	0	0	0	7	0	25	0	0	0	0	6	5	30	0	0	0	7	36
LT934125.1	-	50027	50176	50176	50027	NOV_TX_940	0	0	0	0	0	25	0	0	0	0	0	0	0	64	0	0	0	0	31	32	0	0	0	0	0	0
LT934125.1	-	50027	50259	50259	50027	NOV_TX_941	0	0	0	0	0	30	25	0	0	0	0	0	0	0	0	0	0	0	0	0	42	0	0	8	0	0
LT934125.1	-	50027	50360	50360	50027	NOV_TX_943	0	0	0	0	0	5	31	0	0	0	0	0	0	51	0	0	0	7	13	9	43	0	0	10	18	26
LT934125.1	-	50027	50412	50412	50027	NOV_TX_945	0	0	0	0	0	0	35	0	0	0	0	0	0	0	0	0	0	0	8	0	0	0	0	0	0	0
LT934125.1	-	50027	50508	50508	50027	NOV_TX_947	5	0	0	0	0	9	32	0	0	0	0	0	0	31	0	0	0	5	12	5	21	0	0	0	20	19
LT934125.1	-	50027	50614	50614	50027	NOV_TX_949	34	0	0	0	6	8	43	0	0	0	6	9	0	36	0	0	0	11	24	13	33	0	0	5	33	28
LT934125.1	-	50027	50720	50720	50027	NOV_TX_951	8	0	0	0	5	0	0	0	0	0	0	0	0	0	0	0	0	0	0	7	0	0	0	0	0	0
LT934125.1	-	50027	50841	50841	50027	NOV_TX_953	0	0	0	0	0	0	8	0	0	0	0	0	0	34	0	0	0	0	9	15	50	0	0	0	0	54
LT934125.1	-	50027	51010	51010	50027	NOV_TX_955	50	0	0	0	16	11	42	0	0	0	0	14	0	25	0	0	0	13	12	9	30	0	10	0	63	31
LT934125.1	-	50027	51094	51094	50027	NOV_TX_957	54	0	0	0	14	18	78	0	0	0	7	21	0	51	0	0	0	0	28	19	134	0	0	32	0	86
LT934125.1	-	50027	51147	51147	50027	NOV_TX_959	373	13	13	12	77	181	420	0	0	9	31	91	0	268	10	13	10	47	170	148	1163	0	15	95	625	1257
LT934125.1	-	50027	53553	53553	50027	NOV_TX_969	0	0	0	0	0	0	5	0	0	0	0	0	0	0	0	0	0	0	0	0	0	0	0	0	0	7
LT934125.1	-	50041	51094	51094	50041	NOV_TX_958	0	0	0	0	0	0	9	0	0	0	0	0	0	0	0	0	0	0	0	0	7	0	0	0	0	0
LT934125.1	-	55270	55379	55379	55270	NOV_TX_971	0	0	0	0	29	170	125	0	0	0	6	17	0	829	0	0	0	32	177	173	1098	0	20	82	363	676
LT934125.1	-	55270	55450	55450	55270	NOV_TX_972	1065	0	0	0	21	157	129	0	0	0	36	25	0	619	0	0	8	36	95	171	1129	0	20	46	341	422
LT934125.1	-	55270	55562	55562	55270	NOV_TX_974	604	0	0	0	6	32	423	0	0	6	39	35	0	495	0	0	0	0	103	53	1172	0	12	32	70	353
LT934125.1	-	55270	55679	55679	55270	NOV_TX_976	238	0	0	0	6	39	275	0	0	0	9	22	0	221	0	0	0	21	33	66	455	0	8	22	109	205
LT934125.1	-	55270	55807	55807	55270	NOV_TX_978	481	0	0	0	12	78	182	0	0	0	21	47	0	379	0	0	0	18	80	76	684	0	9	36	224	451
LT934125.1	-	55270	55957	55957	55270	NOV_TX_981	108	0	0	0	8	6	90	0	0	0	20	18	0	383	0	0	0	17	23	10	116	0	5	48	41	58
LT934125.1	-	55270	56024	56024	55270	NOV_TX_984	0	0	0	0	5	0	0	0	0	0	0	22	0	0	0	0	0	14	0	0	340	0	5	21	105	0
LT934125.1	-	55270	56119	56119	55270	NOV_TX_985	370	0	0	0	8	37	303	0	0	0	19	59	0	303	0	0	0	15	71	36	587	0	16	30	176	212
LT934125.1	-	55270	56188	56188	55270	NOV_TX_988	12255	65	96	133	707	1585	10374	5	31	132	525	1915	16	7661	18	53	103	363	1578	1873	22598	6	325	684	3754	10086
LT934125.1	-	55270	56263	56263	55270	NOV_TX_991	75	0	0	0	0	7	44	0	0	0	0	0	0	59	0	0	0	0	0	0	82	0	0	0	31	32
LT934125.1	-	55270	56325	56325	55270	NOV_TX_994	46	0	0	0	0	0	20	0	0	0	0	0	0	0	0	0	0	0	0	0	43	0	0	0	0	12
LT934125.1	-	55270	56411	56411	55270	NOV_TX_996	0	0	0	0	0	0	40	0	0	0	0	5	0	8	0	0	0	0	16	5	94	0	0	0	0	40
LT934125.1	-	55270	56490	56490	55270	NOV_TX_999	34	0	0	0	0	0	0	0	0	0	0	0	0	0	0	0	0	0	0	0	40	0	0	0	5	18
LT934125.1	-	55270	56618	56618	55270	NOV_TX_1002	47	0	0	0	0	5	23	0	0	0	0	7	0	29	0	0	0	0	12	10	0	0	0	0	9	16
LT934125.1	-	55270	56703	56703	55270	NOV_TX_1005	0	0	0	0	0	0	40	0	0	0	0	0	0	0	0	0	0	0	0	0	51	0	0	0	0	0
LT934125.1	-	55270	56785	56785	55270	NOV_TX_1006	0	0	0	0	0	0	14	0	0	0	0	0	0	0	0	0	0	0	0	5	0	0	0	0	0	0
LT934125.1	-	55270	56872	56872	55270	NOV_TX_1008	50	0	0	0	0	0	0	0	0	0	0	0	0	0	0	0	0	0	0	0	23	0	0	0	0	0
LT934125.1	-	55270	57100	57100	55270	NOV_TX_1017	0	0	0	0	0	0	5	0	0	0	0	0	0	0	0	0	0	0	0	0	16	0	0	0	0	6
LT934125.1	-	55310	56188	56188	55310	NOV_TX_989	45	0	0	0	0	12	55	0	0	0	0	6	0	25	0	0	0	5	10	5	109	0	0	0	20	39
LT934125.1	-	55704	56188	56188	55704	NOV_TX_990	49	0	0	0	0	11	40	0	0	0	0	7	0	78	0	0	0	0	5	9	169	0	0	8	33	95
LT934125.1	-	55704	56946	56946	55704	NOV_TX_1013	0	0	0	0	0	0	0	0	0	0	0	0	0	0	0	0	0	0	10	0	10	0	0	0	0	0
LT934125.1	-	56317	56946	56946	56317	NOV_TX_1011	63	0	0	0	0	8	12	0	0	0	0	0	0	54	0	0	0	5	5	0	120	0	0	5	18	50
LT934125.1	-	63164	63306	63306	63164	NOV_TX_1033	178	0	0	0	10	188	0	0	0	0	0	0	0	1338	0	0	0	15	166	167	1951	0	20	81	465	760
LT934125.1	-	63164	63498	63498	63164	NOV_TX_1036	0	0	0	0	0	0	0	0	0	0	0	0	0	0	0	0	0	0	0	0	21	0	0	0	5	6
LT934125.1	-	63164	64127	64127	63164	NOV_TX_1038	36	0	0	0	0	13	83	0	0	0	0	11	0	142	0	0	0	0	17	16	243	0	0	0	18	63
LT934125.1	-	63164	65752	65752	63164	NOV_TX_1066	7	0	0	0	0	0	7	0	0	0	0	0	0	7	0	0	0	0	0	0	20	0	0	0	0	11
LT934125.1	-	64133	64344	64344	64133	NOV_TX_1041	0	0	0	0	0	18	32	0	0	0	0	12	0	0	0	0	0	6	31	41	143	0	0	0	67	69
LT934125.1	-	64133	64466	64466	64133	NOV_TX_1044	0	0	0	0	0	80	102	0	0	0	0	33	0	0	0	0	0	29	140	0	0	0	0	0	179	0
LT934125.1	-	64133	64526	64526	64133	NOV_TX_1047	0	0	0	0	0	0	30	0	0	0	0	0	0	54	0	0	0	0	10	17	0	0	0	0	0	0
LT934125.1	-	64133	64636	64636	64133	NOV_TX_1049	30	0	0	0	0	0	18	0	0	0	0	0	0	0	0	0	0	0	11	16	155	0	0	9	0	0
LT934125.1	-	64133	64695	64695	64133	NOV_TX_1053	0	0	0	0	0	42	0	0	0	0	11	0	0	152	0	0	0	13	74	0	0	0	0	0	0	0
LT934125.1	-	64133	64784	64784	64133	NOV_TX_1055	0	0	0	0	0	6	26	0	0	0	0	0	0	0	0	0	0	0	16	19	0	0	0	0	0	0
LT934125.1	-	64133	64926	64926	64133	NOV_TX_1056	0	0	0	0	0	5	45	0	0	0	0	0	0	0	0	0	0	0	7	6	0	0	0	0	11	0
LT934125.1	-	64133	65341	65341	64133	NOV_TX_1060	10	0	0	0	0	5	0	0	0	0	0	0	0	0	0	0	0	0	0	0	0	0	0	0	0	0
LT934125.1	-	64133	65752	65752	64133	NOV_TX_1069	0	0	0	0	0	0	0	0	0	0	6	6	0	0	0	0	0	6	14	0	0	0	0	0	16	0
LT934125.1	-	64133	65880	65880	64133	NOV_TX_1070	8	0	0	0	0	0	0	0	0	0	0	0	0	0	0	0	0	0	0	0	12	0	0	0	0	0
LT934125.1	-	71548	71771	71771	71548	NOV_TX_1076	0	0	0	0	0	0	11	0	0	0	0	0	0	27	0	0	0	0	15	0	0	0	0	0	6	0
LT934125.1	-	71548	71882	71882	71548	NOV_TX_1077	32	0	0	0	0	0	37	0	0	0	0	5	0	50	0	0	0	0	16	22	36	0	0	8	17	38
LT934125.1	-	71548	71962	71962	71548	NOV_TX_1078	0	0	0	0	0	0	50	0	0	0	0	0	0	0	0	0	0	0	18	0	0	0	0	15	0	0
LT934125.1	-	71548	72049	72049	71548	NOV_TX_1079	0	0	0	0	0	0	17	0	0	0	0	0	0	0	0	0	0	0	0	7	0	0	0	0	0	0
LT934125.1	-	71548	72174	72174	71548	NOV_TX_1080	17	0	0	0	0	0	26	0	0	0	0	0	0	25	0	0	0	0	0	6	40	0	0	0	7	13
LT934125.1	-	71548	72256	72256	71548	NOV_TX_1081	0	0	0	0	0	0	0	0	0	0	0	5	0	0	0	0	0	0	5	5	0	0	0	0	0	0
LT934125.1	-	71548	72658	72658	71548	NOV_TX_1084	0	0	0	0	0	5	11	0	0	0	0	0	0	0	0	0	0	0	0	0	0	0	0	0	0	0
LT934125.1	-	71548	72730	72730	71548	NOV_TX_1085	15	0	0	0	0	7	12	0	0	0	0	0	0	0	0	0	0	0	0	0	22	0	0	0	10	10
LT934125.1	-	71548	72870	72870	71548	NOV_TX_1086	12	0	0	0	0	0	10	0	0	0	0	0	0	10	0	0	0	0	0	5	20	0	0	0	0	14
LT934125.1	-	71548	73108	73108	71548	NOV_TX_1088	16	0	0	0	0	5	17	0	0	0	0	7	0	6	0	0	0	0	0	7	11	0	0	0	5	19
LT934125.1	-	71548	74345	74345	71548	NOV_TX_1090	12	0	0	0	0	5	8	0	0	0	0	8	0	13	0	0	0	0	0	0	21	0	0	0	20	56
LT934125.1	-	80352	80436	80436	80352	NOV_TX_1093	203	0	0	0	0	33	0	0	0	0	0	0	0	0	0	0	0	0	28	0	0	0	0	9	54	319
LT934125.1	-	80352	80491	80491	80352	NOV_TX_1094	694	0	0	0	22	138	100	0	0	0	6	116	0	424	0	0	0	15	96	135	1501	0	0	136	237	632
LT934125.1	-	80352	80636	80636	80352	NOV_TX_1095	155	0	0	0	7	39	106	0	0	0	8	9	0	187	0	0	0	6	18	47	461	0	0	15	53	160
LT934125.1	-	80352	80835	80835	80352	NOV_TX_1096	258	0	0	0	7	33	130	0	0	0	8	20	0	152	0	0	0	8	39	69	424	0	6	13	95	175
LT934125.1	-	80352	81051	81051	80352	NOV_TX_1098	135	0	0	0	6	39	228	0	0	0	0	18	0	148	0	0	0	5	17	53	1072	0	0	12	23	320
LT934125.1	-	80352	81271	81271	80352	NOV_TX_1099	70	0	0	0	0	26	29	0	0	0	8	0	0	86	0	0	0	0	6	0	126	0	0	15	20	154
LT934125.1	-	80352	81401	81401	80352	NOV_TX_1100	57	0	0	0	0	0	30	0	0	0	0	0	0	41	0	0	0	0	5	8	190	0	0	0	22	39
LT934125.1	-	80352	81490	81490	80352	NOV_TX_1101	71	0	0	0	0	0	19	0	0	0	0	0	0	44	0	0	0	0	0	0	61	0	0	0	19	0
LT934125.1	-	80352	81576	81576	80352	NOV_TX_1102	37	0	0	0	0	5	31	0	0	0	0	0	0	28	0	0	0	0	0	0	73	0	0	0	0	22
LT934125.1	-	80352	81688	81688	80352	NOV_TX_1104	21	0	0	0	0	0	23	0	0	0	0	0	0	0	0	0	0	0	0	0	85	0	0	0	5	34
LT934125.1	-	80352	81743	81743	80352	NOV_TX_1105	0	0	0	0	8	21	0	0	0	0	0	31	0	85	0	0	0	0	0	44	0	0	0	0	179	0
LT934125.1	-	80352	81897	81897	80352	NOV_TX_1106	69	0	0	0	16	14	69	0	0	5	0	8	0	31	0	0	0	5	21	13	50	0	0	7	38	86
LT934125.1	-	80352	82026	82026	80352	NOV_TX_1107	16	0	0	0	0	0	12	0	0	0	0	0	0	7	0	0	0	0	0	0	30	0	0	0	0	7
LT934125.1	-	86133	86308	86308	86133	NOV_TX_1109	0	0	0	0	0	9	35	0	0	0	0	0	0	0	0	0	0	0	0	10	0	0	0	0	0	0
LT934125.1	-	86133	86360	86360	86133	NOV_TX_1110	0	0	0	0	0	15	0	0	0	0	0	0	0	0	0	0	0	0	0	33	0	0	0	10	0	0
LT934125.1	-	86133	86517	86517	86133	NOV_TX_1111	0	0	0	0	0	0	21	0	0	0	0	0	0	65	0	0	0	0	15	18	16	0	0	0	53	23
LT934125.1	-	86133	86719	86719	86133	NOV_TX_1112	24	0	0	0	0	9	13	0	0	0	0	5	0	19	0	0	0	0	9	0	0	0	0	0	9	0
LT934125.1	-	86133	86908	86908	86133	NOV_TX_1113	29	0	0	0	0	0	44	0	0	0	0	6	0	13	0	0	0	0	0	5	0	0	0	6	8	0
LT934125.1	-	86133	86986	86986	86133	NOV_TX_1114	9	0	0	0	0	6	0	0	0	0	0	0	0	0	0	0	0	0	0	0	0	0	0	0	0	0
LT934125.1	-	86133	87214	87214	86133	NOV_TX_1115	0	0	0	0	0	0	15	0	0	0	5	0	0	0	0	0	0	0	9	0	0	0	0	0	0	18
LT934125.1	-	86133	87250	87250	86133	NOV_TX_1116	31	0	0	0	0	6	0	0	0	0	0	0	0	10	0	0	0	0	0	0	0	0	0	0	0	0
LT934125.1	-	86133	87447	87447	86133	NOV_TX_1118	73	0	0	0	8	16	39	0	0	0	6	10	0	22	0	0	0	7	19	11	0	0	0	9	17	25
LT934125.1	-	86133	89154	89154	86133	NOV_TX_1126	42	0	0	0	0	20	39	0	0	0	0	8	0	0	0	0	0	0	0	7	0	0	0	0	0	22
LT934125.1	-	92069	92198	92198	92069	NOV_TX_1128	490	0	0	0	11	35	58	0	0	0	0	0	0	446	0	0	0	0	11	95	392	0	0	0	140	215
LT934125.1	-	92069	92271	92271	92069	NOV_TX_1129	0	0	0	0	0	70	0	0	0	0	0	0	0	0	0	0	0	16	0	0	0	0	0	0	0	0
LT934125.1	-	92069	92304	92304	92069	NOV_TX_1130	554	0	0	0	0	0	250	0	0	0	43	63	0	1003	0	0	0	20	155	159	1079	0	0	55	248	516
LT934125.1	-	92069	92362	92362	92069	NOV_TX_1131	137	0	0	0	0	22	0	0	0	0	38	0	0	242	0	0	0	14	0	0	724	0	0	12	154	190
LT934125.1	-	92069	92476	92476	92069	NOV_TX_1132	127	0	0	0	0	29	71	0	0	0	0	23	0	209	0	0	0	12	11	48	299	0	10	13	77	107
LT934125.1	-	92069	92622	92622	92069	NOV_TX_1134	489	0	0	0	0	0	377	0	0	0	19	40	0	304	0	0	0	0	0	102	507	0	0	29	108	210
LT934125.1	-	92069	92691	92691	92069	NOV_TX_1136	90	0	0	0	0	8	99	0	0	0	0	23	0	260	0	0	0	8	16	23	179	0	0	0	35	0
LT934125.1	-	92069	92775	92775	92069	NOV_TX_1137	189	0	0	0	5	28	109	0	0	0	18	26	0	228	0	0	0	7	0	26	273	0	0	20	55	114
LT934125.1	-	92069	92830	92830	92069	NOV_TX_1139	86	0	0	0	9	0	57	0	0	0	5	11	0	166	0	0	0	11	0	0	329	0	0	12	88	159
LT934125.1	-	92069	93126	93126	92069	NOV_TX_1143	56	0	0	0	0	15	126	0	0	0	5	25	0	0	0	0	0	0	9	17	0	0	0	15	18	0
LT934125.1	-	92069	93242	93242	92069	NOV_TX_1144	48	0	0	0	0	7	16	0	0	0	5	0	0	93	0	0	0	0	0	0	0	0	0	20	13	22
LT934125.1	-	92069	93392	93392	92069	NOV_TX_1146	0	0	0	0	0	7	0	0	0	0	0	5	0	0	0	0	0	0	0	18	0	0	0	5	0	9
LT934125.1	-	92069	93460	93460	92069	NOV_TX_1148	83	0	0	0	5	0	0	0	0	0	0	0	0	9	0	0	0	0	13	0	29	0	0	0	20	30
LT934125.1	-	92069	94338	94338	92069	NOV_TX_1158	0	0	0	0	0	0	0	0	0	0	0	0	0	0	0	0	0	0	5	0	0	0	0	0	5	0
LT934125.1	-	92069	94459	94459	92069	NOV_TX_1160	0	0	0	0	0	9	0	0	0	0	0	7	0	0	0	0	0	0	0	0	0	0	0	0	0	0
LT934125.1	-	92445	92933	92933	92445	NOV_TX_1141	17	0	0	0	0	0	19	0	0	0	0	0	0	19	0	0	0	0	9	0	81	0	0	0	11	23
LT934125.1	-	93229	93460	93460	93229	NOV_TX_1150	5	0	0	0	0	0	0	0	0	0	0	0	0	0	0	0	0	0	0	0	12	0	0	0	0	0
LT934125.1	-	93229	93654	93654	93229	NOV_TX_1152	12	0	0	0	0	0	0	0	0	0	0	0	0	19	0	0	0	6	7	0	42	0	0	6	24	22
LT934125.1	-	93229	94947	94947	93229	NOV_TX_1163	0	0	0	0	0	0	0	0	0	0	0	0	0	0	0	0	0	0	5	0	12	0	0	0	8	10
LT934125.1	-	95889	96041	96041	95889	NOV_TX_1168	0	0	0	0	0	0	0	0	0	0	6	0	0	0	0	0	0	0	0	52	0	0	0	44	0	0
LT934125.1	-	95889	96090	96090	95889	NOV_TX_1169	98	0	0	0	5	62	0	0	0	0	0	23	0	91	0	0	0	14	39	56	0	0	0	66	106	142
LT934125.1	-	95889	96153	96153	95889	NOV_TX_1170	74	0	0	0	0	27	80	0	0	6	13	0	0	87	0	0	0	9	17	65	0	0	13	33	96	83
LT934125.1	-	95889	96243	96243	95889	NOV_TX_1171	0	0	0	0	0	0	54	0	0	10	0	34	0	0	0	5	0	0	0	0	0	0	0	0	0	83
LT934125.1	-	95889	96314	96314	95889	NOV_TX_1172	0	0	0	0	6	35	134	0	0	9	39	64	0	0	0	0	0	0	38	28	0	0	32	53	94	113
LT934125.1	-	95889	96453	96453	95889	NOV_TX_1173	83	0	0	0	0	23	26	0	0	5	5	20	0	0	0	0	0	7	17	17	0	0	13	19	71	50
LT934125.1	-	95889	96597	96597	95889	NOV_TX_1174	152	0	0	0	16	34	143	0	5	0	18	36	0	61	0	0	0	0	23	26	59	0	0	13	64	79
LT934125.1	-	95889	96675	96675	95889	NOV_TX_1176	42	0	0	0	5	12	0	0	0	0	7	10	0	0	0	0	0	0	0	0	0	0	20	42	0	28
LT934125.1	-	95889	96736	96736	95889	NOV_TX_1177	0	0	0	0	0	0	311	0	0	0	0	152	0	0	0	0	0	0	65	0	0	0	33	0	26	0
LT934125.1	-	95889	96785	96785	95889	NOV_TX_1178	0	0	0	0	0	0	18	0	0	0	0	5	0	0	0	0	0	0	0	0	0	0	0	0	0	34
LT934125.1	-	95889	96841	96841	95889	NOV_TX_1179	65	0	0	0	0	24	56	0	0	8	7	23	0	40	0	0	0	7	29	29	0	0	11	23	39	0
LT934125.1	-	95889	96978	96978	95889	NOV_TX_1180	67	0	0	0	0	39	12	0	0	0	0	0	0	0	0	0	0	0	0	0	0	0	12	7	0	16
LT934125.1	-	95889	97216	97216	95889	NOV_TX_1181	22	0	0	0	0	6	16	0	0	0	0	8	0	0	0	0	0	0	0	7	0	0	0	0	7	13
LT934125.1	-	95889	97361	97361	95889	NOV_TX_1182	243	37	13	16	108	166	405	26	34	43	37	132	28	78	22	33	18	26	109	53	144	0	189	127	224	380
LT934125.1	-	95889	97537	97537	95889	NOV_TX_1184	0	0	0	0	0	0	9	0	0	0	0	5	0	0	0	0	0	0	0	0	0	0	0	0	0	0
LT934125.1	-	102362	102511	102511	102362	NOV_TX_1188	150	0	0	0	0	39	19	0	0	0	6	7	0	113	0	0	0	0	53	85	0	43	12	58	96	351
LT934125.1	-	102362	102635	102635	102362	NOV_TX_1189	78	0	0	0	0	11	24	0	0	0	8	0	0	0	0	0	0	0	27	12	0	0	11	12	57	78
LT934125.1	-	102362	102796	102796	102362	NOV_TX_1190	0	0	0	0	0	0	42	0	0	0	0	0	0	0	0	0	0	0	16	6	0	9	0	0	0	0
LT934125.1	-	102362	102952	102952	102362	NOV_TX_1191	0	0	0	0	0	7	55	0	0	7	5	9	0	0	0	0	0	6	48	11	0	8	0	0	14	168
LT934125.1	-	102362	103055	103055	102362	NOV_TX_1192	0	0	0	0	0	7	0	0	0	0	0	0	0	0	0	0	0	0	7	0	0	0	0	0	0	0
LT934125.1	-	102362	103119	103119	102362	NOV_TX_1193	0	0	0	0	0	12	44	0	0	0	0	0	0	0	0	0	0	0	7	16	0	0	0	0	30	0
LT934125.1	-	102362	103389	103389	102362	NOV_TX_1195	0	0	0	0	0	0	11	0	0	0	0	0	0	0	0	0	0	0	0	0	0	0	0	0	16	0
LT934125.1	-	102362	103735	103735	102362	NOV_TX_1198	11	0	0	0	0	0	16	0	0	0	0	7	0	6	0	0	0	0	0	0	0	0	0	0	10	12
LT934125.1	-	102362	107370	107370	102362	NOV_TX_1217	19	0	0	0	0	0	7	0	0	0	0	7	0	0	0	0	0	0	0	0	0	0	0	0	12	27
LT934125.1	-	117251	118401	118401	117251	NOV_TX_1219	7	0	0	0	0	0	13	0	0	0	0	6	0	0	0	0	0	0	0	0	0	0	0	0	0	0
LT934125.1	-	126752	126933	126933	126752	NOV_TX_1224	1001	0	0	12	24	212	512	0	5	13	78	40	0	703	0	0	7	0	211	236	604	0	10	116	402	1011
LT934125.1	-	126752	127069	127069	126752	NOV_TX_1225	1408	0	0	0	19	418	818	0	0	5	275	493	0	850	0	17	0	102	154	270	1080	0	26	183	1275	1821
LT934125.1	-	126752	127165	127165	126752	NOV_TX_1226	291	0	0	0	7	68	0	0	0	9	45	44	0	153	0	0	0	0	81	43	131	0	0	28	230	238
LT934125.1	-	126752	127176	127176	126752	NOV_TX_1227	291	0	0	0	7	68	0	0	0	9	45	44	0	153	0	0	0	0	81	43	131	0	0	28	230	238
LT934125.1	-	126752	127279	127279	126752	NOV_TX_1230	196	0	0	0	0	49	0	0	0	0	23	44	0	128	0	0	0	9	52	38	172	0	5	20	153	293
LT934125.1	-	126752	127478	127478	126752	NOV_TX_1232	95	0	0	0	0	24	76	0	0	0	19	18	0	69	0	0	0	10	51	16	53	0	8	12	81	94
LT934125.1	-	126752	127665	127665	126752	NOV_TX_1234	51	0	0	0	0	15	44	0	0	0	13	0	0	26	0	0	0	0	0	14	35	0	0	6	40	53
LT934125.1	-	126752	127773	127773	126752	NOV_TX_1236	48	0	0	0	0	22	29	0	0	0	7	13	0	31	0	0	0	8	7	10	39	0	0	7	44	52
LT934125.1	-	126752	127892	127892	126752	NOV_TX_1238	131	0	0	0	7	0	40	0	0	0	23	10	0	122	0	0	0	0	43	7	113	0	0	26	149	180
LT934125.1	-	126752	127965	127965	126752	NOV_TX_1240	50	0	0	0	0	0	18	0	0	0	0	0	0	37	0	0	0	0	9	0	21	0	0	15	21	22
LT934125.1	-	126752	128152	128152	126752	NOV_TX_1242	62	0	0	0	0	13	0	0	0	0	0	5	0	0	0	0	0	0	10	5	38	0	0	7	32	22
LT934125.1	-	126752	128240	128240	126752	NOV_TX_1244	170	0	0	0	8	65	38	0	0	0	6	0	0	0	0	0	0	0	92	44	111	0	0	38	165	92
LT934125.1	-	126752	128296	128296	126752	NOV_TX_1246	0	0	0	0	0	11	0	0	0	0	0	0	0	0	0	0	0	0	0	0	0	0	0	23	0	0
LT934125.1	-	126752	128731	128731	126752	NOV_TX_1248	11	0	0	0	0	12	0	0	0	0	0	0	0	0	0	0	0	0	5	0	15	0	0	12	20	43
LT934125.1	-	127089	127279	127279	127089	NOV_TX_1231	14	0	0	0	0	7	0	0	0	0	0	0	0	37	0	0	0	0	9	5	93	0	0	0	74	127
LT934125.1	-	127089	127478	127478	127089	NOV_TX_1233	7	0	0	0	0	10	0	0	0	0	0	0	0	12	0	0	0	0	10	8	14	0	0	0	15	25
LT934125.1	-	127089	127665	127665	127089	NOV_TX_1235	0	0	0	0	0	0	0	0	0	0	0	0	0	14	0	0	0	0	0	16	14	0	0	0	16	15
LT934125.1	-	127089	127773	127773	127089	NOV_TX_1237	7	0	0	0	0	0	0	0	0	0	0	0	0	10	0	0	0	0	5	0	12	0	0	0	13	18
LT934125.1	-	127089	127892	127892	127089	NOV_TX_1239	5	0	0	0	0	0	0	0	0	0	0	0	0	8	0	0	0	0	0	0	24	0	0	10	32	40
LT934125.1	-	127089	127965	127965	127089	NOV_TX_1241	0	0	0	0	0	0	0	0	0	0	0	0	0	5	0	0	0	0	0	0	6	0	0	0	0	5
LT934125.1	-	127089	128240	128240	127089	NOV_TX_1245	0	0	0	0	0	0	0	0	0	0	0	0	0	0	0	0	0	0	7	0	12	0	0	0	13	12
LT934125.1	-	127089	128731	128731	127089	NOV_TX_1249	0	0	0	0	0	0	0	0	0	0	0	0	0	0	0	0	0	0	0	0	6	0	0	0	5	11
LT934125.1	-	134888	135024	135024	134888	NOV_TX_1250	0	0	0	0	0	14	13	0	0	0	0	0	0	67	0	0	0	8	21	0	94	0	0	0	0	0
LT934125.1	-	134888	135088	135088	134888	NOV_TX_1251	31	0	0	0	0	10	0	0	0	0	0	0	0	0	0	0	0	0	0	16	0	0	0	19	104	0
LT934125.1	-	134888	135140	135140	134888	NOV_TX_1252	0	0	0	0	0	0	0	0	0	0	5	0	0	0	0	0	0	0	8	0	0	0	0	18	0	108
LT934125.1	-	134888	135388	135388	134888	NOV_TX_1253	14	0	0	0	0	8	63	0	0	0	8	23	0	49	0	0	0	8	19	9	97	0	0	9	56	70
LT934125.1	-	134888	135466	135466	134888	NOV_TX_1254	0	0	0	0	0	18	0	0	0	0	0	14	0	0	0	0	0	0	0	0	0	0	0	0	0	80
LT934125.1	-	134888	135497	135497	134888	NOV_TX_1255	0	0	0	0	0	0	0	0	0	0	0	0	0	0	0	0	0	0	0	8	0	0	0	0	70	0
LT934125.1	-	134888	135546	135546	134888	NOV_TX_1256	0	0	0	0	0	0	35	0	0	0	0	0	0	18	0	0	0	0	0	0	44	0	0	0	0	28
LT934125.1	-	134888	135619	135619	134888	NOV_TX_1257	0	0	0	0	0	0	36	0	0	0	0	15	0	0	0	0	0	0	0	0	42	0	0	0	35	0
LT934125.1	-	134888	135664	135664	134888	NOV_TX_1258	0	0	0	0	0	0	0	0	0	0	0	6	0	21	0	0	0	0	6	8	54	0	0	0	23	25
LT934125.1	-	134888	135728	135728	134888	NOV_TX_1259	0	0	0	0	0	0	0	0	0	0	0	8	0	45	0	0	0	8	0	7	48	0	0	0	31	47
LT934125.1	-	134888	135778	135778	134888	NOV_TX_1260	0	0	0	0	0	0	21	0	0	0	0	0	0	12	0	0	0	0	0	0	0	0	0	0	0	0
LT934125.1	-	134888	135821	135821	134888	NOV_TX_1261	0	0	0	0	0	6	0	0	0	0	0	14	0	103	0	0	0	0	0	0	33	0	0	0	65	21
LT934125.1	-	134888	135899	135899	134888	NOV_TX_1262	6	0	0	0	0	5	0	0	0	0	0	0	0	0	0	0	0	0	0	7	0	0	0	0	19	20
LT934125.1	-	134888	135971	135971	134888	NOV_TX_1263	0	0	0	0	0	0	10	0	0	0	0	0	0	12	0	0	0	0	0	6	0	0	0	0	17	0
LT934125.1	-	134888	136050	136050	134888	NOV_TX_1264	5	0	0	0	0	0	9	0	0	0	0	0	0	0	0	0	0	0	0	0	18	0	0	0	0	15
LT934125.1	-	134888	136103	136103	134888	NOV_TX_1265	9	0	0	0	0	12	33	0	0	0	0	0	0	38	0	0	0	0	12	7	272	0	0	11	37	80
LT934125.1	-	134888	136285	136285	134888	NOV_TX_1267	17	0	0	0	0	10	44	0	0	0	0	12	0	27	0	0	0	0	12	15	95	0	0	19	93	147
LT934125.1	-	134888	136409	136409	134888	NOV_TX_1268	0	0	0	0	0	0	0	0	0	0	0	0	0	5	0	0	0	0	0	0	16	0	0	0	0	9
