gene	Kinetic_class	cluster	C6_12h_1	C6_12h_2	C6_12h_3	C6_1h_1	C6_1h_2	C6_1h_3	C6_2h_1	C6_2h_2	C6_4h_1	C6_4h_2	C6_4h_3	C6_6h_1	C6_6h_2	C6_6h_3	C6_8h_1	C6_8h_2	C6_8h_3	NRK_12h_1	NRK_12h_2	NRK_12h_3	NRK_1h_1	NRK_1h_2	NRK_1h_3	NRK_2h_1	NRK_2h_2	NRK_2h_3	NRK_4h_1	NRK_4h_2	NRK_4h_3	NRK_6h_1	NRK_6h_2	NRK_6h_3	NRK_8h_1	NRK_8h_2	NRK_8h_3	PC-12_0.5h_1	PC-12_0.5h_2	PC-12_1.5h_1	PC-12_1.5h_2	PC-12_1.5h_3	PC-12_12h_1	PC-12_12h_2	PC-12_12h_3	PC-12_1h_1	PC-12_1h_2	PC-12_1h_3	PC-12_2.5h_1	PC-12_2.5h_2	PC-12_2.5h_3	PC-12_2h_1	PC-12_2h_2	PC-12_2h_3	PC-12_4h_1	PC-12_4h_2	PC-12_4h_3	PC-12_6h_1	PC-12_6h_2	PC-12_6h_3	PC-12_8h_1	PC-12_8h_2	PK-15_12h_1	PK-15_12h_2	PK-15_12h_3	PK-15_1h_1	PK-15_1h_2	PK-15_1h_3	PK-15_2h_1	PK-15_2h_2	PK-15_2h_3	PK-15_4h_1	PK-15_4h_2	PK-15_4h_3	PK-15_6h_1	PK-15_6h_2	PK-15_6h_3	PK-15_8h_1	PK-15_8h_2	PK-15_8h_3
ORF-1	E	cluster_1	0.00288453004348984	0.00268463174956945	0.0025246729400964	0	0	0	0	0	0.00936329588014981	0.00548446069469835	0	0.00410958904109589	0.00443786982248521	0.00485436893203884	0.00228915662650602	0.00244157656086502	0.00248938351149509	0.011026878015162	0.00774517290280354	0.00661491527471532	0	0	0	0	0	0	0.0117647058823529	0.0116279069767442	0.0066006600660066	0.00450450450450451	0.00794070937003706	0.0079155672823219	0.0085348506401138	0.00473372781065089	0.012031466913466	0	0	0	0	0	0.0028924141221374	0.00413847100274034	0.00219882729211087	0	0	0	0	0.00657894736842105	0.00510204081632653	0	0	0.00544959128065395	0.00603708495040966	0.00643382352941176	0.00494845360824742	0.00456174649723037	0.00639677532422012	0.00577260076280796	0.00300985041955491	0.00707845285244796	0.0019230613844426	0.00264799900517164	0.00079524881135683	0	0	0	0	0	0.00249584026622296	0.0013880320789636	0.000752558699578567	0.0014986886474335	0.00145079639461662	0.00112520855158499	0.00165682370861281	0.0019531919268067	0.00240956215719223	0.00144068629056023
UL54	E	cluster_2	0.000576906008697968	0.000962415155506028	0.00179022263025017	0.0340909090909091	0	0.0266666666666667	0.00523560209424084	0.00284090909090909	0.00187265917602996	0.00731261425959781	0.00387596899224806	0.00593607305936073	0.00414201183431953	0.0065880721220527	0.00289156626506024	0.00220904545983025	0.000878605945233563	0.00117160578911096	0.00117268462964983	0.00126861388830157	0	0	0	0.0151515151515152	0.0212765957446809	0	0.00294117647058824	0.00193798449612403	0	0.00281531531531532	0.00211752249867655	0.000659630606860158	0.00237079184447606	0.00118343195266272	0.003239241092087	0	0	0.0212765957446809	0.0506329113924051	0.0388349514563107	0.000596374045801527	0.000484685793113733	0.000299840085287846	0.0212765957446809	0	0.0198019801980198	0.00961538461538462	0.0263157894736842	0.0153061224489796	0.0129449838187702	0.00772200772200772	0.0163487738419619	0.00129366106080207	0.00183823529411765	0.00371134020618557	0.00325839035516455	0.00157728706624606	0.00113390372126585	0.00164173659248449	0.00134827673379961	0.000169681886862582	0.000138983373199617	9.30610311162248e-05	0	0	0	0.0193548387096774	0.0174825174825175	0.00998336106489185	0.00277606415792721	0.00240818783865142	0.0028100412139378	0.000833436226694654	0.00162961238505413	0.00160337778252853	0.00089092965082411	0.000713357217589804	0.000965914672080155
UL53	L	cluster_1	0.000355019082275672	0.000303920575422956	0.000550837732384668	0	0	0	0	0	0	0	0.00387596899224806	0.00182648401826484	0.00029585798816568	0.000693481276005548	0.00036144578313253	0	0	0	0.000327260826879023	0.000332256018364696	0	0	0	0	0	0	0.00294117647058824	0	0	0.00168918918918919	0.000529380624669137	0.000659630606860158	0.000237079184447606	0	0.002776492364646	0	0	0	0	0	0.000149093511450382	9.32088063680257e-05	0.000166577825159915	0	0	0	0	0	0	0	0	0	0	0	0.000412371134020619	0.000488758553274682	0	0.000412328625914854	0.000364830353885443	0.000337069183449903	0.000202002246264978	0.000241392174504597	0.000194582155970288	0	0	0	0	0	0.000831946755407654	0	0.000752558699578567	0.000374672161858374	0.000617360167921966	0.000465603538586893	0.000347398519547847	0.000479731350443752	0.000364604800101455	0.000523885923840084
UL52	E	cluster_3	8.87547705689181e-05	0.000126633573092898	0.000229515721826945	0	0	0	0.00523560209424084	0	0	0	0	0	0	0.000346740638002774	0	0.000116265550517382	0	6.89179875947622e-05	2.72717355732519e-05	0	0	0	0	0	0	0	0	0	0	0.000563063063063063	0	0	0.000237079184447606	0.000394477317554241	0	0	0	0	0	0	2.98187022900763e-05	7.45670450944205e-05	0	0	0	0	0	0	0	0	0	0	0	0	0	0.000162919517758227	0	0.000103082156478714	9.12075884713608e-05	0.000337069183449903	8.08008985059914e-06	7.31491437892719e-06	1.69201874756772e-05	0.0208333333333333	0	0	0	0.0034965034965035	0	0	0	0.000562008242787561	3.08680083960983e-05	0.000116400884646723	5.34459260842842e-05	6.85330500633931e-05	6.3409530452427e-05	6.54857404800105e-05
UL51	L	cluster_4	0.00301766219934321	0.00339377975888968	0.00394767041542346	0.00568181818181818	0.0116959064327485	0	0.00523560209424084	0.00568181818181818	0.00936329588014981	0.00548446069469835	0.00387596899224806	0.00593607305936073	0.00443786982248521	0.00277392510402219	0.00530120481927711	0.00348796651552145	0.00629667594084053	0.00179186767746382	0.00261808661503218	0.00175189536955931	0	0	0	0	0	0.0116279069767442	0.00588235294117647	0.0155038759689922	0.0132013201320132	0.00900900900900901	0.00529380624669137	0.00527704485488127	0.00213371266002845	0.00355029585798817	0.00462748727441	0	0	0	0	0.0194174757281553	0.00232585877862595	0.00160319146953004	0.00279850746268657	0	0	0.0198019801980198	0	0	0.00510204081632653	0.00323624595469256	0	0.0163487738419619	0.00560586459680897	0.00551470588235294	0.00948453608247423	0.00374714890843923	0.0055205047318612	0.00505102566745696	0.00501641736592485	0.00235948428414932	0.000694887727151526	0.00065102737972452	0.00106597181096767	0.0208333333333333	0	0	0.0032258064516129	0.0104895104895105	0.00166389351081531	0.0165021591610117	0.0150511739915713	0.0108654926938928	0.00611186566242746	0.00589764482210065	0.00521097779321771	0.00303258746530514	0.00291683840081164	0.0043548017419207
UL50	L	cluster_4	0.00235200142007633	0.00374835376354979	0.00298370438375029	0.0170454545454545	0.0175438596491228	0.0266666666666667	0.0209424083769634	0.0227272727272727	0.00749063670411985	0.00731261425959781	0.0116279069767442	0.0132420091324201	0.00769230769230769	0.0065880721220527	0.00650602409638554	0.00616207417742123	0.0071752818860741	0.00647829083390765	0.00591796661939566	0.00486301990515601	0.05	0.0384615384615385	0.0714285714285714	0.0454545454545455	0.0425531914893617	0.0116279069767442	0.0176470588235294	0.0155038759689922	0.0132013201320132	0.00619369369369369	0.00741132874536792	0.00659630606860158	0.00758653390232338	0.0106508875739645	0.00647848218417399	0	0	0.0319148936170213	0.0379746835443038	0.029126213592233	0.00143129770992366	0.00143541561806759	0.00123267590618337	0.0212765957446809	0.0161290322580645	0.0198019801980198	0.0224358974358974	0.0263157894736842	0.0204081632653061	0.00647249190938511	0.0193050193050193	0.0245231607629428	0.0107805088400172	0.0137867647058824	0.00989690721649484	0.0065167807103291	0.00604626708727655	0.00422636841562726	0.00291864283108355	0.00185388050897447	0.000904970063267104	0.000943623954881608	0.000719107967716282	0	0.024390243902439	0	0.0193548387096774	0.0174825174825175	0.0108153078202995	0.00894509561998766	0.00933172787477423	0.00693143499437992	0.00311766884800593	0.00322042447522601	0.0047566874215013	0.00296405441524175	0.00294854316603786	0.00232474378704037
UL49.5	L	cluster_4	0.015177065767285	0.0187924222469861	0.0182235483130594	0.0454545454545455	0.0350877192982456	0.0266666666666667	0.0157068062827225	0.0426136363636364	0.0168539325842697	0.0109689213893967	0.0116279069767442	0.0182648401826484	0.0186390532544379	0.018377253814147	0.022289156626506	0.0169747703755377	0.0175721189046713	0.00634045485871813	0.0155176175411803	0.0130183949013804	0.05	0.0384615384615385	0	0.0606060606060606	0	0.0232558139534884	0.0235294117647059	0.0174418604651163	0.0132013201320132	0.0140765765765766	0.0132345156167284	0.0112137203166227	0.0118539592223803	0.0134122287968442	0.015270708005553	0	0	0.0638297872340426	0.0253164556962025	0.0388349514563107	0.0139253339694656	0.0121544283503905	0.0160581023454158	0.0638297872340426	0.0483870967741936	0.0099009900990099	0.0448717948717949	0.0460526315789474	0.0459183673469388	0.0453074433656958	0.0463320463320463	0.0381471389645777	0.0224234583872359	0.015625	0.017319587628866	0.0210166177908113	0.0195408342096039	0.0198948562003917	0.0151404596862459	0.0204769528945816	0.0123382972018649	0.0170583803316582	0.0148728447911203	0.0208333333333333	0.024390243902439	0.0294117647058824	0.0580645161290323	0.0769230769230769	0.0257903494176373	0.0363972856261567	0.0313064419024684	0.0335331584863245	0.0155266082232374	0.018662941838358	0.0104219555864354	0.0151629373265257	0.0118258774293776	0.0157002062800825
UL49	L	cluster_1	0.00896423182746073	0.0079779151048526	0.00817075969703925	0.0113636363636364	0	0	0.0104712041884817	0.00568181818181818	0.00374531835205993	0.0036563071297989	0.0116279069767442	0.0045662100456621	0.00621301775147929	0.00450762829403606	0.00614457831325301	0.00534821532379956	0.00600380729242935	0.00654720882150241	0.0103087160466892	0.00740024768175914	0	0	0	0	0.0212765957446809	0.0232558139534884	0.00294117647058824	0.0116279069767442	0.0066006600660066	0.00675675675675676	0.0042350449973531	0.00593667546174143	0.00663821716453295	0.0102564102564103	0.00786672836649699	0	0	0	0	0	0.00796159351145038	0.00594672184628004	0.00699626865671642	0	0	0	0.016025641025641	0.0131578947368421	0.0127551020408163	0.00323624595469256	0.0154440154440154	0.00544959128065395	0.00517464424320828	0.00367647058823529	0.00577319587628866	0.00586510263929619	0.00630914826498423	0.00463869704154211	0.00583728566216709	0.0100278082076346	0.00811241021000154	0.0105919960206866	0.00667501395915467	0	0	0	0.0032258064516129	0.00699300699300699	0.00582362728785358	0.00863664404688464	0.00752558699578567	0.00880479580367179	0.00645141375478454	0.00644084895045202	0.00614628149969269	0.00889216324572525	0.00752988174122571	0.00808748894928129
UL48	L	cluster_5	4.4377385284459e-05	2.53267146185797e-05	0	0	0	0	0	0	0	0	0	0	0	0	0	0	0	0	0	0	0	0	0	0	0	0	0	0	0	0	0	0	0	0	0	0	0	0	0	0	0	0	0	0	0	0	0	0	0	0	0	0	0	0	0	0	0	0	0	0	8.08008985059914e-06	7.31491437892719e-06	1.69201874756772e-05	0	0	0	0	0	0	0	0	0	0	0	2.67229630421421e-05	0	0	0
UL47	L	cluster_6	0.00126475548060708	0.00131698916016614	0.000780353454211614	0	0	0	0	0	0	0	0	0	0	0	0.000240963855421687	0.000465062202069527	0	0.000137835975189524	5.45434711465038e-05	9.06152777358263e-05	0	0	0	0	0	0	0	0	0	0	0	0.000659630606860158	0.00118539592223803	0	0	0	0	0	0	0	0.000924379770992366	0.00065246164457618	0.000666311300639659	0	0	0	0	0	0	0	0	0	0	0	0	0.000488758553274682	0.000525762355415352	0.000412328625914854	0.000182415176942722	0.000505603775174855	0.000880729793715306	0.000533988749661685	0.00109981218591902	0	0	0	0	0	0	0	0	0.000187336080929187	0.000709964193110261	0.000426803243704652	0.00037412148258999	0.000839529863276565	0.000697504834976697	0.000605743099440097
UL46	L	cluster_4	0.0202582763823556	0.0252760611893425	0.0395685104429654	0.0113636363636364	0.0409356725146199	0.0266666666666667	0	0.0142045454545455	0.0280898876404494	0.0310786106032907	0.0116279069767442	0.0251141552511416	0.0236686390532544	0.0364077669902913	0.0221686746987952	0.0132542727589815	0.0123004832332699	0.00330806340454859	0.00815424893640231	0.00806475971848854	0.05	0.0769230769230769	0	0	0	0.0116279069767442	0.00882352941176471	0.0116279069767442	0.0132013201320132	0.00844594594594595	0.00635256749602965	0.0112137203166227	0.00948316737790422	0.0130177514792899	0.011568718186025	0	0	0.0212765957446809	0.0126582278481013	0	0.00697757633587786	0.00656189996830901	0.00719616204690832	0.0212765957446809	0	0	0	0.00657894736842105	0.00510204081632653	0.00647249190938511	0.0154440154440154	0.0136239782016349	0.0185424752048297	0.0133272058823529	0.0268041237113402	0.0205278592375367	0.0164738871363477	0.0187609524791259	0.00538124771981029	0.00952220443245976	0.00782960706523056	0.00796594175865172	0.00863775570633323	0	0	0	0.032258064516129	0.013986013986014	0.00831946755407654	0.0151141270820481	0.00978326309452137	0.0118021730985388	0.0101864427707124	0.0119504908237303	0.0101280029929719	0.0154542027892951	0.00966995339399512	0.00723617432304116
UL27	L	cluster_6	0.00923049613916748	0.00653429237159356	0.010741335781501	0.00568181818181818	0.0233918128654971	0.0266666666666667	0.00523560209424084	0.00568181818181818	0.0187265917602996	0.0255941499085923	0.0116279069767442	0.0187214611872146	0.0142011834319527	0.0187239944521498	0.00614457831325301	0.00639460527845599	0.00380729242934544	0.00172294968986906	0.00676339042216647	0.00821578518138158	0	0	0.0714285714285714	0.0303030303030303	0	0.0232558139534884	0.00588235294117647	0.00581395348837209	0.0033003300330033	0.00337837837837838	0.00688194812069878	0.00857519788918206	0.00900900900900901	0.00355029585798817	0.00601573345673299	0	0	0.0212765957446809	0	0	0.0083194179389313	0.0115392502283616	0.00599680170575693	0.0106382978723404	0.0161290322580645	0	0	0.00657894736842105	0.00255102040816327	0.00970873786407767	0.00772200772200772	0.00817438692098093	0.01250539025442	0.00873161764705882	0.00989690721649484	0.00912349299446074	0.0077111812127585	0.0103082156478714	0.00428675665815396	0.0167691918766327	0.0109404416577112	0.0190772967002421	0.00313869477673813	0	0	0	0.00645161290322581	0.0174825174825175	0.00499168053244592	0.00339296730413325	0.00361228175797712	0.00468340202322967	0.00216076058772688	0.00298762270593257	0.00737553779963122	0.0148716718637563	0.0141403252908912	0.00635211682656102
UL28	E	cluster_7	4.4377385284459e-05	0.000126633573092898	0.000137709433096167	0	0	0	0	0	0	0	0.00387596899224806	0	0.00029585798816568	0.000346740638002774	0	0	0	0	0	9.06152777358263e-05	0	0	0	0	0	0	0	0	0	0	0.000529380624669137	0.000659630606860158	0	0	0	0	0	0	0	0	5.96374045801527e-05	1.86417612736051e-05	6.66311300639659e-05	0	0	0	0	0	0	0	0	0	0	0	0	0	8.76270592358921e-05	0	0.000182415176942722	0.000168534591724952	8.08008985059914e-06	7.31491437892719e-06	1.69201874756772e-05	0	0	0	0.0032258064516129	0	0	0	0.000150511739915713	0	0	0	8.01688891264263e-05	5.13997875475448e-05	4.75571478393202e-05	3.27428702400052e-05
UL29	E	cluster_7	0.000887547705689181	0.000911761726268868	0.00119348175350011	0.0113636363636364	0.0116959064327485	0	0	0.00284090909090909	0	0	0	0.00365296803652968	0.000887573964497041	0.00173370319001387	0.00108433734939759	0.000930124404139054	0.000439302972616781	6.89179875947622e-05	0.000599978182611541	0.000332256018364696	0	0	0	0.0151515151515152	0.0212765957446809	0	0	0.00193798449612403	0.0099009900990099	0.00281531531531532	0.00105876124933827	0.00197889182058048	0.00213371266002845	0.00118343195266272	0.001850994909764	0	0	0	0	0	8.9456106870229e-05	9.32088063680257e-05	0.000233208955223881	0	0	0	0	0.00657894736842105	0.00255102040816327	0.00647249190938511	0	0.00544959128065395	0	0	0.000412371134020619	0.00065167807103291	0.000262881177707676	0.000206164312957427	0.000364830353885443	0.000842672958624758	0.000161601797011983	0.000117038630062835	5.92206561648703e-05	0	0	0	0.032258064516129	0.013986013986014	0.00499168053244592	0.000616903146206046	0.000752558699578567	0.00337204945672537	0.000432152117545376	0.000543204128351376	0.00154993185644424	0.00191892540177501	0.00171205732221553	0.00119511476376019
UL30	E	cluster_2	6.65660779266886e-05	0.000202613716948637	0.000183612577461556	0.0170454545454545	0	0.0133333333333333	0	0	0	0	0	0.00091324200913242	0.00029585798816568	0.00208044382801664	0.000481927710843373	0	0.000439302972616781	0.000275671950379049	0.000109086942293008	0.000332256018364696	0	0	0	0	0	0	0.00294117647058824	0	0	0	0.00158814187400741	0.000659630606860158	0.00237079184447606	0.00118343195266272	0.000925497454881999	0	0	0	0.0126582278481013	0	0	1.86417612736051e-05	0	0	0	0.0099009900990099	0	0	0	0.00647249190938511	0	0.00544959128065395	0.00086244070720138	0.000459558823529412	0	0.00065167807103291	0.000175254118471784	0.000206164312957427	0	0.000505603775174855	4.04004492529957e-05	7.31491437892719e-06	0	0	0	0	0	0.00699300699300699	0.000831946755407654	0.000771128932757557	0	0.000187336080929187	6.17360167921966e-05	0	0.000213783704337137	0.000342665250316965	0.000301195269649028	8.18571756000131e-05
UL31	L	cluster_1	0.0343702849028135	0.0322409077094519	0.0262565985770025	0.00568181818181818	0.0116959064327485	0.0133333333333333	0.0104712041884817	0.0227272727272727	0.0224719101123596	0.0274223034734918	0.0465116279069768	0.034703196347032	0.028698224852071	0.0256588072122053	0.0350602409638554	0.0358097895593536	0.0339727632156978	0.0272226050999311	0.0470164721282862	0.0374845198900535	0	0	0	0.0303030303030303	0.0212765957446809	0.0232558139534884	0.0294117647058824	0.0290697674418605	0.0495049504950495	0.0197072072072072	0.0259396506087877	0.0329815303430079	0.036036036036036	0.0307692307692308	0.044423877834336	0	0	0.0319148936170213	0.0126582278481013	0	0.0369751908396947	0.0370784631732006	0.0310834221748401	0	0	0	0.0256410256410256	0.0263157894736842	0.0127551020408163	0.0226537216828479	0.0231660231660232	0.00817438692098093	0.0172488141440276	0.0202205882352941	0.0189690721649485	0.0198761811665037	0.0212057483350859	0.0225749922688383	0.0354797519153594	0.050307575629898	0.0374754567270788	0.0389519190677873	0.0199658212212991	0	0	0	0.00645161290322581	0.0034965034965035	0.0149750415973378	0.0394818013571869	0.0370258880192655	0.031097789434245	0.029201135942709	0.0297986264695612	0.0382138371502632	0.040314566699791	0.0419454043942805	0.037588815035526
UL32	L	cluster_8	6.65660779266886e-05	0.000101306858474319	0	0	0	0	0	0	0	0	0	0	0	0	0	0.000116265550517382	0	0	2.72717355732519e-05	0	0	0	0	0	0	0	0	0	0	0	0.000529380624669137	0	0	0	0	0	0	0	0	0	0	0	0	0	0	0	0	0	0	0	0	0	0	0.000459558823529412	0.000412371134020619	0	8.76270592358921e-05	0.000206164312957427	0	0.000168534591724952	0	4.38894862735632e-05	0	0	0	0	0	0	0	0	0	0.000187336080929187	3.08680083960983e-05	3.88002948822411e-05	8.01688891264263e-05	5.13997875475448e-05	9.51142956786405e-05	4.91143053600079e-05
UL33	E	cluster_1	0.000887547705689181	0.00144362273325904	0.00137709433096167	0	0.00584795321637427	0	0	0	0	0	0	0.00136986301369863	0.00266272189349112	0.00208044382801664	0.000602409638554217	0.000813858853621672	0.00102504026943916	0.000689179875947622	0.00057270644703829	0.000573896758993566	0	0	0	0	0	0	0	0.00193798449612403	0	0.000563063063063063	0	0.00197889182058048	0.00118539592223803	0.000788954635108481	0.000462748727441	0	0	0	0	0	0.000357824427480916	0.000466044031840128	0.000466417910447761	0	0	0	0	0	0	0	0	0	0.00086244070720138	0.000459558823529412	0.00164948453608247	0.000325839035516455	0.000525762355415352	0.000824657251829708	0.000364830353885443	0.000505603775174855	0.00037168413312756	0.00036574571894636	0.000101521124854063	0	0	0	0	0	0.000831946755407654	0	0.000150511739915713	0	0.000154340041980491	0.000310402359057929	0.000347398519547847	0.000308398725285269	0.000317047652262135	0.000278314397040045
UL34	E	cluster_4	0.0228543534214964	0.0222621821497315	0.0285976589396374	0.0170454545454545	0.0233918128654971	0.0133333333333333	0.00523560209424084	0.00852272727272727	0.0243445692883895	0.0274223034734918	0.0232558139534884	0.0191780821917808	0.0239644970414201	0.0211511789181692	0.0169879518072289	0.017672363678642	0.0128862205300923	0.00613370089593384	0.0239991273044617	0.0215664361011267	0	0.0384615384615385	0	0.0303030303030303	0.0212765957446809	0.0465116279069768	0.0235294117647059	0.0232558139534884	0.0264026402640264	0.0118243243243243	0.0148226574907358	0.0158311345646438	0.0225225225225225	0.0110453648915187	0.022211938917168	0	0	0.0319148936170213	0.0126582278481013	0.0194174757281553	0.00986999045801527	0.0114273996607199	0.00892857142857143	0.0106382978723404	0	0.0198019801980198	0.0224358974358974	0.0197368421052632	0.0306122448979592	0.0226537216828479	0.0231660231660232	0.0572207084468665	0.0137990513152221	0.0215992647058824	0.0136082474226804	0.0141739980449658	0.0165615141955836	0.0150499948458922	0.0103976650857351	0.0227521698828685	0.0120635741469445	0.0164439275238283	0.00632815011590328	0	0	0	0.00967741935483871	0.027972027972028	0.00915141430948419	0.0192782233189389	0.0191149909692956	0.0282877482203072	0.0114828991233486	0.0112908858107322	0.00889874669303332	0.0151458040640099	0.0151231730129038	0.0102157755148816
UL35	L	cluster_1	0.122991923315878	0.111158950460946	0.0666054624741795	0.00568181818181818	0	0	0.00523560209424084	0.00284090909090909	0.0205992509363296	0.0219378427787934	0.0232558139534884	0.0242009132420091	0.0346153846153846	0.0305131761442441	0.0502409638554217	0.0739448901290548	0.0664811831893396	0.144589937973811	0.115768517508454	0.123357598091038	0	0	0	0	0.0212765957446809	0	0.0470588235294118	0.0368217054263566	0.0495049504950495	0.0788288288288288	0.0598200105876125	0.0745382585751979	0.0559506875296349	0.0729783037475345	0.0564553447478019	0	0	0	0.0126582278481013	0	0.122405772900763	0.127304587737449	0.117870469083156	0	0	0	0.0128205128205128	0.0328947368421053	0.0178571428571429	0.00970873786407767	0.00772200772200772	0.0108991825613079	0.0332039672272531	0.03125	0.0301030927835052	0.0465949820788531	0.0552926743778479	0.0520564890217503	0.0997811017876687	0.088564927951462	0.0963469913785441	0.0882105524954831	0.108399181062926	0	0	0	0	0	0.0449251247920133	0.0314620604565083	0.0379289584587598	0.0348445110528288	0.078219533275713	0.0690645248903892	0.0521097779321771	0.0785046088476168	0.0822580133794109	0.0769293736288923
UL36	L	cluster_6	0.00124256678796485	0.000734474723938811	0.00151480376405784	0	0	0	0	0	0	0.00182815356489945	0	0	0	0.000346740638002774	0.00036144578313253	0.000232531101034763	0.000732171621027969	6.89179875947622e-05	0.000163630413439511	0.000120820370314435	0	0	0	0	0	0	0	0	0	0	0	0	0.000474158368895211	0	0	0	0	0	0	0	0.00107347328244275	0.00119307272151073	0.000699626865671642	0	0	0	0	0	0	0	0	0	0	0.00183823529411765	0	0.000162919517758227	0	0.000412328625914854	0.000547245530828165	0.00101120755034971	0.000597926648944336	0.000541303664040612	0.000321483562037867	0	0	0	0	0	0	0	0	0.000187336080929187	0.000154340041980491	0.000194001474411206	0.000187060741294995	0.000908062913339958	0.000665800069750483	0.000556628794080089
UL37	L	cluster_1	0.00323954912576551	0.00321649275655962	0.0054624741794813	0	0	0	0	0	0.00374531835205993	0	0	0.00228310502283105	0.000887573964497041	0.00312066574202497	0.00204819277108434	0.00220904545983025	0.00131790891785034	0.000137835975189524	0.000845423802770808	0.000422871296100523	0	0	0	0	0.0212765957446809	0	0	0.00193798449612403	0	0.000563063063063063	0.000529380624669137	0.000659630606860158	0.000711237553342817	0.00118343195266272	0.001388246182323	0	0	0	0	0	0.00158039122137405	0.00076431221221781	0.00143256929637527	0	0	0	0	0	0	0	0.00386100386100386	0	0.00215610176800345	0	0	0.00130335614206582	0.00131440588853838	0.00206164312957427	0.000912075884713608	0.00151681132552456	0.000888809883565905	0.000680287037240229	0.000964450686113602	0	0	0	0	0	0	0.000925354719309069	0.00045153521974714	0.000936680404645935	0.00111124830225954	0.00135801032087844	0.000962026669517116	0.00200459171435425	0.00139500966995339	0.00108051471792017
UL38	E	cluster_4	0.0144892162953759	0.0176780468037686	0.0160661005278862	0.0170454545454545	0.0116959064327485	0.0266666666666667	0.0104712041884817	0.00852272727272727	0.0112359550561798	0.0182815356489945	0.0193798449612403	0.019634703196347	0.0171597633136095	0.0187239944521498	0.0192771084337349	0.0131380072084641	0.0158149070142041	0.00923501033769814	0.0125995418348424	0.0119914217537077	0	0	0	0.0303030303030303	0	0.0465116279069768	0.00882352941176471	0.0155038759689922	0.0099009900990099	0.0101351351351351	0.00952885124404447	0.00593667546174143	0.0104314841156946	0.00749506903353057	0.010643220731143	0	0	0	0.0126582278481013	0	0.0110031011450382	0.0127696064724195	0.0153917910447761	0.0106382978723404	0	0.0198019801980198	0.00961538461538462	0.00657894736842105	0.0153061224489796	0.00323624595469256	0.0115830115830116	0.00817438692098093	0.0116429495472186	0.0124080882352941	0.0235051546391753	0.0166177908113392	0.0193655800911321	0.0172147201319452	0.0136811382707041	0.015589449734558	0.0166853855414872	0.0198526776244084	0.0235190605911914	0	0	0	0.00645161290322581	0.00699300699300699	0.0183028286189684	0.0285317705120296	0.027844671884407	0.0224803297115024	0.0281824916656377	0.028169014084507	0.0201491141337752	0.0196689853681938	0.0170571636917029	0.0173700926623228
UL39	E	cluster_9	2.21886926422295e-05	0	0	0	0	0	0	0	0	0	0	0.00045662100456621	0	0	0	0	0	0	2.72717355732519e-05	0	0	0	0	0	0	0	0	0	0	0	0	0	0	0	0	0	0	0	0	0	0	0	3.33155650319829e-05	0	0	0	0	0	0	0	0	0	0	0	0	0	0	0	0	8.42672958624758e-05	0	2.19447431367816e-05	0	0	0	0	0	0	0	0	0	0	0	0	0	1.71332625158483e-05	0	0
UL40	E	cluster_4	0.0246294488328748	0.0294802958160267	0.0228597658939637	0.0795454545454545	0.0818713450292398	0.04	0.0523560209424084	0.0710227272727273	0.0262172284644195	0.0347349177330896	0.062015503875969	0.026027397260274	0.0289940828402367	0.026005547850208	0.0578313253012048	0.0577839786071387	0.0533020940108361	0.00709855272226051	0.0253081706119777	0.0244057148035159	0.3	0	0.0714285714285714	0.0909090909090909	0.191489361702128	0.127906976744186	0.0823529411764706	0.0949612403100775	0.0759075907590759	0.0365990990990991	0.0312334568554791	0.04155672823219	0.03366524419156	0.0335305719921105	0.045812124016659	0.142857142857143	0.125	0.0957446808510638	0.0632911392405063	0.135922330097087	0.0139849713740458	0.0129933076077028	0.0161913646055437	0.074468085106383	0.032258064516129	0.118811881188119	0.102564102564103	0.0789473684210526	0.0994897959183673	0.058252427184466	0.0733590733590734	0.0572207084468665	0.02501078050884	0.0284926470588235	0.0189690721649485	0.017921146953405	0.0191026989134245	0.0187609524791259	0.032105071141919	0.0351394623746524	0.00448444986708252	0.00452061708617701	0.00260570887125429	0.0416666666666667	0.024390243902439	0.0588235294117647	0.0967741935483871	0.125874125874126	0.0332778702163062	0.0636952498457742	0.070891029500301	0.0633195953540652	0.0259599950611187	0.0285958173282117	0.02519975414874	0.022016242332865	0.0186106971877873	0.0246390098556039
UL41	L	cluster_10	0.0029289074287743	0.00471076891905582	0.00596740876750057	0.0170454545454545	0.0350877192982456	0.0266666666666667	0.0157068062827225	0.0142045454545455	0.00936329588014981	0.00548446069469835	0.00387596899224806	0.00821917808219178	0.00562130177514793	0.0100554785020804	0.00843373493975904	0.00837111963725148	0.0118611802606531	0.00447966919365955	0.0050998145521981	0.0044703537016341	0	0	0	0	0	0.0116279069767442	0.00294117647058824	0.00968992248062015	0.0132013201320132	0.00675675675675676	0.00794070937003706	0.0079155672823219	0.00924608819345661	0.011439842209073	0.00601573345673299	0	0	0.0212765957446809	0.0126582278481013	0.0194174757281553	0.00333969465648855	0.00246071248811588	0.00366471215351812	0.0212765957446809	0.0645161290322581	0.0396039603960396	0.0192307692307692	0.0197368421052632	0.00510204081632653	0.00970873786407767	0.00772200772200772	0.00544959128065395	0.00819318671841311	0.00643382352941176	0.00536082474226804	0.00553926360377973	0.00569575885033298	0.00484486135449954	0.00656694636993798	0.00749978933176034	0.00339363773725164	0.00386227479207356	0.00277491074601107	0	0.0487804878048781	0.0294117647058824	0.0225806451612903	0.013986013986014	0.00415973377703827	0.00848241826033313	0.00602046959662854	0.00974147620831772	0.0090443264600568	0.0089628681177977	0.00740226076267337	0.00793270054483775	0.00746647221077328	0.00741626010936119
UL42	L	cluster_4	0.0100071003816455	0.00957349812582312	0.0117512049575396	0	0	0	0.0157068062827225	0.00568181818181818	0.00936329588014981	0.0146252285191956	0.0193798449612403	0.0105022831050228	0.0121301775147929	0.0145631067961165	0.01	0.00895244738983839	0.00644311026504613	0.00523776705720193	0.0104178029889822	0.00939378379194732	0	0.0384615384615385	0	0.0303030303030303	0	0.0348837209302326	0.00588235294117647	0.0116279069767442	0	0.00619369369369369	0.00741132874536792	0.00857519788918206	0.0142247510668563	0.00907297830374753	0.00971772327626099	0	0	0.0531914893617021	0.0379746835443038	0.0194174757281553	0.00611283396946565	0.00525697667915665	0.00573027718550107	0	0	0.0099009900990099	0.0352564102564103	0.00657894736842105	0.0408163265306122	0.00970873786407767	0.0115830115830116	0.0163487738419619	0.0086244070720138	0.0147058823529412	0.0127835051546392	0.0131964809384164	0.0115667718191378	0.0105143799608288	0.00647573878146662	0.00952220443245976	0.0075306437407584	0.0097361510383521	0.00596436608517622	0	0	0	0.0032258064516129	0.013986013986014	0.0116472545757072	0.0143429981492906	0.0120409391932571	0.0153615586361933	0.00947647857760217	0.00966127342567804	0.0106357392907726	0.0113079532604599	0.0096223962461558	0.00776006024688124
UL43	L	cluster_4	0.00190822756723174	0.00265930503495087	0.00403947670415423	0.00568181818181818	0.00584795321637427	0	0.0104712041884817	0.00284090909090909	0	0	0	0.00365296803652968	0.0014792899408284	0.0013869625520111	0.00265060240963856	0.00186024880827811	0.00219651486308391	0.00103376981392143	0.00188174975455438	0.00253722777660314	0	0.0769230769230769	0	0.0151515151515152	0	0	0.00294117647058824	0.00387596899224806	0	0.000563063063063063	0.00264690312334569	0.00197889182058048	0.00379326695116169	0.00118343195266272	0.003701989819528	0.142857142857143	0	0.0106382978723404	0.0253164556962025	0	0.00187857824427481	0.00206923550137017	0.00169909381663113	0	0.032258064516129	0	0.00320512820512821	0.00657894736842105	0.0153061224489796	0.00323624595469256	0.00772200772200772	0.00817438692098093	0.00344976282880552	0.00183823529411765	0.00412371134020619	0.00391006842619746	0.00297932001402033	0.00340171116379755	0.00282743524261219	0.00632004718968568	0.00113121257908388	0.00169706013591111	0.000642967124075735	0	0	0	0.00645161290322581	0.0104895104895105	0.00415973377703827	0.00462677359654534	0.00526791089704997	0.00562008242787561	0.00293246079762934	0.00345322624451946	0.00213783704337137	0.00375218449097077	0.00382042420975873	0.00221014374120035
UL44	L	cluster_6	0.00936362829502086	0.00830716239489414	0.0116134955244434	0	0	0	0	0	0.00561797752808989	0.00731261425959781	0.0116279069767442	0.00639269406392694	0.0109467455621302	0.00381414701803051	0.00409638554216868	0.00360423206603883	0.00410016107775663	0.00261888352860097	0.0128177157194284	0.0112060893466638	0	0	0	0	0	0	0	0	0.0033003300330033	0.00225225225225225	0.00317628374801482	0.00329815303430079	0.00758653390232338	0.00236686390532544	0.00740397963905599	0	0	0	0	0	0.0061724713740458	0.0090971795015193	0.00632995735607676	0.0106382978723404	0	0	0	0	0.00510204081632653	0	0	0	0.00215610176800345	0.00275735294117647	0.0045360824742268	0.00814597588791137	0.0066596565019278	0.00566951860632925	0.00282743524261219	0.0135670346338586	0.0205719087596254	0.0351920530770187	0.011691849545693	0	0	0	0	0	0.0124792013311148	0.00231338679827267	0.000602046959662854	0.00168602472836268	0.00416718113347327	0.00395763007798859	0.00363432297373133	0.0123016824863791	0.0112393392726927	0.00672865983432108
UL26.5	L	cluster_4	0.0970977190023964	0.095684327828994	0.096993344044067	0.119318181818182	0.0935672514619883	0.106666666666667	0.162303664921466	0.0710227272727273	0.0674157303370787	0.0658135283363803	0.0426356589147287	0.0561643835616438	0.0553254437869822	0.0527045769764216	0.0636144578313253	0.0525520288338565	0.0575486894127984	0.0601654031702274	0.068315697610996	0.0594134171021234	0.1	0	0.0714285714285714	0.0606060606060606	0	0.0697674418604651	0.0441176470588235	0.0697674418604651	0.0462046204620462	0.0326576576576577	0.0412916887241927	0.0382585751978892	0.0715979137031769	0.0654832347140039	0.0768162887552059	0.285714285714286	0.25	0.0425531914893617	0.0253164556962025	0.0776699029126214	0.0392414122137405	0.0351770035232929	0.0356809701492537	0.0319148936170213	0.0967741935483871	0.0099009900990099	0.0512820512820513	0.0526315789473684	0.0637755102040816	0.0453074433656958	0.0656370656370656	0.0708446866485014	0.0405347132384649	0.0303308823529412	0.0350515463917526	0.0384490061909417	0.0354013319313004	0.0385527265230389	0.0280919372491791	0.0508131794050729	0.0417983047971493	0.0632228049770678	0.0358877176359114	0	0.024390243902439	0.0294117647058824	0.0774193548387097	0.0594405594405594	0.0391014975041597	0.0339296730413325	0.0352197471402769	0.049082053203447	0.0406840350660575	0.0462887517945136	0.0260014430400043	0.0511941883973546	0.0412954567071431	0.0408631020595265
UL26	L	cluster_1	0.0107393272388391	0.0102826461351434	0.0123479458342896	0	0.00584795321637427	0	0.00523560209424084	0.00284090909090909	0.0112359550561798	0.0036563071297989	0.00387596899224806	0.00639269406392694	0.00739644970414201	0.00693481276005548	0.00409638554216868	0.00453435647017789	0.00424659540196222	0.00323914541695383	0.00709065124904549	0.00685655601534419	0	0	0	0	0	0	0.00588235294117647	0.00193798449612403	0.0066006600660066	0.00394144144144144	0.00317628374801482	0.00593667546174143	0.00521574205784732	0.00394477317554241	0.003239241092087	0	0	0	0	0	0.00387643129770992	0.00415711276401394	0.00476412579957356	0.0106382978723404	0	0	0.00320512820512821	0	0	0.00323624595469256	0.00386100386100386	0.00272479564032698	0.00948684777921518	0.00551470588235294	0.00907216494845361	0.00879765395894428	0.00595864002804066	0.00773116173590352	0.00355709595038307	0.00707845285244797	0.00441172905842713	0.0079878865017885	0.00402700461921118	0	0	0	0.0032258064516129	0	0.00249584026622296	0.00277606415792721	0.00346177001806141	0.00318471337579618	0.00395110507470058	0.00477243627051566	0.00269901926725635	0.00704177089401364	0.00477156716654513	0.0037490586424806
UL25	L	cluster_6	2.21886926422295e-05	7.5980143855739e-05	4.5903144365389e-05	0	0	0	0	0	0	0	0	0	0	0.000346740638002774	0	0	0.000146434324205594	0	0	0	0	0	0	0	0	0	0	0	0	0	0	0	0	0	0	0	0	0	0	0	5.96374045801527e-05	1.86417612736051e-05	0	0	0	0	0	0	0	0	0	0	0	0	0	0	0	0	0	0.000168534591724952	1.61601797011983e-05	1.46298287578544e-05	2.53802812135158e-05	0	0	0	0	0	0	0	0	0	0	0	0	5.13997875475448e-05	1.58523826131067e-05	1.63714351200026e-05
UL24	L	cluster_8	0.00190822756723174	0.00129166244554756	0.00201973835207712	0	0	0	0	0	0	0.00182815356489945	0	0.00045662100456621	0.000591715976331361	0.000346740638002774	0.00036144578313253	0.000465062202069527	0.000585737296822375	0.000689179875947622	0.000409076033598778	0.0010269731476727	0	0	0	0	0	0	0	0	0	0.000563063063063063	0	0	0.000237079184447606	0	0.000462748727441	0	0	0	0	0	0.000924379770992366	0.000988013347501072	0.00113272921108742	0	0	0	0	0	0	0	0	0	0.00129366106080207	0.000459558823529412	0	0.000488758553274682	0.000525762355415352	0.000824657251829708	0.000364830353885443	0.000926940254487234	0.000355523953426362	0.000336486061430651	0.000346863843251383	0	0	0	0	0	0	0.000462677359654534	0.00045153521974714	0.00243536905207943	0.00111124830225954	0.00147441120552516	0.0005077362978007	0.00106226227598259	0.000776766748042231	0.000900428931600144
UL23	L	cluster_4	0.00339486997426112	0.00554655050146895	0.00647234335551985	0.0454545454545455	0.0350877192982456	0.0666666666666667	0.115183246073298	0.0568181818181818	0.0187265917602996	0.0164533820840951	0.0193798449612403	0.0219178082191781	0.0171597633136095	0.0201109570041609	0.0108433734939759	0.0110452272991513	0.0117147459364475	0.0104066161268091	0.0111268681138868	0.00927296342163289	0.05	0.115384615384615	0.142857142857143	0.0303030303030303	0.0425531914893617	0.0930232558139535	0.0147058823529412	0.0271317829457364	0.0132013201320132	0.0118243243243243	0.0111169931180519	0.00923482849604222	0.0201517306780465	0.0209072978303748	0.024525682554373	0	0	0.0957446808510638	0.10126582278481	0.0679611650485437	0.00274332061068702	0.00212516078519098	0.0031316631130064	0.0425531914893617	0.0645161290322581	0.0396039603960396	0.0320512820512821	0.0592105263157895	0.0459183673469388	0.0355987055016181	0.0308880308880309	0.0408719346049046	0.00905562742561449	0.00643382352941176	0.00824742268041237	0.00993809058325187	0.00911321416053277	0.00773116173590352	0.00747902225465159	0.00851099688211005	0.00138169536445245	0.00155807676271149	0.00127747415441363	0	0.024390243902439	0	0.0258064516129032	0.0244755244755245	0.0249584026622296	0.0245219000616903	0.0224262492474413	0.0155488947171225	0.00765526608223238	0.00776005897644822	0.0098340503995083	0.00589384230545181	0.00594464347991503	0.0055990308110409
UL22	L	cluster_1	0.00155320848495607	0.00233005774490933	0.00298370438375029	0	0	0	0.00523560209424084	0.00284090909090909	0.00374531835205993	0.0036563071297989	0	0.00228310502283105	0.00207100591715976	0.00416088765603329	0.00156626506024096	0.000930124404139054	0.00190364621467272	0.000482425913163336	0.000981782480637068	0.00135922916603739	0	0	0	0	0	0	0.00588235294117647	0.00387596899224806	0.0033003300330033	0.000563063063063063	0.00264690312334569	0.00131926121372032	0.000711237553342817	0	0.000462748727441	0	0	0	0	0	0.00169966603053435	0.00164047499207725	0.00159914712153518	0	0	0	0	0	0	0.00647249190938511	0	0.00272479564032698	0.0043122035360069	0.000919117647058824	0.00371134020618557	0.00244379276637341	0.0011391517700666	0.00278321822492527	0.00200656694636994	0.0027808207634617	0.00101001123132489	0.00136788898885939	0.000803708905094669	0	0	0	0.00645161290322581	0	0.00499168053244592	0.000925354719309068	0.000903070439494281	0.000936680404645935	0.000987776268675145	0.00135801032087844	0.00189733037599209	0.00260425590240894	0.00193399067879902	0.00130971480960021
CTO-S	L	cluster_1	0.0930149995562262	0.0977104649984804	0.0498967179251779	0.0170454545454545	0.0233918128654971	0.0266666666666667	0.031413612565445	0.105113636363636	0.117977528089888	0.124314442413163	0.135658914728682	0.228310502283105	0.187573964497041	0.221567267683773	0.187831325301205	0.259969770956865	0.261385268706985	0.356788421778084	0.205983418784771	0.269399220708612	0	0.0769230769230769	0	0	0.0212765957446809	0.0348837209302326	0.0852941176470588	0.0697674418604651	0.102310231023102	0.171734234234234	0.168872419269455	0.177440633245383	0.18018018018018	0.188560157790927	0.127718648773716	0	0	0.0212765957446809	0.0632911392405063	0.029126213592233	0.395276717557252	0.409615420464926	0.383495469083156	0.074468085106383	0.0161290322580645	0.0198019801980198	0.128205128205128	0.118421052631579	0.0969387755102041	0.0355987055016181	0.0463320463320463	0.0626702997275204	0.276412246658042	0.223805147058824	0.201649484536082	0.228413163897035	0.301174202593761	0.248840325739614	0.395476103611821	0.225415016432123	0.439346805536478	0.31760626741864	0.480846347777533	0.0208333333333333	0	0.117647058823529	0.0032258064516129	0.0104895104895105	0.391014975041597	0.236119679210364	0.258729680915111	0.105470213563132	0.317600938387455	0.247080277810111	0.463082226557281	0.228026590823425	0.322500871881044	0.346845224452375
CTO-M	L	cluster_6	0.000532528623413509	0.000405227433897275	0.000275418866192334	0	0	0	0	0	0	0	0.00387596899224806	0	0.00029585798816568	0.000693481276005548	0.00036144578313253	0.000581327752586909	0.000585737296822375	0.000137835975189524	0.000654521653758045	0.000755127314465219	0	0	0	0	0	0	0	0	0	0	0	0	0.000474158368895211	0.000788954635108481	0.000462748727441	0	0	0	0	0	0.000864742366412214	0.000950729824953862	0.000599680170575693	0	0	0	0	0	0	0	0	0	0	0.000459558823529412	0	0	0.000175254118471784	0.000206164312957427	9.12075884713608e-05	0.00058987107103733	0.000670647457599729	0.000768066009787356	0.000507605624270317	0	0	0	0	0	0	0	0	0	0.000216076058772688	0.000232801769293447	0.000133614815210711	0.000462598087927903	0.000523128626232523	0.000327428702400052
UL21	L	cluster_1	0.00386083251974794	0.00382433390740553	0.00431489557034657	0.0113636363636364	0.0116959064327485	0	0	0.00568181818181818	0.00749063670411985	0.0036563071297989	0.0116279069767442	0.00547945205479452	0.00621301775147929	0.00346740638002774	0.00373493975903614	0.00197651435879549	0.00424659540196222	0.000895933838731909	0.00193629322570088	0.00184251064729513	0	0	0	0	0	0	0.00588235294117647	0.00193798449612403	0.0066006600660066	0.00281531531531532	0.0042350449973531	0.000659630606860158	0.00142247510668563	0.0019723865877712	0.002776492364646	0	0	0	0	0.00970873786407767	0.00283277671755725	0.00208787726264377	0.00243203624733476	0.0212765957446809	0	0	0.00641025641025641	0.00657894736842105	0	0	0.00772200772200772	0.0136239782016349	0.00474342388960759	0.00643382352941177	0.00288659793814433	0.003584229390681	0.00385559060637925	0.00484486135449954	0.00300985041955491	0.00337069183449903	0.00154329716146444	0.00135325916010153	0.00166663846635421	0	0	0	0	0	0.00415973377703827	0.00185070943861814	0.00180614087898856	0.0014986886474335	0.00231510062970737	0.0019788150389943	0.00307314074984634	0.00221019086454443	0.00202910497447766	0.00178448642808029
UL20	L	cluster_7	0.000554717316055738	0.000658494580083072	0.000642644021115446	0	0	0	0.00523560209424084	0.00284090909090909	0.00187265917602996	0	0	0	0.000591715976331361	0.000346740638002774	0	0.000232531101034763	0	0	0.000163630413439511	0.000332256018364696	0	0	0	0.0151515151515152	0	0	0	0	0	0	0.00105876124933827	0	0.000474158368895211	0.000394477317554241	0.000925497454881999	0	0	0	0	0	0.00032800572519084	0.000615178122028969	0.000366471215351812	0	0.0161290322580645	0	0	0	0	0.00647249190938511	0	0.00272479564032698	0	0	0.000412371134020619	0.000488758553274682	0.00043813529617946	0.000309246469436141	0.000273622765414082	0.00126400943793714	0.000363604043276961	0.00041695011959885	0.00018612206223245	0	0	0	0.00645161290322581	0	0	0.000616903146206046	0.000752558699578567	0.00131135256650431	0.00108038029386344	0.000582004423233617	0.0005077362978007	0.000942329438371655	0.000856028661107765	0.000507514488720081
UL19	L	cluster_10	0.00692287210437561	0.00590112450612906	0.00867569428505853	0	0	0	0	0.00852272727272727	0.00561797752808989	0.00182815356489945	0	0.00547945205479452	0.0029585798816568	0.00762829403606103	0.00253012048192771	0.0025578421113824	0.00248938351149509	0.000137835975189524	0.00231809752372641	0.00323194490591114	0.05	0	0	0	0.0212765957446809	0	0.00294117647058824	0	0.0033003300330033	0.00112612612612613	0.00105876124933827	0.00197889182058048	0.00213371266002845	0.00276134122287968	0.000462748727441	0	0	0	0	0	0.00354842557251908	0.00389612810618347	0.00333155650319829	0	0	0	0	0	0	0.00323624595469256	0	0.00544959128065395	0.00388098318240621	0.00367647058823529	0.00247422680412371	0.00391006842619746	0.0021906764808973	0.0038140397897124	0.00218898212331266	0.00690991826072301	0.00606814747779995	0.00804640581681992	0.00214886380941101	0	0.024390243902439	0	0.0032258064516129	0.0034965034965035	0.00332778702163062	0.00246761258482418	0.00105358217940999	0.00243536905207943	0.00212989257933078	0.0026384200519924	0.0030464177868042	0.00870369735805092	0.00507276243619416	0.0024884581382404
UL18	L	cluster_1	0.073666459572202	0.0788673893222571	0.071149873766353	0.0340909090909091	0.0526315789473684	0.0133333333333333	0.0366492146596859	0.0710227272727273	0.0543071161048689	0.0530164533820841	0.0503875968992248	0.0465753424657534	0.0443786982248521	0.0416088765603329	0.0507228915662651	0.047203813510057	0.0445160345585005	0.0681598897312199	0.0620159266935748	0.0501102485879119	0	0.0384615384615385	0.0714285714285714	0.0303030303030303	0.0212765957446809	0.0232558139534884	0.0411764705882353	0.0329457364341085	0.0429042904290429	0.0349099099099099	0.0476442562202223	0.0369393139841689	0.0445708866761498	0.0437869822485207	0.053678852383156	0.142857142857143	0	0.0425531914893617	0.0253164556962025	0.0485436893203884	0.0437142175572519	0.0405271890088176	0.0536713752665245	0.0425531914893617	0	0.0297029702970297	0.0384615384615385	0.0263157894736842	0.038265306122449	0.0258899676375405	0.0386100386100386	0.0408719346049046	0.0452781371280724	0.0422794117647059	0.0564948453608248	0.0518084066471163	0.0474062390466176	0.0491701886403464	0.0349325063845312	0.0383416196174265	0.037653218703792	0.0473348109460379	0.046234412277288	0	0	0	0.0032258064516129	0.00699300699300699	0.0316139767054908	0.033466995681678	0.0340156532209512	0.0397152491569876	0.0399432028645512	0.0442711364606371	0.0259747200769621	0.0394407703114827	0.0287562220601756	0.0328574702858453
UL15	L	cluster_7	0.000532528623413509	0.000430554148515855	0.000734450309846224	0	0	0	0	0	0	0	0	0.00045662100456621	0.00029585798816568	0	0.00036144578313253	0.000581327752586909	0.000146434324205594	0	0.000490891240318534	0.000453076388679131	0	0	0	0	0	0	0	0	0	0.000563063063063063	0	0	0.000237079184447606	0	0.000462748727441	0	0	0.0106382978723404	0	0	0.000268368320610687	0.000130492328915236	0.000299840085287847	0	0	0	0	0	0	0	0	0	0	0.000459558823529412	0.00164948453608247	0.000814597588791137	0.000262881177707676	0.000618492938872281	0.000273622765414082	0.00058987107103733	0.000105041168057789	0.000146298287578544	6.76807499027089e-05	0	0	0	0.0032258064516129	0	0	0.000616903146206046	0.000301023479831427	0.000562008242787561	0.000246944067168786	0.00034920265394017	0.000160337778252853	0.000702463763149779	0.000380457182714562	0.000360171572640058
UL17	L	cluster_1	0.00161977456288275	0.0012410090163104	0.00156070690842323	0	0	0	0	0	0	0.00182815356489945	0.00387596899224806	0.00045662100456621	0.000591715976331361	0.00104022191400832	0.00072289156626506	0.000581327752586909	0.000878605945233563	0.000206753962784287	0.000299989091305771	0.000211435648050261	0	0	0	0	0	0	0	0	0	0	0.000529380624669137	0.000659630606860158	0.000237079184447606	0	0.000462748727441	0	0	0	0	0	0.000715648854961832	0.000503327554387339	0.000832889125799574	0	0	0	0	0	0	0	0	0	0	0.000459558823529412	0.00123711340206186	0.00065167807103291	0.00122677882930249	0.000618492938872281	0.000547245530828165	0.000926940254487234	0.000484805391035948	0.000380375547704214	0.000634507030337896	0	0	0	0	0	0	0.000462677359654534	0.000301023479831427	0.000187336080929187	0.000524756142733671	0.000814806192527063	0.000561182223884984	0.00089092965082411	0.000871881043720871	0.000638485969680102
UL16	L	cluster_4	0.0207020502352001	0.0220848951474015	0.0228138627495984	0.0227272727272727	0	0.0266666666666667	0.031413612565445	0.0198863636363636	0.00936329588014981	0.0182815356489945	0.0193798449612403	0.0187214611872146	0.0236686390532544	0.0266990291262136	0.0278313253012048	0.0208115335426113	0.0221115829550447	0.019710544452102	0.0175629977091742	0.0159180837889268	0	0.0384615384615385	0.0714285714285714	0.0454545454545455	0.0212765957446809	0	0.0176470588235294	0.0174418604651163	0.0198019801980198	0.0112612612612613	0.0132345156167284	0.016490765171504	0.0244191559981034	0.0264299802761341	0.019435446552522	0	0	0.0212765957446809	0.0379746835443038	0.00970873786407767	0.0103470896946565	0.00917174654661372	0.0140591684434968	0.0319148936170213	0	0.0297029702970297	0.016025641025641	0.0131578947368421	0.0153061224489796	0.00647249190938511	0.0115830115830116	0.00544959128065395	0.0215610176800345	0.0174632352941176	0.022680412371134	0.0148256761159987	0.0161233788994041	0.0164931450365942	0.01340751550529	0.0111232830538468	0.0125887799872335	0.0143884365833498	0.0250672577452158	0	0	0	0.00645161290322581	0.0034965034965035	0.0133111480865225	0.0368599629858112	0.032059000602047	0.0284750843012364	0.024169650574145	0.0279362123152136	0.013922663744956	0.0149744714388514	0.0122538917599315	0.0155528633640025
UL14	L	cluster_7	0.00170852933345167	0.0016209097355891	0.0033509295386734	0.00568181818181818	0.0116959064327485	0.0133333333333333	0	0	0	0	0	0.00273972602739726	0.000887573964497041	0.00450762829403606	0.00265060240963855	0.00116265550517382	0.00146434324205594	0.000137835975189524	0.000463619504745282	0.000543691666414958	0	0	0	0	0	0	0.00294117647058824	0.00193798449612403	0	0.000563063063063063	0.00105876124933827	0.000659630606860158	0.00331910858226648	0.000788954635108481	0.001388246182323	0	0	0	0	0	0.000596374045801527	0.000335551702924892	0.000699626865671642	0	0	0	0	0	0	0	0.00772200772200772	0.00817438692098093	0.00129366106080207	0.000459558823529412	0.00206185567010309	0.00130335614206582	0.0010515247108307	0.00103082156478714	0.000273622765414082	0.000926940254487234	0.000258562875219172	0.000212132516988889	0.000211502343445965	0	0	0	0.00645161290322581	0	0	0.00169648365206663	0.00120409391932571	0.000936680404645935	0.00101864427707124	0.00100880766693827	0.0012025333368964	0.00123359490114108	0.000649947687137377	0.00068760027504011
UL13	L	cluster_2	0.000221886926422295	0.000151960287711478	0.000780353454211614	0	0	0	0.00523560209424084	0	0	0	0	0.00228310502283105	0	0.000693481276005548	0.000481927710843373	0	0.000732171621027969	6.89179875947622e-05	0.000136358677866259	3.02050925786088e-05	0	0	0	0	0.0212765957446809	0	0	0.00193798449612403	0	0	0	0	0.00142247510668563	0.00157790927021696	0.000462748727441	0	0	0.0106382978723404	0	0	8.9456106870229e-05	5.59252838208154e-05	3.33155650319829e-05	0	0	0	0	0.00657894736842105	0.00255102040816327	0.00323624595469256	0	0.00544959128065395	0.00043122035360069	0.000919117647058824	0	0.000488758553274682	0.000350508236943568	0.000309246469436141	9.12075884713608e-05	0.000168534591724952	8.08008985059914e-06	7.31491437892719e-06	0	0	0	0	0.0032258064516129	0.00699300699300699	0.000831946755407654	0.000154225786551511	0.000301023479831427	0.000936680404645935	0.00018520805037659	0.000155201179528964	0.000293952593463563	0.000274132200253572	0.000142671443517961	0.000196457221440031
UL12	L	cluster_2	0.0021079258010118	0.00314051261270388	0.00495753959146202	0.00568181818181818	0.0116959064327485	0.0133333333333333	0.0104712041884817	0.00568181818181818	0.00561797752808989	0.00182815356489945	0.00387596899224806	0.0105022831050228	0.00562130177514793	0.00589459084604716	0.00409638554216868	0.00244157656086502	0.00424659540196222	0.000758097863542385	0.000518162975891786	0.0010269731476727	0	0	0	0	0	0	0.00294117647058824	0.00387596899224806	0	0.00112612612612613	0.00211752249867655	0.00131926121372032	0.00142247510668563	0.00157790927021696	0.000925497454881999	0	0	0.0106382978723404	0	0.00970873786407767	0.000536736641221374	0.000316909941651287	0.00056636460554371	0	0.0161290322580645	0.0198019801980198	0	0	0	0.00970873786407767	0.00386100386100386	0.00272479564032698	0.00086244070720138	0.000919117647058824	0.00123711340206186	0.000814597588791137	0.0010515247108307	0.00113390372126585	0.000912075884713608	0.000758405662762282	0.000153521707161384	0.000153613201957471	0.000219962437183804	0	0	0	0	0.00699300699300699	0.000831946755407654	0.00215916101172116	0.00195665261890427	0.000936680404645935	0.000586492159525867	0.000426803243704652	0.000908580743432832	0.000805263338244869	0.000523128626232523	0.000589371664320094
UL11	L	cluster_4	0.0295775272920919	0.0291763752406038	0.0230433784714253	0.00568181818181818	0.0233918128654971	0.0133333333333333	0.0418848167539267	0.0284090909090909	0.0205992509363296	0.0146252285191956	0.0193798449612403	0.0232876712328767	0.0245562130177515	0.0308599167822469	0.034578313253012	0.0381351005697012	0.0379264899692488	0.0636802205375603	0.0388349514563107	0.034433805539614	0.1	0	0	0.0454545454545455	0.0425531914893617	0.0465116279069768	0.05	0.0329457364341085	0.0528052805280528	0.0343468468468469	0.0312334568554791	0.0369393139841689	0.0329540066382172	0.0252465483234714	0.04164738546969	0	0.125	0.0531914893617021	0.0632911392405063	0.058252427184466	0.0228411259541985	0.021102473761721	0.0200226545842217	0.0638297872340426	0.032258064516129	0.0297029702970297	0.0448717948717949	0.0592105263157895	0.0433673469387755	0.0420711974110032	0.0115830115830116	0.0408719346049046	0.0103492884864166	0.0124080882352941	0.0115463917525773	0.010752688172043	0.0115667718191378	0.0120606123080095	0.0231667274717257	0.032948512682228	0.0225111303237692	0.0223178037701069	0.0152366288218473	0.0833333333333333	0.024390243902439	0.0294117647058824	0.0258064516129032	0.0174825174825175	0.0274542429284526	0.0417951881554596	0.0350692354003612	0.0303484451105283	0.0249413507840474	0.0226593722112288	0.0245316800726865	0.0263166912243429	0.0319584033480232	0.0287318686356046
UL10	L	cluster_6	0.0217005414041005	0.0210718265626583	0.0228138627495984	0.0113636363636364	0	0	0.00523560209424084	0.00568181818181818	0.0243445692883895	0.020109689213894	0.0155038759689922	0.026027397260274	0.0257396449704142	0.0246185852981969	0.0151807228915663	0.012789210556912	0.0111290086396251	0.0126809097174363	0.0250899967273917	0.0247681759144592	0	0	0	0.0151515151515152	0.0212765957446809	0.0116279069767442	0.00588235294117647	0.00581395348837209	0.0033003300330033	0.00788288288288288	0.00688194812069878	0.0131926121372032	0.0175438596491228	0.0130177514792899	0.014345210550671	0	0	0.0106382978723404	0	0	0.0132096851145038	0.0178028820162929	0.00999466950959488	0	0	0	0	0.00657894736842105	0.00510204081632653	0.00647249190938511	0	0.0136239782016349	0.00733074601121173	0.00965073529411765	0.00701030927835052	0.0127077223851417	0.0108657553452506	0.0136068446551902	0.00611090842758117	0.0257857925339176	0.0325870023674663	0.0527259028433072	0.0181722813488773	0	0	0	0	0	0.021630615640599	0.00632325724861197	0.00632149307645996	0.00693143499437992	0.00750092604025188	0.0089628681177977	0.0119718874428797	0.0212623787821677	0.0243651120763451	0.0141940342490423
UL9	L	cluster_11	6.65660779266886e-05	0	9.18062887307781e-05	0	0	0	0	0	0	0	0	0	0	0	0	0	0	0	0	0	0	0	0	0	0	0	0	0	0	0	0	0	0	0	0	0	0	0	0	0	0	1.86417612736051e-05	3.33155650319829e-05	0	0	0	0	0	0	0	0	0	0	0	0	0	0	0	9.12075884713608e-05	0	0	0	0	0	0	0	0	0	0	0	0	0	3.08680083960983e-05	0	0	1.71332625158483e-05	0	0
UL8	E	cluster_2	0.000199698233780066	0.000379900719278695	0.000367225154923112	0	0	0	0	0	0.00187265917602996	0.00182815356489945	0	0	0.00029585798816568	0	0.000602409638554217	0.000232531101034763	0.000292868648411188	0.000137835975189524	0.000109086942293008	0.000151025462893044	0	0	0	0	0	0	0.00588235294117647	0.00387596899224806	0	0.00112612612612613	0.00105876124933827	0.00131926121372032	0.00142247510668563	0.000788954635108481	0.000925497454881999	0	0	0	0	0	0.00032800572519084	0.000223701135283262	0.000133262260127932	0	0	0.0198019801980198	0	0	0	0	0.00386100386100386	0.00544959128065395	0	0.000919117647058824	0.000412371134020619	0.000814597588791137	0.000175254118471784	0.000309246469436141	0.000638453119299526	0.000337069183449903	8.88809883565905e-05	8.77789725471263e-05	5.92206561648703e-05	0	0	0	0.0032258064516129	0.0034965034965035	0.00166389351081531	0.00123380629241209	0.00045153521974714	0.000562008242787561	0.000277812075564885	0.000388002948822411	0.000293952593463563	0.000325531987801117	0.000285342887035922	0.000278314397040045
UL7	E	cluster_8	0.00323954912576551	0.00303920575422956	0.00358044526050034	0.00568181818181818	0.0116959064327485	0	0.00523560209424084	0.00284090909090909	0.00374531835205993	0.00548446069469835	0.0116279069767442	0.0045662100456621	0.00325443786982249	0.00312066574202497	0.00325301204819277	0.00290663876293454	0.00278225215990628	0.0056512749827705	0.00359986909566925	0.0041380976832694	0	0	0	0.0151515151515152	0	0	0	0.0116279069767442	0	0.00168918918918919	0.00317628374801482	0.00263852242744063	0.00782361308677098	0.00828402366863905	0.00832947709393799	0	0	0	0	0	0.00220658396946565	0.00210651902391738	0.00243203624733475	0	0	0	0.00320512820512821	0	0.00510204081632653	0.00970873786407767	0	0.00272479564032698	0.00388098318240621	0.00505514705882353	0.00536082474226804	0.00374714890843923	0.00289169295478444	0.00371095763323369	0.00291864283108355	0.00261228617173675	0.00117161302833688	0.00138983373199617	0.000888309842473055	0	0	0	0	0	0.00166389351081531	0.00323874151758174	0.00195665261890427	0.00524541026601724	0.00138906037782442	0.00124160943623172	0.00136287111514925	0.00246718980228215	0.00179131923528106	0.00150617203104024
UL6	L	cluster_1	0.00130913286589154	0.000937088440887448	0.00160661005278862	0	0	0	0	0	0	0.00182815356489945	0	0.00045662100456621	0.000591715976331361	0.000346740638002774	0.00108433734939759	0.00104638995465644	0.000732171621027969	6.89179875947622e-05	0.000354532562452274	0.000271845833207479	0	0	0	0	0	0	0	0	0	0	0.00105876124933827	0	0.000948316737790422	0	0.000925497454881999	0	0	0	0	0	0.000208730916030534	0.000205059374009656	0.000333155650319829	0	0.0161290322580645	0	0	0	0	0	0	0	0	0	0	0.000488758553274682	8.76270592358921e-05	0.000721575095350995	0.000547245530828165	0.000252801887587427	0.000153521707161384	0.000292596575157088	0.000253802812135158	0	0	0	0	0	0	0.000308451573103023	0.000301023479831427	0.000374672161858374	0.000246944067168786	0.000310402359057929	0.000320675556505705	0.000736730288181476	0.000380457182714562	0.00037654300776006
UL5	E	cluster_10	8.87547705689181e-05	7.5980143855739e-05	0.000137709433096167	0.00568181818181818	0.00584795321637427	0	0	0	0	0.00182815356489945	0	0.00045662100456621	0.000591715976331361	0.000693481276005548	0	0	0	0	0.000109086942293008	0.00024164074062887	0	0	0	0	0	0	0	0	0	0.000563063063063063	0	0	0.000237079184447606	0	0.000462748727441	0	0	0	0	0	5.96374045801527e-05	9.32088063680257e-05	0	0	0	0	0	0	0.00255102040816327	0	0	0.00272479564032698	0	0	0.000412371134020619	0.000325839035516455	8.76270592358921e-05	0.000309246469436141	0	0.000252801887587427	4.04004492529957e-05	8.04640581681991e-05	8.46009373783861e-06	0	0.024390243902439	0	0	0	0	0	0	0.000187336080929187	6.17360167921966e-05	0.000155201179528964	0.000160337778252853	0.000308398725285269	0.000110966678291747	0.000114600045840018
UL4	L	cluster_4	0.00239637880536079	0.00281126532266234	0.00261647922882718	0	0	0	0	0.0142045454545455	0.00936329588014981	0.00548446069469835	0	0.00228310502283105	0.00236686390532544	0.00277392510402219	0.00301204819277108	0.00406929426810836	0.00351442378093425	0.00551343900758098	0.00452710810515981	0.00329235509106835	0	0	0	0	0	0.0116279069767442	0	0.00775193798449612	0.0066006600660066	0.00394144144144144	0.00476442562202223	0.00527704485488127	0.00474158368895211	0.00473372781065089	0.00462748727441	0	0	0	0	0	0.0016400286259542	0.00173368379844528	0.00166577825159915	0	0	0	0.00320512820512821	0.00657894736842105	0.0076530612244898	0	0	0.00272479564032698	0.00258732212160414	0.00275735294117647	0.00247422680412371	0.00228087324861518	0.00227830354013319	0.00216472528605298	0.0025538124771981	0.00210668239656189	0.00109889221968148	0.0013459442457226	0.00120979340451092	0	0	0	0	0.0034965034965035	0.000831946755407654	0.00262183837137569	0.00361228175797712	0.00187336080929187	0.00228423262131127	0.00186241415434757	0.00157665481948638	0.00143919405133125	0.00126819060904854	0.00163714351200026
UL3.5	L	cluster_1	0.034126209283749	0.031151858980853	0.0296075281156759	0.0170454545454545	0	0	0	0.00568181818181818	0.0168539325842697	0.0274223034734918	0.0155038759689922	0.0182648401826484	0.0227810650887574	0.0169902912621359	0.0227710843373494	0.0159283804208813	0.0161077756626153	0.0144038594073053	0.0244354750736337	0.0208717189718187	0	0	0	0.0151515151515152	0	0	0.00588235294117647	0.0135658914728682	0.0231023102310231	0.0157657657657658	0.0185283218634198	0.0184696569920844	0.0154101469890944	0.0248520710059172	0.017584451642758	0	0	0.0106382978723404	0	0	0.017563215648855	0.0146710661223272	0.0204224413646055	0	0	0	0.00320512820512821	0	0.00510204081632653	0	0.00386100386100386	0	0.00991806813281587	0.0206801470588235	0.0115463917525773	0.0188986640599544	0.0156852436032247	0.0175239666013813	0.0138635534476468	0.00918513524900986	0.0165318638343258	0.0198307328812716	0.02610784927497	0	0	0.0294117647058824	0.0032258064516129	0	0.0166389351081531	0.00894509561998766	0.00692354003612282	0.0114275009366804	0.0131497715767379	0.0128428976060218	0.00721520002137837	0.0168591303155947	0.0110015535334961	0.0152581775318424
UL3	L	cluster_1	0.00317298304783882	0.00443217505825144	0.00307551067248107	0	0	0	0	0.00284090909090909	0.00561797752808989	0.00182815356489945	0.00387596899224806	0.00273972602739726	0.00177514792899408	0.00624133148404993	0.00421686746987952	0.0025578421113824	0.00380729242934544	0.00117160578911096	0.00139085851423585	0.00148004953635183	0	0	0	0	0	0.0116279069767442	0	0.00387596899224806	0.0033003300330033	0.00619369369369369	0.00370566437268396	0.00461741424802111	0.00213371266002845	0.00315581854043392	0.00462748727441	0	0	0	0	0	0.00152075381679389	0.00152862442443562	0.00249866737739872	0	0	0	0	0	0	0	0	0	0.00344976282880552	0.00183823529411765	0.00288659793814433	0.00391006842619746	0.00297932001402033	0.00391712194619111	0.00200656694636994	0.000926940254487234	0.000808008985059914	0.000497414177767049	0.00151435677907311	0	0	0	0.0032258064516129	0	0.00166389351081531	0.00246761258482418	0.00255869957856713	0.00224803297115024	0.00200642054574639	0.00275482093663912	0.00157665481948638	0.0014905938388788	0.00122063346120922	0.00191545790904031
UL2	E	cluster_2	0.0017307180260939	0.00387498733664269	0.00436079871471196	0.0113636363636364	0.00584795321637427	0	0	0	0.00561797752808989	0.00182815356489945	0.00387596899224806	0.00319634703196347	0.00236686390532544	0.00312066574202497	0.00469879518072289	0.00186024880827811	0.00205008053887831	0.000964851826326671	0.000518162975891786	0.000362461110943305	0	0	0	0	0	0	0.00294117647058824	0	0.0099009900990099	0.00112612612612613	0.00105876124933827	0	0.00331910858226648	0.00276134122287968	0.000462748727441	0	0	0	0	0	0.000477099236641221	0.000149134090188841	0.000599680170575693	0	0	0.0099009900990099	0.00320512820512821	0.00657894736842105	0	0	0.00386100386100386	0.00272479564032698	0.00086244070720138	0.000459558823529412	0.00123711340206186	0.00130335614206582	0.00087627059235892	0.00113390372126585	0.00109449106165633	0.000505603775174855	9.69610782071896e-05	8.04640581681992e-05	0.000135361499805418	0	0	0	0	0.00699300699300699	0	0.00154225786551511	0.00105358217940999	0.00131135256650431	0.000740832201506359	0.000620804718115858	0.000935303706474974	0.000976595963403351	0.000570685774071843	0.00068760027504011
UL1	L	cluster_12	0.00359456820804118	0.00331779961503394	0.00518705531328896	0	0	0	0	0.00852272727272727	0.00187265917602996	0.0036563071297989	0.00775193798449612	0.00502283105022831	0.00355029585798817	0.00312066574202497	0.00349397590361446	0.00302290431345192	0.0023429491872895	0.000827015851137147	0.000818152067197557	0.00117799861056574	0	0	0	0	0.0212765957446809	0	0.00294117647058824	0.00775193798449612	0	0.00112612612612613	0.00264690312334569	0.00131926121372032	0.00331910858226648	0.000394477317554241	0.00462748727441	0	0	0	0	0	0.00316078244274809	0.00419439628656115	0.00379797441364606	0	0.0161290322580645	0	0.00320512820512821	0.00657894736842105	0.00510204081632653	0.00647249190938511	0.00772200772200772	0.00272479564032698	0.00474342388960759	0.00505514705882353	0.00742268041237113	0.00879765395894428	0.00464423413950228	0.00752499742294609	0.00191535935789858	0.00589871071037331	0.0018988211148908	0.00152881710519578	0.00155665724776231	0	0	0.0294117647058824	0.0032258064516129	0.0034965034965035	0.00166389351081531	0.00293028994447872	0.00301023479831427	0.00337204945672537	0.00314853685640203	0.00318162418034377	0.00285935704550921	0.00517424527978618	0.00331314796613931	0.00304508693232049
EP0	E	cluster_12	0.00323954912576551	0.00422956134130281	0.00504934588019279	0.0113636363636364	0	0	0.0471204188481675	0.0113636363636364	0.00936329588014981	0.00182815356489945	0	0.00547945205479452	0.00532544378698225	0.00554785020804438	0.00421686746987952	0.00348796651552145	0.0048323326987846	0.00406616126809097	0.00599978182611541	0.00486301990515601	0	0.0769230769230769	0	0.0303030303030303	0.0425531914893617	0.0232558139534884	0.0264705882352941	0.0155038759689922	0.0165016501650165	0.0123873873873874	0.011646373742721	0.00857519788918206	0.0154101469890944	0.0134122287968442	0.014807959278112	0	0	0.0212765957446809	0.0379746835443038	0.00970873786407767	0.00158039122137405	0.000876162779859441	0.00179904051172708	0.0638297872340426	0.0806451612903226	0	0.0192307692307692	0.00657894736842105	0.0255102040816327	0.0420711974110032	0.0193050193050193	0.0217983651226158	0.00388098318240621	0.00505514705882353	0.00577319587628866	0.00407298794395569	0.0043813529617946	0.00463869704154211	0.00264502006566946	0.00455043397657369	0.000791848805358716	0.000885104639850191	0.000372244124464899	0.0208333333333333	0.0487804878048781	0.0882352941176471	0.0709677419354839	0.0664335664335664	0.00915141430948419	0.0146514497223936	0.0129440096327514	0.0239790183589359	0.00623533769601185	0.00748845691227253	0.00395499853023703	0.00525991159236542	0.00404235756634222	0.00443665891752071
ELIE	E	cluster_9	0	0	0	0	0	0	0	0	0	0	0	0	0	0	0	0	0	0	0	0	0	0	0	0	0	0	0	0	0	0	0	0	0	0	0	0	0	0	0	0	0	0	0	0	0	0	0	0	0	0	0	0	0	0	0	0	0	0	0	0	0	0	0	0	0	0	0	0	0	0	0	0	0	0	0	1.71332625158483e-05	0	0
IE180	IE	cluster_3	0.00164196325552498	0.00131698916016614	0.00160661005278862	0	0	0	0	0	0	0	0	0.00091324200913242	0.000887573964497041	0.000693481276005548	0.00156626506024096	0.00116265550517382	0.00161077756626153	0.00103376981392143	0.00043634776917203	0.000694717129308001	0	0	0	0	0	0	0	0	0	0.00281531531531532	0.00105876124933827	0.00461741424802111	0.000948316737790422	0.000394477317554241	0	0	0.125	0	0	0	0.00131202290076336	0.00115578919896352	0.00153251599147122	0.0106382978723404	0	0.0099009900990099	0	0	0	0	0	0.00272479564032698	0.00086244070720138	0.000459558823529412	0.000824742268041237	0.000977517106549365	0.000613389414651244	0.00113390372126585	0.00136811382707041	0.00117974214207466	0.000597926648944336	0.000629082636587739	0.000482225343056801	0.6875	0.536585365853659	0.235294117647059	0.0612903225806452	0.0454545454545455	0.00499168053244592	0.00215916101172116	0.00240818783865142	0.0028100412139378	0.00157426842820101	0.00252201916734567	0.000641351113011411	0.00239865675221876	0.00202910497447766	0.00171900068760027
NOIR	E	cluster_1	0.00104286855418479	0.000962415155506028	0.00110167546476934	0	0	0	0	0	0	0	0	0.00136986301369863	0.00118343195266272	0.0013869625520111	0.00144578313253012	0.0025578421113824	0.00102504026943916	0.00186078566505858	0.00207265190356714	0.00193312592503096	0	0	0	0	0	0	0.00588235294117647	0.00581395348837209	0	0.00450450450450451	0.00370566437268396	0.00329815303430079	0.00118539592223803	0.00276134122287968	0.000925497454881999	0	0	0	0	0	0.00199785305343511	0.00150998266316202	0.00119936034115139	0	0	0.0099009900990099	0.00320512820512821	0	0.00510204081632653	0	0	0.00544959128065395	0.00043122035360069	0.00137867647058824	0.000412371134020619	0.000814597588791137	0.000701016473887136	0.00175239666013813	0.00155052900401313	0.0031178899469116	0.00141401572385485	0.00129473984507011	0.000947530498637925	0	0	0	0.00645161290322581	0	0.00249584026622296	0.00154225786551511	0.00481637567730283	0.00299737729486699	0.00200642054574639	0.00225041710316998	0.00505064001496486	0.0034780522907172	0.00318632890523446	0.00302871549720049
US1	E	cluster_4	0.0814546906896246	0.0683568027555466	0.110213449621299	0.142045454545455	0.140350877192982	0.12	0.141361256544503	0.181818181818182	0.157303370786517	0.164533820840951	0.162790697674419	0.0922374429223744	0.136686390532544	0.0894590846047157	0.0826506024096386	0.0642948494361121	0.0752672426416752	0.0372157133011716	0.0328897131013418	0.0337994985954632	0	0	0	0.0606060606060606	0.106382978723404	0.0465116279069768	0.117647058823529	0.153100775193798	0.125412541254125	0.173423423423423	0.193753308628904	0.129287598944591	0.0692271218587008	0.119921104536489	0.0828320222119389	0	0	0.0531914893617021	0.113924050632911	0.087378640776699	0.0469644561068702	0.0458587327330686	0.0616004797441365	0.106382978723404	0.0967741935483871	0.158415841584158	0.0993589743589744	0.0921052631578947	0.086734693877551	0.174757281553398	0.173745173745174	0.108991825613079	0.184562311341095	0.219209558823529	0.228865979381443	0.173346366894754	0.147301086575535	0.179259870116483	0.0714155417730755	0.0525827926181849	0.0188831699808502	0.0185067333786858	0.0326390416405814	0	0.024390243902439	0.117647058823529	0.132258064516129	0.129370629370629	0.0632279534109817	0.0838988278840222	0.0832329921733895	0.166354439865118	0.11677367576244	0.152485158887208	0.0642420031533096	0.0660487269985951	0.0640753305221775	0.0799580891260928
AZURE	E		0	2.53267146185797e-05	4.5903144365389e-05	0	0	0	0	0	0	0.00182815356489945	0	0.00045662100456621	0	0	0	0.000348796651552145	0	0	0.000136358677866259	0.000120820370314435	0	0	0	0	0	0.0116279069767442	0	0	0	0	0	0.000659630606860158	0	0	0	0	0	0	0	0	0	0	0	0	0	0	0	0	0	0	0	0	0	0	0	0.000162919517758227	0	0.000103082156478714	0	0	0	0	0	0	0	0	0	0	0	0	0	0	0	0	0	0	0	0
US3	L	cluster_12	0.000421585160202361	0.000506534292371594	0.00110167546476934	0	0.00584795321637427	0.0133333333333333	0.0104712041884817	0.00284090909090909	0.00374531835205993	0	0	0.00182648401826484	0.00177514792899408	0.00173370319001387	0.000843373493975904	0.00104638995465644	0.000439302972616781	0.000206753962784287	0.00087269553834406	0.00105717824025131	0	0.0384615384615385	0	0	0.0212765957446809	0	0	0	0	0.00337837837837838	0.00158814187400741	0.00263852242744063	0.00355618776671408	0.000788954635108481	0.001850994909764	0	0	0	0.0253164556962025	0.029126213592233	0.000536736641221374	0.000447402270566523	0.000466417910447761	0.0106382978723404	0	0.0297029702970297	0	0	0.00255102040816327	0	0.0154440154440154	0.00272479564032698	0.00129366106080207	0.000919117647058824	0.000412371134020619	0.000814597588791137	0.00087627059235892	0.000412328625914854	0.000364830353885443	0.0031178899469116	0.000347443863575763	0.000475469434630268	8.46009373783862e-05	0	0	0.0294117647058824	0.0225806451612903	0.0244755244755245	0.00166389351081531	0.000462677359654534	0.00135460565924142	0.00206069689022106	0.00089517224348685	0.000543204128351376	0.0012025333368964	0.0019874584518384	0.0018705811483466	0.00109688615304018
US4	L	cluster_1	0.100181947279666	0.0912774794853612	0.109616708744549	0.113636363636364	0.111111111111111	0.133333333333333	0.109947643979058	0.0625	0.112359550561798	0.0968921389396709	0.0968992248062016	0.0621004566210046	0.0748520710059172	0.0610263522884882	0.0796385542168675	0.077665387745611	0.075706545614292	0.022605099931082	0.0814061306861569	0.0730057087624974	0.1	0.230769230769231	0.142857142857143	0.121212121212121	0.0638297872340426	0.0813953488372093	0.135294117647059	0.10077519379845	0.118811881188119	0.113738738738739	0.0952885124404447	0.121372031662269	0.106211474632527	0.0804733727810651	0.113373438223045	0.142857142857143	0.125	0.0851063829787234	0.10126582278481	0.116504854368932	0.0681655534351145	0.0635311224204463	0.0589685501066098	0.0851063829787234	0.112903225806452	0.128712871287129	0.115384615384615	0.0328947368421053	0.104591836734694	0.15210355987055	0.138996138996139	0.111716621253406	0.0776196636481242	0.1015625	0.0841237113402062	0.0967741935483871	0.0750087627059236	0.0765900422636842	0.0576431959139	0.109968821100531	0.0640023917065958	0.084904211196208	0.0394832574744928	0.0416666666666667	0.0731707317073171	0.0882352941176471	0.0774193548387097	0.0559440559440559	0.0316139767054908	0.0567550894509562	0.0555388320288983	0.101723491944549	0.0708729472774417	0.0824506266247624	0.0499719408888058	0.124318952814995	0.0997114866364415	0.0826593759208932
US6	L	cluster_1	0.00288453004348984	0.00248201803262081	0.00463621758090429	0.00568181818181818	0.00584795321637427	0	0	0.00284090909090909	0.00374531835205993	0.0036563071297989	0	0.00639269406392694	0.00562130177514793	0.00277392510402219	0.00204819277108434	0.00197651435879549	0.000878605945233563	0.000344589937973811	0.00109086942293008	0.00141963935119461	0	0	0	0	0	0	0.00294117647058824	0	0	0.00168918918918919	0.00317628374801482	0	0.00189663347558084	0.0019723865877712	0.000925497454881999	0	0	0	0	0	0.00122256679389313	0.00134220681169957	0.00139925373134328	0.0212765957446809	0.0161290322580645	0	0	0	0	0.00323624595469256	0	0.00272479564032698	0.00129366106080207	0.00183823529411765	0.00164948453608247	0.00228087324861518	0.00236593059936909	0.00329862900731883	0.000912075884713608	0.00168534591724952	0.00164833832952222	0.00184335842348965	0.00165817837261637	0	0	0	0	0	0.00249584026622296	0.000925354719309068	0.000602046959662854	0.0014986886474335	0.00104951228546734	0.00108640825670275	0.00109564148472783	0.00265565568995648	0.0018864335309597	0.00147342916080024
US7	L	cluster_1	0.0110943463211148	0.0128153175970013	0.0140004590314437	0.0170454545454545	0.0233918128654971	0.0533333333333333	0.00523560209424084	0.00852272727272727	0.0149812734082397	0.0146252285191956	0.00775193798449612	0.0182648401826484	0.021301775147929	0.0180305131761442	0.0134939759036145	0.0108126961981165	0.0130326548542978	0.0133700895933839	0.0142631177048107	0.0140453680490531	0.05	0	0	0	0.0212765957446809	0.0348837209302326	0.0235294117647059	0.0116279069767442	0.0132013201320132	0.0219594594594595	0.0222339862361038	0.0178100263852243	0.0220483641536273	0.021301775147929	0.018047200370199	0	0	0.0106382978723404	0	0.00970873786407767	0.00951216603053435	0.00976828290736909	0.0113606076759062	0.0106382978723404	0	0.0297029702970297	0.016025641025641	0.0131578947368421	0.0076530612244898	0.0161812297734628	0.0308880308880309	0.00817438692098093	0.0189736955584304	0.0238970588235294	0.0160824742268041	0.0223199739328772	0.0205047318611987	0.023399649520668	0.0140459686245896	0.0119659560124716	0.00948602548460339	0.0118867358657567	0.0103043941726874	0	0.024390243902439	0.0294117647058824	0.00645161290322581	0.0034965034965035	0.00499168053244592	0.0192782233189389	0.0161047561709813	0.0226676657924316	0.0156809482652179	0.0185465409537112	0.0123994548515539	0.0213994448822945	0.0164706255350179	0.0183687502046429
US8	L	cluster_12	0.00832075974083607	0.00787660824637828	0.0143217810420014	0.0170454545454545	0.0175438596491228	0.0133333333333333	0.00523560209424084	0	0.0243445692883895	0.00914076782449726	0.0193798449612403	0.0091324200913242	0.0121301775147929	0.013869625520111	0.00843373493975904	0.00651087082897337	0.00556450431981256	0.00392832529290145	0.00638158612414094	0.00667532545987254	0	0	0	0.0606060606060606	0.0212765957446809	0.0116279069767442	0.0117647058823529	0.0155038759689922	0.0132013201320132	0.0236486486486487	0.011646373742721	0.016490765171504	0.0232337600758653	0.0185404339250493	0.018047200370199	0	0	0	0.0126582278481013	0.00970873786407767	0.00486044847328244	0.00404526219637231	0.00359808102345416	0.0106382978723404	0.032258064516129	0.0198019801980198	0.00320512820512821	0.00657894736842105	0.00255102040816327	0.0323624595469256	0.0231660231660232	0.0136239782016349	0.00603708495040966	0.00873161764705882	0.00577319587628866	0.00635386119257087	0.00534525061338942	0.00793732604886094	0.00410434148121124	0.00808966040279768	0.00349867890530943	0.00459376622996628	0.00244496709023536	0	0.024390243902439	0.0588235294117647	0.0129032258064516	0.0174825174825175	0.00748752079866889	0.0067859346082665	0.0067730282962071	0.00843012364181341	0.00567971354488208	0.00647964924533427	0.00700141631704123	0.0115649521981976	0.00849687708062522	0.00702334566648112
US9	L	cluster_1	0.0111609123990415	0.0115743085806909	0.0100527886160202	0.00568181818181818	0	0	0	0.00284090909090909	0.0149812734082397	0.0164533820840951	0.00775193798449612	0.0105022831050228	0.00769230769230769	0.0104022191400832	0.00903614457831325	0.00871991628880363	0.00541806999560697	0.0124052377670572	0.0185447801898113	0.0151931615670402	0	0	0.0714285714285714	0	0.0212765957446809	0.0232558139534884	0.00882352941176471	0.0174418604651163	0.0297029702970297	0.0225225225225225	0.0195870831127581	0.0211081794195251	0.0139876718824087	0.0122287968441815	0.014807959278112	0	0	0.0212765957446809	0	0.0194174757281553	0.0100489026717557	0.00896668717260407	0.00889525586353945	0	0.0161290322580645	0	0.0128205128205128	0.0263157894736842	0.00510204081632653	0.00323624595469256	0.00772200772200772	0.00272479564032698	0.00344976282880552	0.00413602941176471	0.00371134020618557	0.00667970022808733	0.00587101296880477	0.00597876507576539	0.00939438161255016	0.0109547484621219	0.0151097680206204	0.0159904028323348	0.0116072486083146	0	0	0	0.00645161290322581	0.00699300699300699	0.0116472545757072	0.00694016039481801	0.0078266104756171	0.00599475458973398	0.00747005803185579	0.00869126605362201	0.0106891852168568	0.0143919405133125	0.011286896420532	0.012671490782882
US2	L	cluster_4	0.0419144404011716	0.0501468949447878	0.0475097544181777	0.0625	0.087719298245614	0.12	0.0261780104712042	0.0681818181818182	0.0374531835205992	0.0530164533820841	0.0503875968992248	0.0365296803652968	0.0355029585798817	0.0416088765603329	0.0569879518072289	0.0463899546564353	0.0480304583394348	0.0265334252239835	0.0377168102978074	0.0323798592442686	0.1	0.0769230769230769	0.214285714285714	0.0606060606060606	0.0851063829787234	0.0697674418604651	0.0705882352941176	0.0329457364341085	0.033003300330033	0.0337837837837838	0.0397035468501853	0.0389182058047493	0.0334281650071124	0.0382642998027613	0.039333641832485	0.142857142857143	0.25	0.074468085106383	0.0632911392405063	0.087378640776699	0.0204854484732824	0.0171504203717167	0.0259195095948827	0.0957446808510638	0.161290322580645	0.108910891089109	0.0673076923076923	0.118421052631579	0.0612244897959184	0.0906148867313916	0.0617760617760618	0.0653950953678474	0.0293229840448469	0.0197610294117647	0.0301030927835052	0.0285109156076898	0.0257623554153523	0.0210287599216576	0.0307369573148486	0.0235948428414932	0.0118373316311277	0.0120915534683667	0.0130454645437471	0.0416666666666667	0.024390243902439	0	0.0806451612903226	0.104895104895105	0.0374376039933444	0.0468846391116595	0.0486152919927754	0.0415886099662795	0.0217310779108532	0.022698172506111	0.0121856711472168	0.0179385258540931	0.0132367394819441	0.0197275793196032
NOIR_2	E	cluster_1	0.00106505724682702	0.000962415155506028	0.00110167546476934	0	0	0	0	0	0	0	0	0.00136986301369863	0.00118343195266272	0.0013869625520111	0.00144578313253012	0.0025578421113824	0.00102504026943916	0.00186078566505858	0.00207265190356714	0.00193312592503096	0	0	0	0	0	0	0.00588235294117647	0.00581395348837209	0	0.00450450450450451	0.00370566437268396	0.00329815303430079	0.00118539592223803	0.00276134122287968	0.000925497454881999	0	0	0	0	0	0.00199785305343511	0.00150998266316202	0.00119936034115139	0	0	0.0099009900990099	0.00320512820512821	0	0.00510204081632653	0	0	0.00544959128065395	0.00043122035360069	0.00137867647058824	0.000412371134020619	0.000814597588791137	0.000701016473887136	0.00175239666013813	0.00155052900401313	0.00303362265104913	0.00141401572385485	0.00130205475944904	0.000947530498637925	0	0	0	0.00645161290322581	0	0.00249584026622296	0.00154225786551511	0.00481637567730283	0.00299737729486699	0.00203728855414249	0.00232801769293447	0.00505064001496486	0.00349518555323305	0.00318632890523446	0.00302871549720049
