seqnames	cmp_ref	class_code	N
LT934125.1	IE180_2	=	26
LT934125.1	NOIR-1M	=	153
LT934125.1	ORF-1	=	144
LT934125.1	UL11	=	270
LT934125.1	UL12-11	=	122
LT934125.1	UL13-12-11	=	43
LT934125.1	UL14-13-12-11	=	74
LT934125.1	UL16	=	136
LT934125.1	UL18	=	197
LT934125.1	UL19	=	103
LT934125.1	UL19-18	=	71
LT934125.1	UL20-19	=	33
LT934125.1	UL22	=	95
LT934125.1	UL23	=	205
LT934125.1	UL23-22	=	40
LT934125.1	UL30	=	21
LT934125.1	UL33	=	9
LT934125.1	UL33-34-35	=	22
LT934125.1	UL34-35	=	185
LT934125.1	UL35	=	266
LT934125.1	UL38	=	231
LT934125.1	UL38-39-40	=	55
LT934125.1	UL39-40	=	87
LT934125.1	UL4	=	123
LT934125.1	UL40	=	170
LT934125.1	UL42	=	240
LT934125.1	UL42-43-44	=	65
LT934125.1	UL43	=	201
LT934125.1	UL43-44	=	93
LT934125.1	UL44	=	202
LT934125.1	UL46	=	216
LT934125.1	UL47-46	=	91
LT934125.1	UL48-47-46	=	43
LT934125.1	UL49	=	308
LT934125.1	UL49.5-49	=	62
LT934125.1	UL49.5-49-48-47-46	=	6
LT934125.1	UL5	=	19
LT934125.1	UL5-4	=	48
LT934125.1	UL51	=	122
LT934125.1	UL51-50-49.5-49	=	46
LT934125.1	UL8	=	77
LT934125.1	UL9L-8	=	13
LT934125.1	US2	=	234
LT934125.1	US3-4	=	68
LT934125.1	US4	=	247
LT934125.1	US4-6-7	=	36
LT934125.1	US6	=	4
LT934125.1	US6-7	=	83
LT934125.1	US6-7-8-9-2	=	16
LT934125.1	US7	=	177
LT934125.1	US7-8-9	=	37
LT934125.1	US7-8-9-2	=	48
LT934125.1	US8-9	=	152
LT934125.1	US8-9-2	=	103
LT934125.1	US9	=	173
LT934125.1	US9-2	=	157
LT934125.1	CTO-S	=	368
LT934125.1	EP0-sp1	o	973
LT934125.1	EP0-sp1	m	2413
LT934125.1	NOIR_2-1M-2	=	150
LT934125.1	UL1-2-3-3.5	=	133
LT934125.1	UL10	=	210
LT934125.1	UL2-3-3.5	=	116
LT934125.1	UL21	=	132
LT934125.1	UL24-25-26-26.5	=	36
LT934125.1	UL25-26-26.5	=	95
LT934125.1	UL26-26.5	=	176
LT934125.1	UL27	=	167
LT934125.1	UL28L-27	=	1
LT934125.1	UL29	=	82
LT934125.1	UL3-3.5	=	104
LT934125.1	UL3.5	=	268
LT934125.1	UL31	=	251
LT934125.1	UL32-31	=	21
LT934125.1	UL36-UL36.5	=	11
LT934125.1	UL36.5	=	79
LT934125.1	UL37	=	108
LT934125.1	UL37-36	=	4
LT934125.1	UL41	=	52
LT934125.1	UL50	=	144
LT934125.1	UL52-53-54	=	6
LT934125.1	UL53-54	=	63
LT934125.1	UL54	=	127
LT934125.1	UL6-7	=	68
LT934125.1	UL7	=	137
LT934125.1	UL17-16	=	33
LT934125.1	US1-splice	j	6829
LT934125.1	US1-splice	m	509
LT934125.1	UL2	=	11
LT934125.1	US1_2-splice	o	10171
LT934125.1	US1_2-splice	j	6450
LT934125.1	US1_2-splice	m	529
LT934125.1	US1_2-splice	n	522
LT934125.1	UL20	=	2
LT934125.1	US1-splice	o	9683
LT934125.1	IE180	=	24
LT934125.1	UL15-splice	=	46
LT934125.1	AZURE-M	=	22
LT934125.1	UL15-splice	m	30
LT934125.1	UL28	=	1
LT934125.1	EP0-sp1	n	30
LT934125.1	UL15-splice	o	187
LT934125.1	UL29-28-27	=	2
LT934125.1	UL3	=	7
LT934125.1	US1-splice	n	597
LT934125.1	UL18-17-16	=	8
LT934125.1	EP0-sp1	=	7
LT934125.1	NOIR-1M	3`-short	819
LT934125.1	ORF-1	3`-short	292
LT934125.1	UL11	3`-short	1477
LT934125.1	UL12-11	3`-short	447
LT934125.1	UL14-13-12-11	3`-short	347
LT934125.1	UL16	3`-short	2430
LT934125.1	UL18	3`-long	39
LT934125.1	UL18	3`-short	2839
LT934125.1	UL19	3`-long	11
LT934125.1	UL19	3`-short	756
LT934125.1	UL19-18	3`-short	57
LT934125.1	UL22	3`-short	244
LT934125.1	UL23	3`-short	1259
LT934125.1	UL23-22	3`-short	13
LT934125.1	UL34-35	3`-short	1240
LT934125.1	UL34-35	3`-long	7
LT934125.1	UL35	3`-short	1147
LT934125.1	UL38	3`-long	117
LT934125.1	UL38	3`-short	1971
LT934125.1	UL4	3`-short	516
LT934125.1	UL40	3`-short	1116
LT934125.1	UL42	3`-short	2538
LT934125.1	UL43	3`-long	40
LT934125.1	UL44	3`-short	1622
LT934125.1	UL46	3`-short	1996
LT934125.1	UL48-47-46	3`-short	41
LT934125.1	UL49	3`-short	1562
LT934125.1	UL5	3`-long	14
LT934125.1	UL51	3`-short	834
LT934125.1	US2	3`-short	1796
LT934125.1	US4	3`-short	5691
LT934125.1	US4-6-7	3`-short	30
LT934125.1	US6-7	3`-short	98
LT934125.1	US7	3`-long	48
LT934125.1	US7	3`-short	1867
LT934125.1	US8-9-2	3`-short	76
LT934125.1	US9	3`-short	734
LT934125.1	US9	3`-long	337
LT934125.1	US9-2	3`-short	351
LT934125.1	CTO-S	3`-short	1585
LT934125.1	CTO-S	3`-long	381
LT934125.1	NOIR_2-1M-2	3`-short	805
LT934125.1	UL1-2-3-3.5	3`-short	525
LT934125.1	UL10	3`-short	2618
LT934125.1	UL2-3-3.5	3`-short	48
LT934125.1	UL21	3`-short	1045
LT934125.1	UL25-26-26.5	3`-short	23
LT934125.1	UL26-26.5	3`-short	1496
LT934125.1	UL27	3`-short	1157
LT934125.1	UL3	3`-short	521
LT934125.1	UL3-3.5	3`-short	39
LT934125.1	UL3.5	3`-short	1837
LT934125.1	UL31	3`-short	2034
LT934125.1	UL37	3`-long	5
LT934125.1	UL41	3`-long	58
LT934125.1	UL50	3`-short	539
LT934125.1	UL54	3`-short	230
LT934125.1	UL6-7	3`-short	180
LT934125.1	UL7	3`-short	422
LT934125.1	IE180_2	5`-short	5463
LT934125.1	ORF-1	5`-short	2141
LT934125.1	ORF-1	5`-long	2065
LT934125.1	UL11	5`-long	1615
LT934125.1	UL11	5`-short	3009
LT934125.1	UL12-11	5`-long	285
LT934125.1	UL12-11	5`-short	1105
LT934125.1	UL13-12-11	5`-short	258
LT934125.1	UL13-12-11	5`-long	68
LT934125.1	UL14-13-12-11	5`-short	90
LT934125.1	UL14-13-12-11	5`-long	133
LT934125.1	UL18	5`-long	2344
LT934125.1	UL18	5`-short	4725
LT934125.1	UL19	5`-short	7464
LT934125.1	UL19-18	5`-short	501
LT934125.1	UL20-19	5`-short	33
LT934125.1	UL22	5`-short	4436
LT934125.1	UL23	5`-short	2627
LT934125.1	UL23	5`-long	489
LT934125.1	UL23-22	5`-long	58
LT934125.1	UL23-22	5`-short	70
LT934125.1	UL30	5`-short	870
LT934125.1	UL33-34-35	5`-long	367
LT934125.1	UL34-35	5`-long	314
LT934125.1	UL34-35	5`-short	1393
LT934125.1	UL35	5`-short	1881
LT934125.1	UL35	5`-long	1335
LT934125.1	UL38	5`-short	3398
LT934125.1	UL38	5`-long	461
LT934125.1	UL38-39-40	5`-long	7
LT934125.1	UL38-39-40	5`-short	62
LT934125.1	UL39-40	5`-long	300
LT934125.1	UL39-40	5`-short	1259
LT934125.1	UL4	5`-short	1428
LT934125.1	UL4	5`-long	1000
LT934125.1	UL40	5`-long	2131
LT934125.1	UL40	5`-short	4396
LT934125.1	UL42	5`-long	338
LT934125.1	UL42	5`-short	4720
LT934125.1	UL42-43-44	5`-short	169
LT934125.1	UL43	5`-long	616
LT934125.1	UL43	5`-short	4997
LT934125.1	UL43-44	5`-long	216
LT934125.1	UL43-44	5`-short	539
LT934125.1	UL44	5`-long	659
LT934125.1	UL44	5`-short	6489
LT934125.1	UL46	5`-long	1720
LT934125.1	UL46	5`-short	11636
LT934125.1	UL47-46	5`-short	1844
LT934125.1	UL49	5`-short	5436
LT934125.1	UL49	5`-long	875
LT934125.1	UL49.5-49	5`-long	1089
LT934125.1	UL49.5-49	5`-short	1259
LT934125.1	UL5-4	5`-long	71
LT934125.1	UL5-4	5`-short	474
LT934125.1	UL51	5`-short	1725
LT934125.1	UL51-50-49.5-49	5`-short	179
LT934125.1	UL8	5`-short	3074
LT934125.1	UL8	5`-long	263
LT934125.1	UL9L-8	5`-short	143
LT934125.1	US1-splice	5`-short	2839
LT934125.1	US2	5`-long	898
LT934125.1	US2	5`-short	5201
LT934125.1	US3-4	5`-short	545
LT934125.1	US4	5`-short	9156
LT934125.1	US4	5`-long	640
LT934125.1	US4-6-7	5`-short	118
LT934125.1	US6-7	5`-short	703
LT934125.1	US6-7-8-9-2	5`-short	47
LT934125.1	US7	5`-long	845
LT934125.1	US7	5`-short	4757
LT934125.1	US7-8-9	5`-short	94
LT934125.1	US7-8-9-2	5`-short	130
LT934125.1	US8-9	5`-short	1096
LT934125.1	US8-9	5`-long	163
LT934125.1	US8-9-2	5`-short	831
LT934125.1	US8-9-2	5`-long	171
LT934125.1	US9	5`-long	2191
LT934125.1	US9	5`-short	1732
LT934125.1	US9-2	5`-long	1294
LT934125.1	US9-2	5`-short	925
LT934125.1	CTO-S	5`-short	1916
LT934125.1	CTO-S	5`-long	692
LT934125.1	EP0-sp1	5`-long	99
LT934125.1	EP0-sp1	5`-short	1639
LT934125.1	NOIR_2-1M-2	5`-short	3705
LT934125.1	UL1-2-3-3.5	5`-long	92
LT934125.1	UL1-2-3-3.5	5`-short	227
LT934125.1	UL10	5`-short	5251
LT934125.1	UL10	5`-long	711
LT934125.1	UL15-splice	5`-short	400
LT934125.1	UL2	5`-short	39
LT934125.1	UL2-3-3.5	5`-short	678
LT934125.1	UL21	5`-short	3774
LT934125.1	UL24-25-26-26.5	5`-short	144
LT934125.1	UL25-26-26.5	5`-long	125
LT934125.1	UL25-26-26.5	5`-short	529
LT934125.1	UL26-26.5	5`-long	697
LT934125.1	UL26-26.5	5`-short	9595
LT934125.1	UL27	5`-long	246
LT934125.1	UL27	5`-short	9884
LT934125.1	UL29	5`-short	5546
LT934125.1	UL3-3.5	5`-short	1216
LT934125.1	UL3-3.5	5`-long	561
LT934125.1	UL3.5	5`-long	1473
LT934125.1	UL3.5	5`-short	5440
LT934125.1	UL31	5`-short	4719
LT934125.1	UL31	5`-long	910
LT934125.1	UL36-UL36.5	5`-short	138
LT934125.1	UL36.5	5`-long	1137
LT934125.1	UL36.5	5`-short	3698
LT934125.1	UL37	5`-short	5207
LT934125.1	UL50	5`-long	240
LT934125.1	UL50	5`-short	1953
LT934125.1	UL52-53-54	5`-short	68
LT934125.1	UL53-54	5`-short	465
LT934125.1	UL54	5`-long	480
LT934125.1	UL54	5`-short	2972
LT934125.1	UL7	5`-short	2283
LT934125.1	UL16	3`-long	24
LT934125.1	UL35	3`-long	126
LT934125.1	UL43	3`-short	498
LT934125.1	UL43-44	3`-short	57
LT934125.1	UL49.5-49	3`-short	13
LT934125.1	UL51-50-49.5-49	3`-short	20
LT934125.1	US2	3`-long	43
LT934125.1	US8-9	3`-long	25
LT934125.1	US8-9	3`-short	836
LT934125.1	EP0-sp1	3`-short	365
LT934125.1	UL2	3`-long	42
LT934125.1	UL36.5	3`-short	233
LT934125.1	US1_2-splice	3`-short	15012
LT934125.1	UL17-16	3`-short	277
LT934125.1	US1-splice	3`-short	14861
LT934125.1	NOIR-1M	5`-short	3644
LT934125.1	NOIR-1M	5`-long	447
LT934125.1	UL19	5`-long	40
LT934125.1	UL42-43-44	5`-long	22
LT934125.1	US1-splice	5`-long	100
LT934125.1	IE180	5`-short	5505
LT934125.1	UL21	5`-long	238
LT934125.1	US1_2-splice	5`-short	2603
LT934125.1	US1_2-splice	5`-long	111
LT934125.1	UL48-47-46	5`-short	131
LT934125.1	UL5	5`-short	75
LT934125.1	US4-6-7	5`-long	21
LT934125.1	NOIR_2-1M-2	5`-long	449
LT934125.1	UL2-3-3.5	5`-long	148
LT934125.1	UL32-31	5`-short	535
LT934125.1	UL6-7	5`-short	484
LT934125.1	UL7	5`-long	1047
LT934125.1	IE180_2	3`-short	562
LT934125.1	UL11	3`-long	21
LT934125.1	UL13-12-11	3`-short	71
LT934125.1	UL39-40	3`-short	160
LT934125.1	UL42-43-44	3`-short	22
LT934125.1	UL5	3`-short	114
LT934125.1	UL8	3`-short	127
LT934125.1	US6	3`-long	77
LT934125.1	UL2	3`-short	361
LT934125.1	UL3	3`-long	21
LT934125.1	UL37	3`-short	581
LT934125.1	UL41	3`-short	777
LT934125.1	UL53-54	3`-short	144
LT934125.1	UL7	3`-long	3
LT934125.1	UL9L-8	3`-short	10
LT934125.1	IE180	3`-short	561
LT934125.1	UL20-19	3`-short	39
LT934125.1	UL47-46	3`-short	118
LT934125.1	UL5-4	3`-short	14
LT934125.1	UL33-34-35	5`-short	205
LT934125.1	UL37	5`-long	142
LT934125.1	UL15-splice	5`-long	55
LT934125.1	UL29	5`-long	74
LT934125.1	UL41	5`-long	34
LT934125.1	UL6-7	5`-long	271
LT934125.1	UL22	5`-long	102
LT934125.1	UL47-46	5`-long	76
LT934125.1	US6-7	5`-long	170
LT934125.1	UL41	5`-short	237
LT934125.1	US3-4	3`-short	340
LT934125.1	UL31	3`-long	55
LT934125.1	UL54	3`-long	4
LT934125.1	US1_2-splice	3`-long	9
LT934125.1	UL29	3`-short	337
LT934125.1	US7-8-9-2	3`-short	4
LT934125.1	UL16	5`-short	1770
LT934125.1	UL17-16	5`-short	540
LT934125.1	UL20-19	5`-long	29
LT934125.1	IE180	5`-long	12
LT934125.1	IE180_2	5`-long	10
LT934125.1	UL51	5`-long	315
LT934125.1	UL32-31	5`-long	33
LT934125.1	UL44	3`-long	79
LT934125.1	UL15-splice	3`-short	28
LT934125.1	UL30	3`-short	71
LT934125.1	US4	3`-long	83
LT934125.1	AZURE-M	5`-short	320
LT934125.1	US1-splice	3`-long	8
LT934125.1	UL42	3`-long	235
LT934125.1	UL2-3-3.5	3`-long	3
LT934125.1	UL43-44	3`-long	15
LT934125.1	UL47-46	3`-long	1
LT934125.1	UL29	3`-long	1
LT934125.1	UL46	3`-long	2
LT934125.1	UL16	5`-long	609
LT934125.1	UL18-17-16	5`-short	34
LT934125.1	UL23	3`-long	34
LT934125.1	UL50	3`-long	3
LT934125.1	US6-7	3`-long	3
LT934125.1	UL3.5	3`-long	11
LT934125.1	UL21	3`-long	38
LT934125.1	UL9L-8	5`-long	4
LT934125.1	UL38-39-40	3`-short	22
LT934125.1	UL20	3`-long	132
LT934125.1	UL19-18	5`-long	32
LT934125.1	UL51-50-49.5-49	5`-long	41
LT934125.1	UL40	3`-long	4
LT934125.1	US9-2	3`-long	14
LT934125.1	AZURE-M	3`-short	16
LT934125.1	UL20	3`-short	202
LT934125.1	UL18-17-16	3`-short	3
LT934125.1	US6	3`-short	582
LT934125.1	UL49	3`-long	10
LT934125.1	UL11	~	104
LT934125.1	UL18	~	1213
LT934125.1	UL34-35	~	88
LT934125.1	UL35	~	106
LT934125.1	UL38	~	71
LT934125.1	UL40	~	97
LT934125.1	UL42	~	201
LT934125.1	US2	~	247
LT934125.1	US3-4	~	68
LT934125.1	US4	~	177
LT934125.1	US7	~	122
LT934125.1	CTO-S	~	266
LT934125.1	EP0-sp1	~	1
LT934125.1	UL21	~	94
LT934125.1	UL26-26.5	~	68
LT934125.1	UL27	~	118
LT934125.1	UL3.5	~	192
LT934125.1	UL31	~	95
LT934125.1	UL41	~	493
LT934125.1	UL28L-27	5`-short	103
LT934125.1	UL24-25-26-26.5	3`-short	358
LT934125.1	UL36-UL36.5	3`-short	38
LT934125.1	UL51	3`-long	21
LT934125.1	UL16	~	35
LT934125.1	UL19-18	~	169
LT934125.1	UL4	~	38
LT934125.1	UL44	~	92
LT934125.1	UL49	~	238
LT934125.1	US4-6-7	~	3
LT934125.1	NOIR_2-1M-2	~	244
LT934125.1	UL10	~	126
LT934125.1	UL25	~	32
LT934125.1	NOIR-1M	~	254
LT934125.1	UL46	~	185
LT934125.1	US6-7	~	25
LT934125.1	UL3-3.5	~	33
LT934125.1	UL25-26-26.5	3`-long	2
LT934125.1	UL53-54	~	13
LT934125.1	UL47-46	~	62
LT934125.1	UL7	~	32
LT934125.1	ORF-1	~	115
LT934125.1	UL38-39-40	~	1
LT934125.1	UL54	~	31
LT934125.1	UL19	~	19
LT934125.1	UL23	~	244
LT934125.1	UL24-25-26-26.5	~	3
LT934125.1	UL36.5	~	15
LT934125.1	UL6-7	~	17
LT934125.1	UL25-26-26.5	~	10
LT934125.1	UL17-16	5`-long	131
LT934125.1	UL53-54	5`-long	187
LT934125.1	UL33	3`-long	21
LT934125.1	UL50	~	43
LT934125.1	UL12-11	~	17
LT934125.1	UL27	3`-long	7
LT934125.1	UL5	~	19
LT934125.1	UL33-34-35	~	21
LT934125.1	UL49.5-49	~	731
LT934125.1	UL43	~	249
LT934125.1	UL20	5`-short	2
LT934125.1	UL51	~	36
LT934125.1	UL30	3`-long	8
LT934125.1	UL33	3`-short	168
LT934125.1	US9-2	~	129
LT934125.1	UL43-44	~	39
LT934125.1	UL8	~	16
LT934125.1	UL52-53-54	5`-long	17
LT934125.1	US8-9-2	3`-long	5
LT934125.1	US7-8-9	~	2
LT934125.1	UL2	~	217
LT934125.1	UL29	~	11
LT934125.1	US8-9	~	44
LT934125.1	UL22	~	10
LT934125.1	US7-8-9	3`-short	32
LT934125.1	US8-9-2	~	19
LT934125.1	UL23-22	~	5
LT934125.1	UL2-3-3.5	~	13
LT934125.1	UL1-2-3-3.5	3`-long	1
LT934125.1	UL14-13-12-11	~	1
LT934125.1	UL51-50-49.5-49	~	3
LT934125.1	UL1-2-3-3.5	~	6
LT934125.1	UL20	~	16
LT934125.1	US9	~	82
LT934125.1	UL48	5`-long	5
LT934125.1	UL24-25-26-26.5	5`-long	26
LT934125.1	UL17-16	~	7
LT934125.1	UL48	~	250
LT934125.1	US7-8-9-2	~	6
LT934125.1	US7-8-9-2	5`-long	29
LT934125.1	UL48	3`-short	23
LT934125.1	UL28L-27	5`-long	12
LT934125.1	UL48	3`-long	27
LT934125.1	US3-4	5`-long	146
LT934125.1	AZURE-M	5`-long	22
LT934125.1	UL10	3`-long	31
LT934125.1	ELIE-1	5`-short	106
LT934125.1	UL30	5`-long	14
LT934125.1	US7-8-9	5`-long	38
LT934125.1	CTO-S	c	521
LT934125.1	UL39-40	~	53
LT934125.1	UL18-17-16	5`-long	10
LT934125.1	UL42-43-44	3`-long	9
LT934125.1	UL5	5`-long	6
LT934125.1	UL26-26.5	3`-long	2
LT934125.1	UL49.5-49-48-47-46	5`-short	44
LT934125.1	UL4	3`-long	3
LT934125.1	UL37	~	8
LT934125.1	UL32-31	3`-short	19
LT934125.1	UL13-12-11	~	4
LT934125.1	UL37-36	5`-short	1
LT934125.1	UL35	c	204
LT934125.1	UL5-4	~	9
LT934125.1	UL29-28-27	5`-short	2
LT934125.1	UL33	5`-short	81
LT934125.1	US6	~	8
LT934125.1	UL42-43-44	~	9
LT934125.1	US6-7-8-9-2	5`-long	26
LT934125.1	UL48-47-46	~	1
LT934125.1	AZURE-M	~	15
LT934125.1	US9	c	323
LT934125.1	UL36-UL36.5	~	2
LT934125.1	UL3	~	34
LT934125.1	UL48-47-46	5`-long	10
LT934125.1	UL19-18	3`-long	3
LT934125.1	UL11	c	327
LT934125.1	IE180	~	11
LT934125.1	IE180_2	~	11
LT934125.1	CTO-S	k	354
LT934125.1	UL38-39-40	3`-long	1
LT934125.1	UL20-19	3`-long	1
LT934125.1	UL4	c	301
LT934125.1	ORF-1	c	116
LT934125.1	UL25	3`-long	1
LT934125.1	UL49	c	903
LT934125.1	CTO-S	o	830
LT934125.1	UL32-31	~	19
LT934125.1	UL3.5	c	1033
LT934125.1	US7-8-9	3`-long	3
LT934125.1	UL35	k	136
LT934125.1	UL3	5`-short	34
LT934125.1	UL17-16	3`-long	1
LT934125.1	US2	c	1142
LT934125.1	UL51	c	198
LT934125.1	UL30	~	11
LT934125.1	UL33	c	155
LT934125.1	UL2	5`-long	38
LT934125.1	UL18	c	3460
LT934125.1	AZURE-M	3`-long	1
LT934125.1	UL35	o	389
LT934125.1	UL31	c	315
LT934125.1	UL50	c	377
LT934125.1	UL20	c	30
LT934125.1	UL7	c	208
LT934125.1	US9	k	280
LT934125.1	UL40	c	516
LT934125.1	US9	o	1708
LT934125.1	US7	c	910
LT934125.1	UL28	5`-short	38
LT934125.1	UL43	c	1061
LT934125.1	UL54	c	341
LT934125.1	UL41	c	1580
LT934125.1	UL3	5`-long	1
LT934125.1	UL23	c	849
LT934125.1	UL49.5-49	c	3404
LT934125.1	UL38	c	438
LT934125.1	UL42	c	971
LT934125.1	UL3	c	896
LT934125.1	UL16	c	535
LT934125.1	UL28	3`-long	1
LT934125.1	UL34-35	c	417
LT934125.1	ELIE-1	~	6
LT934125.1	UL11	k	51
LT934125.1	UL20	k	20
LT934125.1	NOIR_2-1M-2	c	2053
LT934125.1	NOIR-1M	c	2082
LT934125.1	UL2	c	257
LT934125.1	US6	c	295
LT934125.1	UL11	o	347
LT934125.1	UL33	~	3
LT934125.1	ORF-1	k	175
LT934125.1	UL10	c	1609
LT934125.1	UL15-splice	~	20
LT934125.1	UL33	5`-long	4
LT934125.1	UL44	c	870
LT934125.1	AZURE-M	c	118
LT934125.1	US9-2	c	37
LT934125.1	UL3-3.5	c	5
LT934125.1	US4	c	2491
LT934125.1	UL21	c	679
LT934125.1	UL48	c	538
LT934125.1	UL26-26.5	c	7975
LT934125.1	UL18-17-16	3`-long	2
LT934125.1	US1_2-splice	e	458
LT934125.1	UL4	k	25
LT934125.1	US1-splice	e	458
LT934125.1	UL3.5	o	2156
LT934125.1	ORF-1	o	589
LT934125.1	EP0-sp1	e	508
LT934125.1	UL3.5	k	62
LT934125.1	UL49	o	1256
LT934125.1	UL36.5	c	501
LT934125.1	UL4	o	333
LT934125.1	UL49	k	6
LT934125.1	UL9L-8	~	1
LT934125.1	UL18	o	1893
LT934125.1	UL12-11	c	260
LT934125.1	US2	k	14
LT934125.1	ELIE-1	c	627
LT934125.1	UL51	k	14
LT934125.1	UL28	~	2
LT934125.1	UL51	o	152
LT934125.1	UL31	k	27
LT934125.1	UL46	c	3245
LT934125.1	UL18	k	827
LT934125.1	UL53-54	c	118
LT934125.1	UL20	o	1967
LT934125.1	US8-9	c	592
LT934125.1	UL22	c	559
LT934125.1	UL7	k	16
LT934125.1	UL18-17-16	~	1
LT934125.1	US2	o	621
LT934125.1	US1_2-splice	c	21518
LT934125.1	UL41	k	270
LT934125.1	UL40	k	94
LT934125.1	US1-splice	c	21624
LT934125.1	UL35	p	490
LT934125.1	US6-7	c	28
LT934125.1	UL8	c	245
LT934125.1	UL40	o	724
LT934125.1	US6	5`-short	5
LT934125.1	UL33-34-35	c	6
LT934125.1	EP0-sp1	c	4695
LT934125.1	UL23	k	40
LT934125.1	UL25	3`-short	70
LT934125.1	UL43	k	43
LT934125.1	UL2-3-3.5	c	1
LT934125.1	UL3	o	78
LT934125.1	UL33	k	13
LT934125.1	US7	o	1292
LT934125.1	US7	k	18
LT934125.1	UL42	k	223
LT934125.1	UL41	o	403
LT934125.1	UL32-31	c	286
LT934125.1	UL2	k	22
LT934125.1	UL7	o	521
LT934125.1	US3-4	c	338
LT934125.1	US6	o	99
LT934125.1	US9	p	73
LT934125.1	CTO-S	p	459
LT934125.1	UL43-44	c	7
LT934125.1	UL5	c	292
LT934125.1	UL27	c	2059
LT934125.1	UL49.5-49-48-47-46	~	1
LT934125.1	UL42	o	932
LT934125.1	US9-2	o	477
LT934125.1	UL16	o	717
LT934125.1	UL50	o	542
LT934125.1	NOIR_2-1M-2	k	24
LT934125.1	NOIR-1M	k	28
LT934125.1	UL25	c	491
LT934125.1	UL50	k	12
LT934125.1	UL6-7	c	150
LT934125.1	UL16	k	14
LT934125.1	UL51-50-49.5-49	c	4
LT934125.1	UL49.5-49	o	2438
LT934125.1	UL33-34-35	3`-short	1
LT934125.1	UL31	o	637
LT934125.1	UL17-16	c	144
LT934125.1	UL20-19	~	1
LT934125.1	AZURE-M	o	281
LT934125.1	UL43	o	1187
LT934125.1	NOIR_2-1M-2	o	1690
LT934125.1	NOIR-1M	o	1692
LT934125.1	US6	k	4
LT934125.1	UL23	o	1111
LT934125.1	UL48	o	2405
LT934125.1	UL37	c	528
LT934125.1	UL2	o	837
LT934125.1	US8-9-2	c	6
LT934125.1	UL44	k	12
LT934125.1	UL33	o	569
LT934125.1	UL48	k	66
LT934125.1	UL48	5`-short	136
LT934125.1	UL30	c	244
LT934125.1	US6-7-8-9-2	~	23
LT934125.1	UL6-7	3`-long	2
LT934125.1	UL20	p	245
LT934125.1	UL54	o	275
LT934125.1	UL49.5-49	k	16
LT934125.1	UL38	o	1114
LT934125.1	UL38	k	45
LT934125.1	UL21	k	65
LT934125.1	US9-2	k	22
LT934125.1	AZURE-M	k	4
LT934125.1	UL39-40	c	435
LT934125.1	UL23-22	c	5
LT934125.1	UL44	o	1365
LT934125.1	UL10	o	3446
LT934125.1	US4	o	3824
LT934125.1	UL29	c	1099
LT934125.1	UL4	p	1330
LT934125.1	UL26-26.5	o	5690
LT934125.1	UL5-4	c	31
LT934125.1	UL25-26-26.5	c	1
LT934125.1	UL22	3`-long	1
LT934125.1	UL34-35	o	1359
LT934125.1	UL26-26.5	k	9
LT934125.1	UL21	o	631
LT934125.1	UL11	p	1127
LT934125.1	UL19	c	3685
LT934125.1	UL49	p	241
LT934125.1	US7-8-9	c	1
LT934125.1	US6-7-8-9-2	3`-short	13
LT934125.1	UL28	3`-short	29
LT934125.1	UL46	k	52
LT934125.1	US3-4	3`-long	1
LT934125.1	UL10	k	10
LT934125.1	UL47-46	c	273
LT934125.1	UL33-34-35	k	10
LT934125.1	UL46	o	3050
LT934125.1	UL3.5	p	154
LT934125.1	UL13-12-11	c	39
LT934125.1	UL28	c	1657
LT934125.1	UL24-25-26-26.5	c	187
LT934125.1	UL42-43-44	c	1
LT934125.1	UL19-18	c	174
LT934125.1	UL51	p	31
LT934125.1	UL53-54	k	4
LT934125.1	UL33	p	6
LT934125.1	UL53-54	o	140
LT934125.1	IE180_2	c	2365
LT934125.1	IE180	c	2345
LT934125.1	UL36.5	k	74
LT934125.1	UL36.5	o	919
LT934125.1	US8-9	o	242
LT934125.1	US4-6-7	3`-long	11
LT934125.1	US2	p	2038
LT934125.1	UL14-13-12-11	c	22
LT934125.1	UL7	p	72
LT934125.1	US4-6-7	c	1
LT934125.1	UL40	p	125
LT934125.1	ELIE-1	o	204
LT934125.1	UL31	p	169
LT934125.1	ELIE-1	3`-short	1
LT934125.1	UL15-splice	e	1028
LT934125.1	US7	p	909
LT934125.1	UL18-17-16	c	3
LT934125.1	UL33-34-35	o	296
LT934125.1	US6-7	o	223
LT934125.1	UL18	p	130
LT934125.1	UL50	p	104
LT934125.1	UL23	p	49
LT934125.1	ORF-1	p	131
LT934125.1	UL43	p	231
LT934125.1	UL38	p	319
LT934125.1	UL37	k	10
LT934125.1	UL38-39-40	c	3
LT934125.1	UL12-11	o	245
LT934125.1	UL41	p	224
LT934125.1	EP0-sp1	i	2
LT934125.1	UL36-UL36.5	5`-long	1
LT934125.1	UL54	p	156
LT934125.1	UL16	p	75
LT934125.1	UL8	k	5
LT934125.1	UL20-19	c	3
LT934125.1	UL8	o	283
LT934125.1	UL48	p	484
LT934125.1	UL28	o	76
LT934125.1	UL17-16	o	255
LT934125.1	EP0-sp1	p	210
LT934125.1	UL10	p	165
LT934125.1	UL44	p	4007
LT934125.1	UL48-47-46	c	2
LT934125.1	UL52-53-54	~	1
LT934125.1	UL27	o	1204
LT934125.1	AZURE-M	p	1972
LT934125.1	UL5	k	1
LT934125.1	US6-7	k	3
LT934125.1	UL21	p	175
LT934125.1	UL23-22	o	101
LT934125.1	UL52-53-54	c	28
LT934125.1	UL22	o	1204
LT934125.1	UL26-26.5	p	970
LT934125.1	US3-4	o	331
LT934125.1	NOIR-1M	p	301
LT934125.1	UL25	o	75
LT934125.1	NOIR_2-1M-2	p	302
LT934125.1	US6-7-8-9-2	c	1
LT934125.1	US1-splice	i	3
LT934125.1	US1_2-splice	i	4
LT934125.1	UL5-4	k	4
LT934125.1	UL30	o	173
LT934125.1	UL5	o	35
LT934125.1	UL9L-8	c	161
LT934125.1	UL36.5	p	930
LT934125.1	ELIE-1	p	214
LT934125.1	UL6-7	o	245
LT934125.1	UL37	o	592
LT934125.1	PTO-US1-nonsp	3`-short	139
LT934125.1	UL52-53-54	3`-short	3
LT934125.1	PTO-US1_2-nonsp	3`-short	141
LT934125.1	UL49.5-49-48-47-46	c	2
LT934125.1	UL32-31	o	157
LT934125.1	ELIE-1	k	1
LT934125.1	UL36-UL36.5	c	391
LT934125.1	US1_2-splice	p	1798
LT934125.1	US1-splice	p	56
LT934125.1	US4-6-7	k	4
LT934125.1	UL29	k	4
LT934125.1	UL8	p	347
LT934125.1	UL46	p	283
LT934125.1	PTO-US1-nonsp	c	198
LT934125.1	PTO-US1_2-nonsp	c	198
LT934125.1	UL29-28-27	5`-long	1
LT934125.1	UL14-13-12-11	o	100
LT934125.1	UL19-18	k	3
LT934125.1	UL29	o	667
LT934125.1	UL1-2-3-3.5	c	33
LT934125.1	UL15-splice	i	251
LT934125.1	UL22	p	430
LT934125.1	UL1-2-3-3.5	k	1
LT934125.1	UL1-2-3-3.5	o	204
LT934125.1	UL13-12-11	o	67
LT934125.1	UL37	p	466
LT934125.1	UL39-40	k	9
LT934125.1	UL27	p	555
LT934125.1	UL30	p	194
LT934125.1	UL24-25-26-26.5	o	272
LT934125.1	PTO-US1-nonsp	o	1183
LT934125.1	PTO-US1_2-nonsp	o	1211
LT934125.1	IE180	o	2360
LT934125.1	UL49.5-49-48-47-46	5`-long	1
LT934125.1	IE180_2	o	2399
LT934125.1	UL15-splice	c	2583
LT934125.1	UL30	k	3
LT934125.1	UL15-splice	p	1296
LT934125.1	IE180_2	p	183
LT934125.1	IE180	p	213
LT934125.1	EP0-sp1	j	39
LT934125.1	UL15-splice	j	33
LT934125.1	US1-splice	Splice-variant	4786
LT934125.1	EP0-sp1	Splice-variant	351
LT934125.1	US1_2-splice	Splice-variant	5169
LT934125.1	UL15-splice	Splice-variant	41
LT934125.1	UL23	Splice-variant	191
LT934125.1	UL35	Splice-variant	768
LT934125.1	UL38	Splice-variant	819
LT934125.1	UL44	Splice-variant	1583
LT934125.1	UL46	Splice-variant	574
LT934125.1	US2	Splice-variant	399
LT934125.1	US4	Splice-variant	3573
LT934125.1	NOIR_2-1M-2	Splice-variant	215
LT934125.1	UL27	Splice-variant	563
LT934125.1	UL37	Splice-variant	279
LT934125.1	NOIR-1M	Splice-variant	220
LT934125.1	US9-2	Splice-variant	292
LT934125.1	CTO-S	Splice-variant	1392
LT934125.1	UL3.5	Splice-variant	1124
LT934125.1	UL42	Splice-variant	803
LT934125.1	US8-9	Splice-variant	203
LT934125.1	UL31	Splice-variant	897
LT934125.1	UL11	Splice-variant	230
LT934125.1	UL43-44	Splice-variant	303
LT934125.1	UL6-7	Splice-variant	70
LT934125.1	US7	Splice-variant	634
LT934125.1	UL34-35	Splice-variant	1188
LT934125.1	UL18	Splice-variant	840
LT934125.1	UL19	Splice-variant	177
LT934125.1	UL16	Splice-variant	407
LT934125.1	UL1-2-3-3.5	Splice-variant	454
LT934125.1	UL25-26-26.5	Splice-variant	56
LT934125.1	UL53-54	Splice-variant	59
LT934125.1	UL54	Splice-variant	60
LT934125.1	UL3-3.5	o	510
LT934125.1	UL39-40	o	272
LT934125.1	UL19	o	1298
LT934125.1	UL47-46	o	1286
LT934125.1	UL23-22	Splice-variant	59
LT934125.1	UL40	Splice-variant	366
LT934125.1	UL48-47-46	Splice-variant	208
LT934125.1	UL49	Splice-variant	353
LT934125.1	UL26-26.5	Splice-variant	283
LT934125.1	UL50	Splice-variant	113
LT934125.1	UL5-4	Splice-variant	19
LT934125.1	UL10	Splice-variant	1657
LT934125.1	US6-7	Splice-variant	165
LT934125.1	UL36.5	Splice-variant	79
LT934125.1	UL47-46	Splice-variant	571
LT934125.1	UL43-44	o	192
LT934125.1	UL42-43-44	o	50
LT934125.1	UL25-26-26.5	o	139
LT934125.1	UL48-47-46	o	202
LT934125.1	UL2-3-3.5	o	254
LT934125.1	UL29-28-27	o	5
LT934125.1	UL17-16	k	2
LT934125.1	UL36-UL36.5	o	171
LT934125.1	UL13-12-11	Splice-variant	23
LT934125.1	UL39-40	Splice-variant	111
LT934125.1	US4-6-7	Splice-variant	39
LT934125.1	UL2-3-3.5	Splice-variant	128
LT934125.1	UL3-3.5	Splice-variant	195
LT934125.1	ORF-1	Splice-variant	48
LT934125.1	UL7	Splice-variant	108
LT934125.1	UL21	Splice-variant	263
LT934125.1	UL5-4	o	47
LT934125.1	US8-9	k	4
LT934125.1	US7-8-9-2	o	33
LT934125.1	UL47-46	k	2
LT934125.1	UL43	Splice-variant	140
LT934125.1	UL5	Splice-variant	2
LT934125.1	US8-9-2	Splice-variant	122
LT934125.1	UL22	Splice-variant	482
LT934125.1	UL42-43-44	Splice-variant	49
LT934125.1	US7-8-9-2	Splice-variant	22
LT934125.1	US9	Splice-variant	65
LT934125.1	US4-6-7	o	51
LT934125.1	US8-9-2	o	161
LT934125.1	UL19-18	Splice-variant	31
LT934125.1	US4	k	19
LT934125.1	UL49.5-49-48-47-46	o	42
LT934125.1	US7-8-9	k	1
LT934125.1	US6-7-8-9-2	o	22
LT934125.1	UL51	Splice-variant	64
LT934125.1	UL19-18	o	94
LT934125.1	UL54	k	4
LT934125.1	US3-4	Splice-variant	48
LT934125.1	UL51-50-49.5-49	o	49
LT934125.1	UL4	Splice-variant	44
LT934125.1	UL24-25-26-26.5	Splice-variant	24
LT934125.1	UL17-16	Splice-variant	63
LT934125.1	UL8	Splice-variant	27
LT934125.1	UL51-50-49.5-49	k	3
LT934125.1	UL9L-8	o	84
LT934125.1	UL12-11	Splice-variant	129
LT934125.1	UL36-UL36.5	Splice-variant	59
LT934125.1	UL14-13-12-11	Splice-variant	111
LT934125.1	UL29	Splice-variant	204
LT934125.1	UL20-19	o	18
LT934125.1	UL18-17-16	o	17
LT934125.1	UL14-13-12-11	k	9
LT934125.1	UL38-39-40	Splice-variant	52
LT934125.1	US7-8-9	o	19
LT934125.1	UL43-44	k	3
LT934125.1	UL34-35	k	9
LT934125.1	UL41	Splice-variant	6
LT934125.1	US7-8-9	Splice-variant	9
LT934125.1	UL20-19	Splice-variant	15
LT934125.1	UL52-53-54	o	37
LT934125.1	UL27	k	2
LT934125.1	UL49.5-49-48-47-46	Splice-variant	10
LT934125.1	IE180_2	Splice-variant	19
LT934125.1	IE180	Splice-variant	21
LT934125.1	UL38-39-40	o	25
LT934125.1	US6-7-8-9-2	Splice-variant	9
LT934125.1	UL23-22	k	2
LT934125.1	UL49.5-49	Splice-variant	6
LT934125.1	UL51-50-49.5-49	Splice-variant	22
LT934125.1	AZURE-M	Splice-variant	3
LT934125.1	UL12-11	k	1
LT934125.1	UL30	Splice-variant	3
LT934125.1	US8-9-2	k	1
LT934125.1	UL9L-8	Splice-variant	3
LT934125.1	UL2	Splice-variant	2
LT934125.1	EP0-sp1	3`-long	3
LT934125.1	UL37-36	o	5
LT934125.1	UL33-34-35	Splice-variant	11
LT934125.1	UL28L-27	o	13
LT934125.1	UL18-17-16	Splice-variant	3
LT934125.1	UL6-7	k	6
LT934125.1	UL33	Splice-variant	1
LT934125.1	UL20-19	k	1
LT934125.1	UL3	Splice-variant	2
LT934125.1	UL52-53-54	Splice-variant	2
LT934125.1	UL32-31	Splice-variant	2
LT934125.1	UL37-36	Splice-variant	7
LT934125.1	ORF-1	y	1
LT934125.1	US9	y	1
LT934125.1	UL41	y	1
LT934125.1	UL38-39-40	k	5
LT934125.1	UL2	y	3
LT934125.1	UL48	y	2
LT934125.1	UL42	y	2
LT934125.1	EP0-sp1	y	1
LT934125.1	UL20	y	1
LT934125.1	UL15-splice	n	1
LT934125.1	UL15-splice	k	2
LT934125.1	UL18-17-16	y	1
