seqnames	strand	gene	cluster	start	end	dominant_tss	tags	tags.dominant_tss	q_0.1	q_0.9	interquantile_width	orientation	prime5	prime3	TSS.win.start	TSS.win.end	score	support	width	CAGE_significance
LT934125.1	+	CAGE_cluster_1	1	985	992	987	2014.498649	976.146613	987	991	5	1	985	992	985	992	2014	6	8	***
LT934125.1	+	CAGE_cluster_10	10	4632	4635	4632	43.065291	26.317678	4632	4635	4	1	4632	4635	4632	4635	43	4	4	**
LT934125.1	+	CAGE_cluster_100	100	61930	61930	61930	11.962581	11.962581	61930	61930	1	1	61930	61930	61930	61930	11	3	1	*
LT934125.1	+	CAGE_cluster_101	101	62325	62325	62325	14.355097	14.355097	62325	62325	1	1	62325	62325	62325	62325	14	1	1	*
LT934125.1	+	CAGE_cluster_102	102	65805	65809	65807	988.109195	490.465823	65805	65807	3	1	65805	65809	65805	65809	988	6	5	***
LT934125.1	+	CAGE_cluster_103	103	66209	66209	66209	26.317678	26.317678	66209	66209	1	1	66209	66209	66209	66209	26	2	1	*
LT934125.1	+	CAGE_cluster_104	104	66334	66339	66338	28487.690504	24535.253726	66338	66339	2	1	66334	66339	66334	66339	28487	6	6	***
LT934125.1	+	CAGE_cluster_105	105	66682	66682	66682	11.962581	11.962581	66682	66682	1	1	66682	66682	66682	66682	11	2	1	*
LT934125.1	+	CAGE_cluster_106	106	66800	66818	66818	26.317678	14.355097	66800	66818	19	1	66800	66818	66800	66818	26	4	19	**
LT934125.1	+	CAGE_cluster_107	107	67326	67326	67326	11.962581	11.962581	67326	67326	1	1	67326	67326	67326	67326	11	3	1	*
LT934125.1	+	CAGE_cluster_108	108	67962	67968	67962	62.20542	16.747613	67962	67968	7	1	67962	67968	67962	67968	62	4	7	**
LT934125.1	+	CAGE_cluster_109	109	68267	68293	68292	38.280259	14.355097	68267	68293	27	1	68267	68293	68267	68293	38	6	27	***
LT934125.1	+	CAGE_cluster_11	11	4967	4967	4967	21.532646	21.532646	4967	4967	1	1	4967	4967	4967	4967	21	1	1	*
LT934125.1	+	CAGE_cluster_110	110	68557	68563	68557	47.850324	19.14013	68557	68563	7	1	68557	68563	68557	68563	47	4	7	**
LT934125.1	+	CAGE_cluster_111	111	68692	68692	68692	11.962581	11.962581	68692	68692	1	1	68692	68692	68692	68692	11	2	1	*
LT934125.1	+	CAGE_cluster_112	112	69162	69162	69162	16.747613	16.747613	69162	69162	1	1	69162	69162	69162	69162	16	3	1	*
LT934125.1	+	CAGE_cluster_113	113	69765	69765	69765	28.710195	28.710195	69765	69765	1	1	69765	69765	69765	69765	28	6	1	***
LT934125.1	+	CAGE_cluster_114	114	69949	69949	69949	14.355097	14.355097	69949	69949	1	1	69949	69949	69949	69949	14	2	1	*
LT934125.1	+	CAGE_cluster_115	115	70087	70090	70090	299.064526	181.831232	70087	70090	4	1	70087	70090	70087	70090	299	6	4	***
LT934125.1	+	CAGE_cluster_116	116	70526	70534	70531	13166.016699	7892.910974	70527	70531	5	1	70526	70534	70526	70534	13166	6	9	***
LT934125.1	+	CAGE_cluster_117	117	71008	71009	71008	43.065292	21.532646	71008	71009	2	1	71008	71009	71008	71009	43	4	2	**
LT934125.1	+	CAGE_cluster_118	118	71189	71189	71189	11.962581	11.962581	71189	71189	1	1	71189	71189	71189	71189	11	2	1	*
LT934125.1	+	CAGE_cluster_119	119	71767	71767	71767	14.355097	14.355097	71767	71767	1	1	71767	71767	71767	71767	14	3	1	*
LT934125.1	+	CAGE_cluster_12	12	7585	7592	7591	665.119507	327.774721	7585	7592	8	1	7585	7592	7585	7592	665	5	8	**
LT934125.1	+	CAGE_cluster_120	120	72356	72356	72356	19.14013	19.14013	72356	72356	1	1	72356	72356	72356	72356	19	1	1	
LT934125.1	+	CAGE_cluster_121	121	72539	72539	72539	31.102711	31.102711	72539	72539	1	1	72539	72539	72539	72539	31	1	1	
LT934125.1	+	CAGE_cluster_122	122	72756	72764	72759	1229.753331	435.43795	72759	72763	5	1	72756	72764	72756	72764	1229	5	9	**
LT934125.1	+	CAGE_cluster_123	123	73096	73096	73096	14.355097	14.355097	73096	73096	1	1	73096	73096	73096	73096	14	2	1	
LT934125.1	+	CAGE_cluster_124	124	74398	74405	74400	5093.66701	2330.310788	74400	74402	3	1	74398	74405	74398	74405	5093	6	8	***
LT934125.1	+	CAGE_cluster_125	125	75100	75101	75100	43.065292	28.710195	75100	75101	2	1	75100	75101	75100	75101	43	4	2	**
LT934125.1	+	CAGE_cluster_126	126	75651	75657	75654	129.195876	76.560519	75653	75657	5	1	75651	75657	75651	75657	129	4	7	**
LT934125.1	+	CAGE_cluster_127	127	76677	76685	76685	382.802594	198.578845	76679	76685	7	1	76677	76685	76677	76685	382	6	9	***
LT934125.1	+	CAGE_cluster_128	128	76990	76990	76990	83.738067	83.738067	76990	76990	1	1	76990	76990	76990	76990	83	4	1	**
LT934125.1	+	CAGE_cluster_129	129	78037	78044	78039	145.943488	59.812905	78037	78044	8	1	78037	78044	78037	78044	145	5	8	**
LT934125.1	+	CAGE_cluster_13	13	7811	7811	7811	52.635357	52.635357	7811	7811	1	1	7811	7811	7811	7811	52	4	1	**
LT934125.1	+	CAGE_cluster_130	130	79142	79142	79142	14.355097	14.355097	79142	79142	1	1	79142	79142	79142	79142	14	1	1	*
LT934125.1	+	CAGE_cluster_131	131	79439	79447	79444	12201.832667	6660.765127	79441	79445	5	1	79439	79447	79439	79447	12201	6	9	***
LT934125.1	+	CAGE_cluster_132	132	79550	79552	79552	107.663229	71.775486	79550	79552	3	1	79550	79552	79550	79552	107	5	3	**
LT934125.1	+	CAGE_cluster_133	133	79937	79937	79937	11.962581	11.962581	79937	79937	1	1	79937	79937	79937	79937	11	1	1	
LT934125.1	+	CAGE_cluster_134	134	80193	80193	80193	11.962581	11.962581	80193	80193	1	1	80193	80193	80193	80193	11	2	1	*
LT934125.1	+	CAGE_cluster_135	135	81081	81083	81082	272.746847	210.541426	81081	81082	2	1	81081	81083	81081	81083	272	6	3	***
LT934125.1	+	CAGE_cluster_136	136	81481	81481	81481	11.962581	11.962581	81481	81481	1	1	81481	81481	81481	81481	11	3	1	*
LT934125.1	+	CAGE_cluster_137	137	83973	83978	83978	105.270713	62.205421	83973	83978	6	1	83973	83978	83973	83978	105	3	6	**
LT934125.1	+	CAGE_cluster_138	138	87216	87216	87216	11.962581	11.962581	87216	87216	1	1	87216	87216	87216	87216	11	2	1	*
LT934125.1	+	CAGE_cluster_139	139	88884	88889	88885	672.297054	253.606718	88884	88888	5	1	88884	88889	88884	88889	672	6	6	***
LT934125.1	+	CAGE_cluster_14	14	9108	9116	9113	6844.988874	2016.891164	9109	9114	6	1	9108	9116	9108	9116	6844	6	9	***
LT934125.1	+	CAGE_cluster_140	140	89131	89133	89131	59.812906	31.102711	89131	89133	3	1	89131	89133	89131	89133	59	3	3	**
LT934125.1	+	CAGE_cluster_141	141	90381	90381	90381	19.14013	19.14013	90381	90381	1	1	90381	90381	90381	90381	19	2	1	*
LT934125.1	+	CAGE_cluster_142	142	91408	91412	91412	1002.464292	354.092399	91408	91412	5	1	91408	91412	91408	91412	1002	6	5	***
LT934125.1	+	CAGE_cluster_143	143	91542	91548	91548	255.999235	172.261167	91542	91548	7	1	91542	91548	91542	91548	255	5	7	**
LT934125.1	+	CAGE_cluster_144	144	92970	92987	92970	33.495227	19.14013	92970	92987	18	1	92970	92987	92970	92987	33	2	18	*
LT934125.1	+	CAGE_cluster_145	145	93130	93130	93130	11.962581	11.962581	93130	93130	1	1	93130	93130	93130	93130	11	3	1	
LT934125.1	+	CAGE_cluster_146	146	93437	93437	93437	16.747613	16.747613	93437	93437	1	1	93437	93437	93437	93437	16	3	1	
LT934125.1	+	CAGE_cluster_147	147	94577	94581	94580	189.00878	114.840778	94577	94581	5	1	94577	94581	94577	94581	189	4	5	**
LT934125.1	+	CAGE_cluster_148	148	95017	95029	95029	83.738067	50.24284	95017	95029	13	1	95017	95029	95017	95029	83	3	13	**
LT934125.1	+	CAGE_cluster_149	149	95446	95446	95446	19.14013	19.14013	95446	95446	1	1	95446	95446	95446	95446	19	2	1	
LT934125.1	+	CAGE_cluster_15	15	9265	9271	9270	12716.223652	9936.119817	9269	9271	3	1	9265	9271	9265	9271	12716	6	7	***
LT934125.1	+	CAGE_cluster_150	150	95624	95624	95624	21.532646	21.532646	95624	95624	1	1	95624	95624	95624	95624	21	2	1	*
LT934125.1	+	CAGE_cluster_151	151	95743	95751	95746	854.128287	430.652918	95746	95751	6	1	95743	95751	95743	95751	854	4	9	**
LT934125.1	+	CAGE_cluster_152	152	95875	95880	95875	81.345551	50.24284	95875	95880	6	1	95875	95880	95875	95880	81	4	6	**
LT934125.1	+	CAGE_cluster_153	153	96654	96654	96654	21.532646	21.532646	96654	96654	1	1	96654	96654	96654	96654	21	2	1	*
LT934125.1	+	CAGE_cluster_154	154	96885	96886	96885	78.953035	57.420389	96885	96886	2	1	96885	96886	96885	96886	78	4	2	**
LT934125.1	+	CAGE_cluster_155	155	97394	97394	97394	23.925162	23.925162	97394	97394	1	1	97394	97394	97394	97394	23	1	1	*
LT934125.1	+	CAGE_cluster_156	156	100598	100601	100598	28.710194	16.747613	100598	100601	4	1	100598	100601	100598	100601	28	3	4	*
LT934125.1	+	CAGE_cluster_157	157	101290	101296	101293	521.568533	217.718975	101290	101293	4	1	101290	101296	101290	101296	521	2	7	*
LT934125.1	+	CAGE_cluster_158	158	101803	101833	101828	208.14891	138.76594	101827	101828	2	1	101803	101833	101803	101833	208	5	31	**
LT934125.1	+	CAGE_cluster_159	159	101942	101992	101990	76.560519	28.710195	101942	101992	51	1	101942	101992	101942	101992	76	4	51	**
LT934125.1	+	CAGE_cluster_16	16	9413	9437	9415	677.082087	416.29782	9414	9415	2	1	9413	9437	9413	9437	677	6	25	***
LT934125.1	+	CAGE_cluster_160	160	103805	103805	103805	14.355097	14.355097	103805	103805	1	1	103805	103805	103805	103805	14	2	1	
LT934125.1	+	CAGE_cluster_161	161	107310	107310	107310	16.747613	16.747613	107310	107310	1	1	107310	107310	107310	107310	16	2	1	*
LT934125.1	+	CAGE_cluster_162	162	107473	107483	107482	9448.046509	8244.610857	107482	107483	2	1	107473	107483	107473	107483	9448	6	11	***
LT934125.1	+	CAGE_cluster_163	163	107672	107672	107672	21.532646	21.532646	107672	107672	1	1	107672	107672	107672	107672	21	3	1	*
LT934125.1	+	CAGE_cluster_164	164	108407	108432	108407	23.925162	11.962581	108407	108432	26	1	108407	108432	108407	108432	23	4	26	**
LT934125.1	+	CAGE_cluster_165	165	109307	109307	109307	19.14013	19.14013	109307	109307	1	1	109307	109307	109307	109307	19	3	1	*
LT934125.1	+	CAGE_cluster_166	166	110407	110407	110407	11.962581	11.962581	110407	110407	1	1	110407	110407	110407	110407	11	3	1	*
LT934125.1	+	CAGE_cluster_167	167	110692	110696	110692	507.213437	251.214202	110692	110695	4	1	110692	110696	110692	110696	507	5	5	**
LT934125.1	+	CAGE_cluster_168	168	112884	112888	112884	165.083618	122.018327	112884	112888	5	1	112884	112888	112884	112888	165	5	5	**
LT934125.1	+	CAGE_cluster_169	169	113446	113446	113446	14.355097	14.355097	113446	113446	1	1	113446	113446	113446	113446	14	2	1	
LT934125.1	+	CAGE_cluster_17	17	9592	9647	9643	24793.645477	16587.314879	9643	9646	4	1	9592	9647	9592	9647	24793	6	56	***
LT934125.1	+	CAGE_cluster_170	170	114000	114000	114000	16.747613	16.747613	114000	114000	1	1	114000	114000	114000	114000	16	1	1	
LT934125.1	+	CAGE_cluster_171	171	114832	114837	114835	117.233295	64.597938	114832	114837	6	1	114832	114837	114832	114837	117	2	6	*
LT934125.1	+	CAGE_cluster_172	172	114980	114988	114985	18750.149531	15127.879991	114984	114985	2	1	114980	114988	114980	114988	18750	6	9	***
LT934125.1	+	CAGE_cluster_173	173	115701	115754	115725	38.280259	14.355097	115701	115754	54	1	115701	115754	115701	115754	38	6	54	***
LT934125.1	+	CAGE_cluster_174	174	115816	115846	115844	461.755627	222.504007	115843	115846	4	1	115816	115846	115816	115846	461	6	31	***
LT934125.1	+	CAGE_cluster_175	175	116010	116720	116431	18903.270563	1918.798	116285	116601	317	1	116010	116720	116010	116720	18903	6	711	***
LT934125.1	+	CAGE_cluster_176	176	117297	117297	117297	21.532646	21.532646	117297	117297	1	1	117297	117297	117297	117297	21	1	1	
LT934125.1	+	CAGE_cluster_177	177	117603	117608	117607	808.670479	538.316147	117603	117607	5	1	117603	117608	117603	117608	808	6	6	***
LT934125.1	+	CAGE_cluster_178	178	117767	117796	117769	1423.547144	1019.211905	117768	117769	2	1	117767	117796	117767	117796	1423	6	30	***
LT934125.1	+	CAGE_cluster_179	179	117887	117887	117887	59.812905	59.812905	117887	117887	1	1	117887	117887	117887	117887	59	5	1	**
LT934125.1	+	CAGE_cluster_18	18	9750	10014	9933	1540.780439	212.933943	9759	9998	240	1	9750	10014	9750	10014	1540	6	265	***
LT934125.1	+	CAGE_cluster_180	180	118180	118209	118209	55.027873	28.710195	118180	118209	30	1	118180	118209	118180	118209	55	5	30	**
LT934125.1	+	CAGE_cluster_181	181	118529	118529	118529	26.317678	26.317678	118529	118529	1	1	118529	118529	118529	118529	26	4	1	**
LT934125.1	+	CAGE_cluster_182	182	118747	118748	118747	50.24284	33.495227	118747	118748	2	1	118747	118748	118747	118748	50	5	2	**
LT934125.1	+	CAGE_cluster_183	183	118858	118866	118864	45259.229131	28643.204058	118861	118865	5	1	118858	118866	118858	118866	45259	6	9	***
LT934125.1	+	CAGE_cluster_184	184	119068	119071	119068	43.065292	21.532646	119068	119071	4	1	119068	119071	119068	119071	43	5	4	**
LT934125.1	+	CAGE_cluster_185	185	119265	119266	119266	241.644137	124.410843	119265	119266	2	1	119265	119266	119265	119266	241	5	2	**
LT934125.1	+	CAGE_cluster_186	186	119484	119485	119485	708.184798	535.923631	119484	119485	2	1	119484	119485	119484	119485	708	6	2	***
LT934125.1	+	CAGE_cluster_187	187	119764	119764	119764	31.102711	31.102711	119764	119764	1	1	119764	119764	119764	119764	31	2	1	*
LT934125.1	+	CAGE_cluster_188	188	119876	119908	119878	325.382205	179.438716	119876	119906	31	1	119876	119908	119876	119908	325	6	33	***
LT934125.1	+	CAGE_cluster_189	189	119998	120022	120020	330.167237	143.550973	119998	120022	25	1	119998	120022	119998	120022	330	6	25	***
LT934125.1	+	CAGE_cluster_19	19	10087	10089	10089	244.036653	145.943489	10088	10089	2	1	10087	10089	10087	10089	244	5	3	**
LT934125.1	+	CAGE_cluster_190	190	120131	120238	120133	648.371891	301.457042	120132	120193	62	1	120131	120238	120131	120238	648	6	108	***
LT934125.1	+	CAGE_cluster_191	191	120552	120558	120552	6993.32488	3844.773548	120552	120557	6	1	120552	120558	120552	120558	6993	6	7	***
LT934125.1	+	CAGE_cluster_192	192	120826	120826	120826	11.962581	11.962581	120826	120826	1	1	120826	120826	120826	120826	11	1	1	*
LT934125.1	+	CAGE_cluster_193	193	120930	120937	120934	124.410843	45.457808	120930	120937	8	1	120930	120937	120930	120937	124	6	8	**
LT934125.1	+	CAGE_cluster_194	194	121782	121787	121784	9620.307678	5177.405077	121784	121786	3	1	121782	121787	121782	121787	9620	6	6	***
LT934125.1	+	CAGE_cluster_195	195	122119	122119	122119	23.925162	23.925162	122119	122119	1	1	122119	122119	122119	122119	23	4	1	**
LT934125.1	+	CAGE_cluster_196	196	122303	122305	122304	143.550973	88.5231	122303	122305	3	1	122303	122305	122303	122305	143	4	3	**
LT934125.1	+	CAGE_cluster_197	197	122521	122522	122522	93.308132	62.205421	122521	122522	2	1	122521	122522	122521	122522	93	4	2	**
LT934125.1	+	CAGE_cluster_198	198	122973	122983	122979	3363.87779	2026.461229	122979	122981	3	1	122973	122983	122973	122983	3363	6	11	***
LT934125.1	+	CAGE_cluster_199	199	123445	123445	123445	14.355097	14.355097	123445	123445	1	1	123445	123445	123445	123445	14	3	1	*
LT934125.1	+	CAGE_cluster_2	2	1332	1340	1334	354.092399	138.76594	1334	1339	6	1	1332	1340	1332	1340	354	6	9	***
LT934125.1	+	CAGE_cluster_20	20	10426	10435	10428	6983.754816	5450.151925	10428	10433	6	1	10426	10435	10426	10435	6983	5	10	**
LT934125.1	+	CAGE_cluster_200	200	123619	123619	123619	14.355097	14.355097	123619	123619	1	1	123619	123619	123619	123619	14	3	1	*
LT934125.1	+	CAGE_cluster_201	201	124371	124412	124409	203.363878	64.597938	124385	124409	25	1	124371	124412	124371	124412	203	6	42	**
LT934125.1	+	CAGE_cluster_202	202	124737	124757	124756	6658.372609	6096.131301	124756	124756	1	1	124737	124757	124737	124757	6658	6	21	***
LT934125.1	+	CAGE_cluster_203	203	125219	125228	125225	3162.906429	1452.257339	125223	125226	4	1	125219	125228	125219	125228	3162	6	10	***
LT934125.1	+	CAGE_cluster_204	204	125506	125506	125506	11.962581	11.962581	125506	125506	1	1	125506	125506	125506	125506	11	2	1	*
LT934125.1	+	CAGE_cluster_205	205	125956	125957	125957	43.065292	31.102711	125956	125957	2	1	125956	125957	125956	125957	43	3	2	*
LT934125.1	+	CAGE_cluster_206	206	126085	126085	126085	19.14013	19.14013	126085	126085	1	1	126085	126085	126085	126085	19	2	1	*
LT934125.1	+	CAGE_cluster_207	207	126964	126991	126988	95.700648	26.317678	126964	126991	28	1	126964	126991	126964	126991	95	4	28	**
LT934125.1	+	CAGE_cluster_208	208	127230	127270	127270	507.213437	263.176783	127235	127270	36	1	127230	127270	127230	127270	507	6	41	***
LT934125.1	+	CAGE_cluster_209	209	128133	128133	128133	11.962581	11.962581	128133	128133	1	1	128133	128133	128133	128133	11	1	1	
LT934125.1	+	CAGE_cluster_21	21	10784	10784	10784	11.962581	11.962581	10784	10784	1	1	10784	10784	10784	10784	11	1	1	*
LT934125.1	+	CAGE_cluster_210	210	128933	128933	128933	14.355097	14.355097	128933	128933	1	1	128933	128933	128933	128933	14	1	1	
LT934125.1	+	CAGE_cluster_211	211	129291	129291	129291	11.962581	11.962581	129291	129291	1	1	129291	129291	129291	129291	11	1	1	
LT934125.1	+	CAGE_cluster_212	212	129573	129586	129586	31.10271	16.747613	129573	129586	14	1	129573	129586	129573	129586	31	2	14	*
LT934125.1	+	CAGE_cluster_213	213	129941	129941	129941	14.355097	14.355097	129941	129941	1	1	129941	129941	129941	129941	14	1	1	
LT934125.1	+	CAGE_cluster_214	214	130200	130200	130200	11.962581	11.962581	130200	130200	1	1	130200	130200	130200	130200	11	1	1	
LT934125.1	+	CAGE_cluster_215	215	130614	130630	130614	47.850324	33.495227	130614	130630	17	1	130614	130630	130614	130630	47	5	17	**
LT934125.1	+	CAGE_cluster_216	216	131745	131745	131745	23.925162	23.925162	131745	131745	1	1	131745	131745	131745	131745	23	1	1	
LT934125.1	+	CAGE_cluster_217	217	132611	132614	132614	47.850324	33.495227	132611	132614	4	1	132611	132614	132611	132614	47	4	4	**
LT934125.1	+	CAGE_cluster_218	218	132850	132850	132850	14.355097	14.355097	132850	132850	1	1	132850	132850	132850	132850	14	2	1	
LT934125.1	+	CAGE_cluster_219	219	132938	132966	132966	31.102711	19.14013	132938	132966	29	1	132938	132966	132938	132966	31	4	29	**
LT934125.1	+	CAGE_cluster_22	22	10998	10998	10998	11.962581	11.962581	10998	10998	1	1	10998	10998	10998	10998	11	1	1	
LT934125.1	+	CAGE_cluster_220	220	135001	135002	135001	28.710194	14.355097	135001	135002	2	1	135001	135002	135001	135002	28	3	2	*
LT934125.1	+	CAGE_cluster_221	221	135238	135312	135310	1574.275666	322.989688	135268	135311	44	1	135238	135312	135238	135312	1574	6	75	***
LT934125.1	+	CAGE_cluster_222	222	135671	135673	135673	31.102711	19.14013	135671	135673	3	1	135671	135673	135671	135673	31	2	3	*
LT934125.1	+	CAGE_cluster_223	223	135883	135883	135883	23.925162	23.925162	135883	135883	1	1	135883	135883	135883	135883	23	3	1	*
LT934125.1	+	CAGE_cluster_224	224	136156	136159	136158	1356.556691	1172.332943	136158	136159	2	1	136156	136159	136156	136159	1356	6	4	***
LT934125.1	+	CAGE_cluster_225	225	136335	136351	136348	959.398999	622.054214	136345	136348	4	1	136335	136351	136335	136351	959	6	17	***
LT934125.1	+	CAGE_cluster_226	226	137186	137186	137186	16.747613	16.747613	137186	137186	1	1	137186	137186	137186	137186	16	3	1	*
LT934125.1	+	CAGE_cluster_227	227	141051	141051	141051	11.962581	11.962581	141051	141051	1	1	141051	141051	141051	141051	11	1	1	*
LT934125.1	+	CAGE_cluster_228	228	141497	141497	141497	11.962581	11.962581	141497	141497	1	1	141497	141497	141497	141497	11	2	1	
LT934125.1	+	CAGE_cluster_229	229	141678	141678	141678	11.962581	11.962581	141678	141678	1	1	141678	141678	141678	141678	11	1	1	*
LT934125.1	+	CAGE_cluster_23	23	11526	11526	11526	11.962581	11.962581	11526	11526	1	1	11526	11526	11526	11526	11	1	1	
LT934125.1	+	CAGE_cluster_230	230	141824	141824	141824	14.355097	14.355097	141824	141824	1	1	141824	141824	141824	141824	14	1	1	
LT934125.1	+	CAGE_cluster_231	231	141935	141938	141935	136.373424	86.130584	141935	141938	4	1	141935	141938	141935	141938	136	3	4	**
LT934125.1	+	CAGE_cluster_232	232	142477	142477	142477	62.205421	62.205421	142477	142477	1	1	142477	142477	142477	142477	62	2	1	*
LT934125.1	+	CAGE_cluster_24	24	11628	11640	11628	208.148909	107.663229	11628	11639	12	1	11628	11640	11628	11640	208	3	13	**
LT934125.1	+	CAGE_cluster_25	25	11756	11797	11793	61597.722324	38734.837429	11792	11794	3	1	11756	11797	11756	11797	61597	6	42	***
LT934125.1	+	CAGE_cluster_26	26	11908	12130	12068	3729.93277	289.494461	11938	12110	173	1	11908	12130	11908	12130	3729	6	223	***
LT934125.1	+	CAGE_cluster_27	27	12416	12416	12416	14.355097	14.355097	12416	12416	1	1	12416	12416	12416	12416	14	2	1	*
LT934125.1	+	CAGE_cluster_28	28	12842	12842	12842	11.962581	11.962581	12842	12842	1	1	12842	12842	12842	12842	11	1	1	*
LT934125.1	+	CAGE_cluster_29	29	14044	14051	14046	11627.628778	5368.806374	14046	14048	3	1	14044	14051	14044	14051	11627	6	8	***
LT934125.1	+	CAGE_cluster_3	3	1600	1604	1600	741.680025	581.381439	1600	1603	4	1	1600	1604	1600	1604	741	6	5	***
LT934125.1	+	CAGE_cluster_30	30	14294	14294	14294	11.962581	11.962581	14294	14294	1	1	14294	14294	14294	14294	11	1	1	*
LT934125.1	+	CAGE_cluster_31	31	14605	14606	14605	50.242841	31.102711	14605	14606	2	1	14605	14606	14605	14606	50	3	2	*
LT934125.1	+	CAGE_cluster_32	32	14821	14822	14822	40.672776	21.532646	14821	14822	2	1	14821	14822	14821	14822	40	4	2	**
LT934125.1	+	CAGE_cluster_33	33	14955	14956	14955	38.280259	23.925162	14955	14956	2	1	14955	14956	14955	14956	38	3	2	*
LT934125.1	+	CAGE_cluster_34	34	15172	15187	15172	31.10271	16.747613	15172	15187	16	1	15172	15187	15172	15187	31	5	16	**
LT934125.1	+	CAGE_cluster_35	35	15346	15346	15346	28.710195	28.710195	15346	15346	1	1	15346	15346	15346	15346	28	3	1	*
LT934125.1	+	CAGE_cluster_36	36	15591	15649	15599	428.260401	138.76594	15593	15644	52	1	15591	15649	15591	15649	428	6	59	***
LT934125.1	+	CAGE_cluster_37	37	17395	17395	17395	11.962581	11.962581	17395	17395	1	1	17395	17395	17395	17395	11	2	1	*
LT934125.1	+	CAGE_cluster_38	38	23722	23722	23722	14.355097	14.355097	23722	23722	1	1	23722	23722	23722	23722	14	2	1	
LT934125.1	+	CAGE_cluster_39	39	25418	25422	25420	222.504007	107.663229	25420	25422	3	1	25418	25422	25418	25422	222	5	5	**
LT934125.1	+	CAGE_cluster_4	4	1712	1712	1712	23.925162	23.925162	1712	1712	1	1	1712	1712	1712	1712	23	4	1	**
LT934125.1	+	CAGE_cluster_40	40	27846	27846	27846	14.355097	14.355097	27846	27846	1	1	27846	27846	27846	27846	14	1	1	*
LT934125.1	+	CAGE_cluster_41	41	28383	28383	28383	11.962581	11.962581	28383	28383	1	1	28383	28383	28383	28383	11	3	1	*
LT934125.1	+	CAGE_cluster_42	42	28625	28625	28625	11.962581	11.962581	28625	28625	1	1	28625	28625	28625	28625	11	2	1	*
LT934125.1	+	CAGE_cluster_43	43	29338	29338	29338	11.962581	11.962581	29338	29338	1	1	29338	29338	29338	29338	11	3	1	*
LT934125.1	+	CAGE_cluster_44	44	29465	29465	29465	14.355097	14.355097	29465	29465	1	1	29465	29465	29465	29465	14	1	1	*
LT934125.1	+	CAGE_cluster_45	45	30234	30241	30236	514.390986	212.933943	30234	30240	7	1	30234	30241	30234	30241	514	4	8	**
LT934125.1	+	CAGE_cluster_46	46	31093	31099	31098	7146.445917	4026.60478	31096	31099	4	1	31093	31099	31093	31099	7146	6	7	***
LT934125.1	+	CAGE_cluster_47	47	31270	31295	31271	653.156924	370.840012	31270	31272	3	1	31270	31295	31270	31295	653	6	26	***
LT934125.1	+	CAGE_cluster_48	48	31455	31475	31457	136.373424	57.420389	31456	31475	20	1	31455	31475	31455	31475	136	6	21	**
LT934125.1	+	CAGE_cluster_49	49	31604	31605	31605	205.756394	145.943489	31604	31605	2	1	31604	31605	31604	31605	205	4	2	**
LT934125.1	+	CAGE_cluster_5	5	1854	1871	1871	35.887743	21.532646	1854	1871	18	1	1854	1871	1854	1871	35	5	18	**
LT934125.1	+	CAGE_cluster_50	50	31859	31973	31933	882.83848	236.859105	31860	31941	82	1	31859	31973	31859	31973	882	6	115	***
LT934125.1	+	CAGE_cluster_51	51	32007	32040	32038	46479.412397	21975.261382	32036	32039	4	1	32007	32040	32007	32040	46479	6	34	***
LT934125.1	+	CAGE_cluster_52	52	34145	34145	34145	14.355097	14.355097	34145	34145	1	1	34145	34145	34145	34145	14	2	1	*
LT934125.1	+	CAGE_cluster_53	53	41706	41706	41706	16.747613	16.747613	41706	41706	1	1	41706	41706	41706	41706	16	3	1	*
LT934125.1	+	CAGE_cluster_54	54	44779	44812	44812	10053.353112	7794.81781	44810	44812	3	1	44779	44812	44779	44812	10053	6	34	***
LT934125.1	+	CAGE_cluster_55	55	44946	44946	44946	21.532646	21.532646	44946	44946	1	1	44946	44946	44946	44946	21	2	1	*
LT934125.1	+	CAGE_cluster_56	56	45064	45065	45065	38.280259	23.925162	45064	45065	2	1	45064	45065	45064	45065	38	4	2	**
LT934125.1	+	CAGE_cluster_57	57	45306	45306	45306	28.710195	28.710195	45306	45306	1	1	45306	45306	45306	45306	28	2	1	*
LT934125.1	+	CAGE_cluster_58	58	46019	46029	46024	1380.481853	459.363112	46023	46026	4	1	46019	46029	46019	46029	1380	6	11	***
LT934125.1	+	CAGE_cluster_59	59	46234	46238	46235	2095.8442	1469.004953	46234	46235	2	1	46234	46238	46234	46238	2095	6	5	***
LT934125.1	+	CAGE_cluster_6	6	2142	2168	2168	31.102711	19.14013	2142	2168	27	1	2142	2168	2142	2168	31	3	27	*
LT934125.1	+	CAGE_cluster_60	60	46489	46489	46489	21.532646	21.532646	46489	46489	1	1	46489	46489	46489	46489	21	4	1	**
LT934125.1	+	CAGE_cluster_61	61	46655	46682	46655	23.925162	11.962581	46655	46682	28	1	46655	46682	46655	46682	23	4	28	**
LT934125.1	+	CAGE_cluster_62	62	47313	47320	47315	138.76594	52.635357	47315	47317	3	1	47313	47320	47313	47320	138	6	8	**
LT934125.1	+	CAGE_cluster_63	63	47642	47642	47642	14.355097	14.355097	47642	47642	1	1	47642	47642	47642	47642	14	3	1	*
LT934125.1	+	CAGE_cluster_64	64	48016	48016	48016	11.962581	11.962581	48016	48016	1	1	48016	48016	48016	48016	11	3	1	*
LT934125.1	+	CAGE_cluster_65	65	48223	48223	48223	14.355097	14.355097	48223	48223	1	1	48223	48223	48223	48223	14	3	1	*
LT934125.1	+	CAGE_cluster_66	66	48563	48571	48567	6469.363829	2031.246262	48563	48570	8	1	48563	48571	48563	48571	6469	6	9	***
LT934125.1	+	CAGE_cluster_67	67	48750	48750	48750	40.672776	40.672776	48750	48750	1	1	48750	48750	48750	48750	40	3	1	*
LT934125.1	+	CAGE_cluster_68	68	49175	49224	49196	107.663229	40.672776	49175	49224	50	1	49175	49224	49175	49224	107	6	50	**
LT934125.1	+	CAGE_cluster_69	69	49331	49331	49331	14.355097	14.355097	49331	49331	1	1	49331	49331	49331	49331	14	4	1	**
LT934125.1	+	CAGE_cluster_7	7	3651	3651	3651	35.887743	35.887743	3651	3651	1	1	3651	3651	3651	3651	35	3	1	*
LT934125.1	+	CAGE_cluster_70	70	49506	49506	49506	28.710195	28.710195	49506	49506	1	1	49506	49506	49506	49506	28	3	1	*
LT934125.1	+	CAGE_cluster_71	71	49760	49760	49760	14.355097	14.355097	49760	49760	1	1	49760	49760	49760	49760	14	2	1	
LT934125.1	+	CAGE_cluster_72	72	49959	49959	49959	14.355097	14.355097	49959	49959	1	1	49959	49959	49959	49959	14	1	1	*
LT934125.1	+	CAGE_cluster_73	73	50156	50156	50156	11.962581	11.962581	50156	50156	1	1	50156	50156	50156	50156	11	4	1	**
LT934125.1	+	CAGE_cluster_74	74	51232	51239	51235	8361.844152	5330.526114	51235	51237	3	1	51232	51239	51232	51239	8361	6	8	***
LT934125.1	+	CAGE_cluster_75	75	51681	51681	51681	23.925162	23.925162	51681	51681	1	1	51681	51681	51681	51681	23	3	1	*
LT934125.1	+	CAGE_cluster_76	76	52029	52051	52030	337.344786	114.840778	52030	52047	18	1	52029	52051	52029	52051	337	6	23	***
LT934125.1	+	CAGE_cluster_77	77	52317	52317	52317	21.532646	21.532646	52317	52317	1	1	52317	52317	52317	52317	21	2	1	*
LT934125.1	+	CAGE_cluster_78	78	52436	52462	52460	2598.272604	1270.426107	52444	52461	18	1	52436	52462	52436	52462	2598	6	27	***
LT934125.1	+	CAGE_cluster_79	79	52882	52882	52882	14.355097	14.355097	52882	52882	1	1	52882	52882	52882	52882	14	3	1	*
LT934125.1	+	CAGE_cluster_8	8	3871	3871	3871	16.747613	16.747613	3871	3871	1	1	3871	3871	3871	3871	16	1	1	
LT934125.1	+	CAGE_cluster_80	80	53004	53004	53004	11.962581	11.962581	53004	53004	1	1	53004	53004	53004	53004	11	3	1	*
LT934125.1	+	CAGE_cluster_81	81	53642	53652	53648	12512.859775	9086.776563	53644	53648	5	1	53642	53652	53642	53652	12512	6	11	***
LT934125.1	+	CAGE_cluster_82	82	54075	54076	54075	59.812905	33.495227	54075	54076	2	1	54075	54076	54075	54076	59	4	2	**
LT934125.1	+	CAGE_cluster_83	83	54292	54292	54292	14.355097	14.355097	54292	54292	1	1	54292	54292	54292	54292	14	2	1	*
LT934125.1	+	CAGE_cluster_84	84	54472	54475	54472	28.710194	16.747613	54472	54475	4	1	54472	54475	54472	54475	28	5	4	**
LT934125.1	+	CAGE_cluster_85	85	54626	54626	54626	14.355097	14.355097	54626	54626	1	1	54626	54626	54626	54626	14	2	1	*
LT934125.1	+	CAGE_cluster_86	86	54744	54745	54745	52.635357	33.495227	54744	54745	2	1	54744	54745	54744	54745	52	4	2	**
LT934125.1	+	CAGE_cluster_87	87	54938	54940	54938	40.672775	26.317678	54938	54940	3	1	54938	54940	54938	54940	40	3	3	*
LT934125.1	+	CAGE_cluster_88	88	55722	55722	55722	11.962581	11.962581	55722	55722	1	1	55722	55722	55722	55722	11	2	1	*
LT934125.1	+	CAGE_cluster_89	89	55839	55839	55839	16.747613	16.747613	55839	55839	1	1	55839	55839	55839	55839	16	2	1	
LT934125.1	+	CAGE_cluster_9	9	4480	4480	4480	35.887743	35.887743	4480	4480	1	1	4480	4480	4480	4480	35	2	1	*
LT934125.1	+	CAGE_cluster_90	90	57001	57001	57001	11.962581	11.962581	57001	57001	1	1	57001	57001	57001	57001	11	2	1	*
LT934125.1	+	CAGE_cluster_91	91	58622	58625	58622	43.065292	28.710195	58622	58625	4	1	58622	58625	58622	58625	43	4	4	**
LT934125.1	+	CAGE_cluster_92	92	59038	59070	59068	3416.513147	1916.405484	59044	59068	25	1	59038	59070	59038	59070	3416	6	33	***
LT934125.1	+	CAGE_cluster_93	93	59219	59219	59219	11.962581	11.962581	59219	59219	1	1	59219	59219	59219	59219	11	3	1	*
LT934125.1	+	CAGE_cluster_94	94	59333	59333	59333	14.355097	14.355097	59333	59333	1	1	59333	59333	59333	59333	14	2	1	*
LT934125.1	+	CAGE_cluster_95	95	59793	59794	59793	43.065292	31.102711	59793	59794	2	1	59793	59794	59793	59794	43	4	2	**
LT934125.1	+	CAGE_cluster_96	96	60232	60239	60235	1497.715146	528.746082	60232	60236	5	1	60232	60239	60232	60239	1497	5	8	**
LT934125.1	+	CAGE_cluster_97	97	60376	60376	60376	19.14013	19.14013	60376	60376	1	1	60376	60376	60376	60376	19	3	1	*
LT934125.1	+	CAGE_cluster_98	98	60750	60750	60750	11.962581	11.962581	60750	60750	1	1	60750	60750	60750	60750	11	2	1	*
LT934125.1	+	CAGE_cluster_99	99	61076	61076	61076	52.635357	52.635357	61076	61076	1	1	61076	61076	61076	61076	52	2	1	*
LT934125.1	-	CAGE_cluster_233	233	101	101	101	28.710195	28.710195	101	101	1	0	101	101	101	101	28	1	1	
LT934125.1	-	CAGE_cluster_234	234	3218	3218	3218	14.355097	14.355097	3218	3218	1	0	3218	3218	3218	3218	14	3	1	*
LT934125.1	-	CAGE_cluster_235	235	3355	3355	3355	23.925162	23.925162	3355	3355	1	0	3355	3355	3355	3355	23	2	1	*
LT934125.1	-	CAGE_cluster_236	236	3509	3509	3509	11.962581	11.962581	3509	3509	1	0	3509	3509	3509	3509	11	2	1	*
LT934125.1	-	CAGE_cluster_237	237	3706	3706	3706	11.962581	11.962581	3706	3706	1	0	3706	3706	3706	3706	11	1	1	*
LT934125.1	-	CAGE_cluster_238	238	3913	3914	3914	186.616264	172.261167	3914	3914	1	0	3914	3913	3913	3914	186	5	2	**
LT934125.1	-	CAGE_cluster_239	239	4928	4932	4929	483.288274	205.756394	4928	4930	3	0	4932	4928	4928	4932	483	6	5	***
LT934125.1	-	CAGE_cluster_240	240	7572	7572	7572	14.355097	14.355097	7572	7572	1	0	7572	7572	7572	7572	14	3	1	*
LT934125.1	-	CAGE_cluster_241	241	7762	7762	7762	31.102711	31.102711	7762	7762	1	0	7762	7762	7762	7762	31	5	1	
LT934125.1	-	CAGE_cluster_242	242	8193	8193	8193	14.355097	14.355097	8193	8193	1	0	8193	8193	8193	8193	14	4	1	
LT934125.1	-	CAGE_cluster_243	243	9058	9062	9062	71.775486	57.420389	9058	9062	5	0	9062	9058	9058	9062	71	4	5	**
LT934125.1	-	CAGE_cluster_244	244	9217	9220	9218	148.336004	119.62581	9217	9218	2	0	9220	9217	9217	9220	148	5	4	**
LT934125.1	-	CAGE_cluster_245	245	9374	9374	9374	11.962581	11.962581	9374	9374	1	0	9374	9374	9374	9374	11	2	1	*
LT934125.1	-	CAGE_cluster_246	246	9497	9501	9498	1370.911788	966.576549	9498	9501	4	0	9501	9497	9497	9501	1370	6	5	***
LT934125.1	-	CAGE_cluster_247	247	9804	9804	9804	14.355097	14.355097	9804	9804	1	0	9804	9804	9804	9804	14	1	1	
LT934125.1	-	CAGE_cluster_248	248	12052	12065	12065	222.504007	69.38297	12054	12065	12	0	12065	12052	12052	12065	222	3	14	**
LT934125.1	-	CAGE_cluster_249	249	13998	13998	13998	33.495227	33.495227	13998	13998	1	0	13998	13998	13998	13998	33	1	1	
LT934125.1	-	CAGE_cluster_250	250	16175	16175	16175	11.962581	11.962581	16175	16175	1	0	16175	16175	16175	16175	11	2	1	
LT934125.1	-	CAGE_cluster_251	251	17035	17035	17035	14.355097	14.355097	17035	17035	1	0	17035	17035	17035	17035	14	3	1	*
LT934125.1	-	CAGE_cluster_252	252	17163	17163	17163	16.747613	16.747613	17163	17163	1	0	17163	17163	17163	17163	16	2	1	*
LT934125.1	-	CAGE_cluster_253	253	17344	17379	17345	421.082853	160.298586	17344	17379	36	0	17379	17344	17344	17379	421	6	36	***
LT934125.1	-	CAGE_cluster_254	254	17511	17514	17512	57.420389	31.102711	17511	17514	4	0	17514	17511	17511	17514	57	4	4	**
LT934125.1	-	CAGE_cluster_255	255	17846	17848	17848	40.672775	26.317678	17846	17848	3	0	17848	17846	17846	17848	40	5	3	**
LT934125.1	-	CAGE_cluster_256	256	17982	18013	18013	52.635357	21.532646	17982	18013	32	0	18013	17982	17982	18013	52	4	32	**
LT934125.1	-	CAGE_cluster_257	257	18706	18727	18706	52.635357	19.14013	18706	18727	22	0	18727	18706	18706	18727	52	4	22	**
LT934125.1	-	CAGE_cluster_258	258	18905	18924	18906	447.400532	133.980908	18905	18923	19	0	18924	18905	18905	18924	447	6	20	***
LT934125.1	-	CAGE_cluster_259	259	18962	19029	19011	555.063761	311.027107	18963	19011	49	0	19029	18962	18962	19029	555	6	68	***
LT934125.1	-	CAGE_cluster_260	260	19474	19479	19475	37117.496471	22257.578295	19475	19477	3	0	19479	19474	19474	19479	37117	6	6	***
LT934125.1	-	CAGE_cluster_261	261	21475	21477	21477	110.055746	98.093165	21475	21477	3	0	21477	21475	21475	21477	110	5	3	**
LT934125.1	-	CAGE_cluster_262	262	21943	21951	21945	272.746849	136.373424	21943	21951	9	0	21951	21943	21943	21951	272	5	9	**
LT934125.1	-	CAGE_cluster_263	263	22381	22383	22383	57.420389	35.887743	22381	22383	3	0	22383	22381	22381	22383	57	2	3	*
LT934125.1	-	CAGE_cluster_264	264	22633	22633	22633	14.355097	14.355097	22633	22633	1	0	22633	22633	22633	22633	14	3	1	*
LT934125.1	-	CAGE_cluster_265	265	22968	22968	22968	14.355097	14.355097	22968	22968	1	0	22968	22968	22968	22968	14	2	1	*
LT934125.1	-	CAGE_cluster_266	266	24789	24789	24789	19.14013	19.14013	24789	24789	1	0	24789	24789	24789	24789	19	2	1	
LT934125.1	-	CAGE_cluster_267	267	24893	24893	24893	16.747613	16.747613	24893	24893	1	0	24893	24893	24893	24893	16	3	1	
LT934125.1	-	CAGE_cluster_268	268	25316	25320	25317	2213.077493	1734.574252	25316	25318	3	0	25320	25316	25316	25320	2213	6	5	***
LT934125.1	-	CAGE_cluster_269	269	25642	25642	25642	33.495227	33.495227	25642	25642	1	0	25642	25642	25642	25642	33	2	1	
LT934125.1	-	CAGE_cluster_270	270	26117	26117	26117	11.962581	11.962581	26117	26117	1	0	26117	26117	26117	26117	11	1	1	
LT934125.1	-	CAGE_cluster_271	271	27764	27765	27765	122.018327	100.485681	27764	27765	2	0	27765	27764	27764	27765	122	5	2	**
LT934125.1	-	CAGE_cluster_272	272	28414	28422	28422	55.027873	28.710195	28414	28422	9	0	28422	28414	28414	28422	55	4	9	**
LT934125.1	-	CAGE_cluster_273	273	28576	28576	28576	11.962581	11.962581	28576	28576	1	0	28576	28576	28576	28576	11	1	1	*
LT934125.1	-	CAGE_cluster_274	274	28722	28722	28722	28.710195	28.710195	28722	28722	1	0	28722	28722	28722	28722	28	4	1	**
LT934125.1	-	CAGE_cluster_275	275	28902	28953	28928	131.588391	59.812905	28902	28953	52	0	28953	28902	28902	28953	131	4	52	**
LT934125.1	-	CAGE_cluster_276	276	29026	29116	29061	224.896524	86.130584	29027	29088	62	0	29116	29026	29026	29116	224	6	91	**
LT934125.1	-	CAGE_cluster_277	277	29290	29303	29303	98.093164	59.812905	29290	29303	14	0	29303	29290	29290	29303	98	5	14	**
LT934125.1	-	CAGE_cluster_278	278	29411	29421	29416	12500.897192	3301.672369	29411	29417	7	0	29421	29411	29411	29421	12500	6	11	***
LT934125.1	-	CAGE_cluster_279	279	30881	30884	30881	445.008015	380.410077	30881	30882	2	0	30884	30881	30881	30884	445	6	4	***
LT934125.1	-	CAGE_cluster_280	280	31045	31047	31045	76.560519	55.027873	31045	31047	3	0	31047	31045	31045	31047	76	2	3	
LT934125.1	-	CAGE_cluster_281	281	32680	32680	32680	14.355097	14.355097	32680	32680	1	0	32680	32680	32680	32680	14	1	1	
LT934125.1	-	CAGE_cluster_282	282	33409	33409	33409	11.962581	11.962581	33409	33409	1	0	33409	33409	33409	33409	11	2	1	*
LT934125.1	-	CAGE_cluster_283	283	33643	33644	33644	50.24284	35.887743	33643	33644	2	0	33644	33643	33643	33644	50	3	2	*
LT934125.1	-	CAGE_cluster_284	284	34095	34095	34095	16.747613	16.747613	34095	34095	1	0	34095	34095	34095	34095	16	2	1	*
LT934125.1	-	CAGE_cluster_285	285	34202	34202	34202	11.962581	11.962581	34202	34202	1	0	34202	34202	34202	34202	11	3	1	*
LT934125.1	-	CAGE_cluster_286	286	34477	34484	34480	1234.538363	559.848793	34478	34482	5	0	34484	34477	34477	34484	1234	6	8	***
LT934125.1	-	CAGE_cluster_287	287	37550	37550	37550	11.962581	11.962581	37550	37550	1	0	37550	37550	37550	37550	11	2	1	*
LT934125.1	-	CAGE_cluster_288	288	41788	41788	41788	23.925162	23.925162	41788	41788	1	0	41788	41788	41788	41788	23	2	1	
LT934125.1	-	CAGE_cluster_289	289	41998	42003	41999	10864.416106	9443.261478	41999	41999	1	0	42003	41998	41998	42003	10864	6	6	***
LT934125.1	-	CAGE_cluster_290	290	44757	44760	44760	375.625045	311.027107	44759	44760	2	0	44760	44757	44757	44760	375	4	4	**
LT934125.1	-	CAGE_cluster_291	291	44893	44899	44893	3744.287867	2421.226404	44893	44896	4	0	44899	44893	44893	44899	3744	6	7	***
LT934125.1	-	CAGE_cluster_292	292	45973	45973	45973	16.747613	16.747613	45973	45973	1	0	45973	45973	45973	45973	16	3	1	
LT934125.1	-	CAGE_cluster_293	293	49124	49125	49124	38.280259	26.317678	49124	49125	2	0	49125	49124	49124	49125	38	1	2	
LT934125.1	-	CAGE_cluster_294	294	49607	49607	49607	11.962581	11.962581	49607	49607	1	0	49607	49607	49607	49607	11	1	1	*
LT934125.1	-	CAGE_cluster_295	295	50350	50380	50374	93.308132	64.597938	50350	50380	31	0	50380	50350	50350	50380	93	4	31	**
LT934125.1	-	CAGE_cluster_296	296	50496	50525	50496	23.925162	11.962581	50496	50525	30	0	50525	50496	50496	50525	23	5	30	**
LT934125.1	-	CAGE_cluster_297	297	50643	50643	50643	26.317678	26.317678	50643	50643	1	0	50643	50643	50643	50643	26	4	1	**
LT934125.1	-	CAGE_cluster_298	298	50820	50820	50820	35.887743	35.887743	50820	50820	1	0	50820	50820	50820	50820	35	5	1	**
LT934125.1	-	CAGE_cluster_299	299	51149	51151	51151	1476.182502	1184.295524	51150	51151	2	0	51151	51149	51149	51151	1476	6	3	***
LT934125.1	-	CAGE_cluster_300	300	52836	52836	52836	14.355097	14.355097	52836	52836	1	0	52836	52836	52836	52836	14	3	1	
LT934125.1	-	CAGE_cluster_301	301	53558	53559	53559	198.578845	181.831232	53559	53559	1	0	53559	53558	53558	53559	198	5	2	**
LT934125.1	-	CAGE_cluster_302	302	55267	55270	55270	45.457808	23.925162	55267	55270	4	0	55270	55267	55267	55270	45	3	4	*
LT934125.1	-	CAGE_cluster_303	303	55489	55507	55489	28.710194	16.747613	55489	55507	19	0	55507	55489	55489	55507	28	4	19	**
LT934125.1	-	CAGE_cluster_304	304	55768	55807	55797	145.943488	50.24284	55796	55807	12	0	55807	55768	55768	55807	145	4	40	**
LT934125.1	-	CAGE_cluster_305	305	56031	56068	56053	246.42917	64.597938	56032	56068	37	0	56068	56031	56031	56068	246	6	38	**
LT934125.1	-	CAGE_cluster_306	306	56191	56232	56192	27676.627509	11531.928129	56192	56195	4	0	56232	56191	56191	56232	27676	6	42	***
LT934125.1	-	CAGE_cluster_307	307	56478	56478	56478	14.355097	14.355097	56478	56478	1	0	56478	56478	56478	56478	14	3	1	*
LT934125.1	-	CAGE_cluster_308	308	56642	56642	56642	11.962581	11.962581	56642	56642	1	0	56642	56642	56642	56642	11	2	1	*
LT934125.1	-	CAGE_cluster_309	309	56947	56982	56950	2402.086274	1684.331411	56948	56950	3	0	56982	56947	56947	56982	2402	6	36	***
LT934125.1	-	CAGE_cluster_310	310	57089	57090	57090	112.448262	76.560519	57089	57090	2	0	57090	57089	57089	57090	112	4	2	**
LT934125.1	-	CAGE_cluster_311	311	58572	58577	58574	1004.856808	301.457042	58574	58577	4	0	58577	58572	58572	58577	1004	5	6	**
LT934125.1	-	CAGE_cluster_312	312	59019	59020	59020	102.878197	90.915616	59019	59020	2	0	59020	59019	59019	59020	102	4	2	
LT934125.1	-	CAGE_cluster_313	313	59138	59138	59138	14.355097	14.355097	59138	59138	1	0	59138	59138	59138	59138	14	3	1	
LT934125.1	-	CAGE_cluster_314	314	59279	59284	59281	2576.739957	2313.563174	59281	59281	1	0	59284	59279	59279	59284	2576	6	6	***
LT934125.1	-	CAGE_cluster_315	315	62580	62580	62580	11.962581	11.962581	62580	62580	1	0	62580	62580	62580	62580	11	2	1	*
LT934125.1	-	CAGE_cluster_316	316	62918	62918	62918	14.355097	14.355097	62918	62918	1	0	62918	62918	62918	62918	14	2	1	
LT934125.1	-	CAGE_cluster_317	317	63242	63250	63250	50.24284	26.317678	63242	63250	9	0	63250	63242	63242	63250	50	4	9	**
LT934125.1	-	CAGE_cluster_318	318	63421	63442	63424	247469.91411	190977.821375	63423	63424	2	0	63442	63421	63421	63442	247469	6	22	***
LT934125.1	-	CAGE_cluster_319	319	63695	63695	63695	21.532646	21.532646	63695	63695	1	0	63695	63695	63695	63695	21	2	1	*
LT934125.1	-	CAGE_cluster_320	320	63846	63846	63846	35.887743	35.887743	63846	63846	1	0	63846	63846	63846	63846	35	1	1	*
LT934125.1	-	CAGE_cluster_321	321	64129	64131	64129	50.24284	33.495227	64129	64131	3	0	64131	64129	64129	64131	50	2	3	*
LT934125.1	-	CAGE_cluster_322	322	64730	64731	64731	45.457808	28.710195	64730	64731	2	0	64731	64730	64730	64731	45	3	2	*
LT934125.1	-	CAGE_cluster_323	323	65445	65451	65451	193.793813	160.298586	65445	65451	7	0	65451	65445	65445	65451	193	2	7	*
LT934125.1	-	CAGE_cluster_324	324	65611	65633	65611	78.953035	66.990454	65611	65633	23	0	65633	65611	65611	65633	78	3	23	**
LT934125.1	-	CAGE_cluster_325	325	65752	65758	65756	3426.083212	2079.096586	65753	65756	4	0	65758	65752	65752	65758	3426	6	7	***
LT934125.1	-	CAGE_cluster_326	326	65887	65889	65887	45.457808	33.495227	65887	65889	3	0	65889	65887	65887	65889	45	4	3	
LT934125.1	-	CAGE_cluster_327	327	66457	66457	66457	16.747613	16.747613	66457	66457	1	0	66457	66457	66457	66457	16	2	1	
LT934125.1	-	CAGE_cluster_328	328	66629	66629	66629	16.747613	16.747613	66629	66629	1	0	66629	66629	66629	66629	16	1	1	*
LT934125.1	-	CAGE_cluster_329	329	68123	68123	68123	16.747613	16.747613	68123	68123	1	0	68123	68123	68123	68123	16	1	1	*
LT934125.1	-	CAGE_cluster_330	330	71885	71893	71890	189.00878	95.700648	71886	71893	8	0	71893	71885	71885	71893	189	6	9	**
LT934125.1	-	CAGE_cluster_331	331	72742	72744	72744	40.672776	28.710195	72742	72744	3	0	72744	72742	72742	72744	40	4	3	**
LT934125.1	-	CAGE_cluster_332	332	73111	73140	73112	74.168002	50.24284	73111	73140	30	0	73140	73111	73111	73140	74	4	30	**
LT934125.1	-	CAGE_cluster_333	333	74348	74352	74349	193.793812	162.691102	74349	74349	1	0	74352	74348	74348	74352	193	4	5	**
LT934125.1	-	CAGE_cluster_334	334	75602	75604	75604	45.457808	28.710195	75602	75604	3	0	75604	75602	75602	75604	45	4	3	**
LT934125.1	-	CAGE_cluster_335	335	75737	75737	75737	11.962581	11.962581	75737	75737	1	0	75737	75737	75737	75737	11	2	1	*
LT934125.1	-	CAGE_cluster_336	336	76863	76870	76867	181.831231	71.775486	76863	76867	5	0	76870	76863	76863	76870	181	6	8	**
LT934125.1	-	CAGE_cluster_337	337	77988	77989	77989	83.738068	43.065292	77988	77989	2	0	77989	77988	77988	77989	83	3	2	
LT934125.1	-	CAGE_cluster_338	338	79391	79394	79394	64.597937	35.887743	79391	79394	4	0	79394	79391	79391	79394	64	4	4	
LT934125.1	-	CAGE_cluster_339	339	80658	80658	80658	21.532646	21.532646	80658	80658	1	0	80658	80658	80658	80658	21	2	1	*
LT934125.1	-	CAGE_cluster_340	340	81088	81090	81090	50.24284	33.495227	81088	81090	3	0	81090	81088	81088	81090	50	3	3	*
LT934125.1	-	CAGE_cluster_341	341	81493	81494	81493	203.363877	119.62581	81493	81494	2	0	81494	81493	81493	81494	203	5	2	**
LT934125.1	-	CAGE_cluster_342	342	81688	81689	81689	71.775487	52.635357	81688	81689	2	0	81689	81688	81688	81689	71	6	2	**
LT934125.1	-	CAGE_cluster_343	343	81808	81846	81810	18276.431324	8881.020169	81809	81812	4	0	81846	81808	81808	81846	18276	6	39	***
LT934125.1	-	CAGE_cluster_344	344	82027	82030	82027	74.168003	40.672776	82027	82030	4	0	82030	82027	82027	82030	74	3	4	**
LT934125.1	-	CAGE_cluster_345	345	83206	83206	83206	26.317678	26.317678	83206	83206	1	0	83206	83206	83206	83206	26	3	1	
LT934125.1	-	CAGE_cluster_346	346	85660	85660	85660	33.495227	33.495227	85660	85660	1	0	85660	85660	85660	85660	33	1	1	
LT934125.1	-	CAGE_cluster_347	347	87161	87167	87165	492.858339	248.821686	87161	87166	6	0	87167	87161	87161	87167	492	6	7	***
LT934125.1	-	CAGE_cluster_348	348	87451	87451	87451	14.355097	14.355097	87451	87451	1	0	87451	87451	87451	87451	14	2	1	*
LT934125.1	-	CAGE_cluster_349	349	89080	89085	89082	815.848027	272.746848	89080	89084	5	0	89085	89080	89080	89085	815	5	6	**
LT934125.1	-	CAGE_cluster_350	350	89632	89632	89632	11.962581	11.962581	89632	89632	1	0	89632	89632	89632	89632	11	2	1	
LT934125.1	-	CAGE_cluster_351	351	91359	91361	91361	200.971362	122.018327	91359	91361	3	0	91361	91359	91359	91361	200	6	3	**
LT934125.1	-	CAGE_cluster_352	352	91998	91998	91998	11.962581	11.962581	91998	91998	1	0	91998	91998	91998	91998	11	2	1	
LT934125.1	-	CAGE_cluster_353	353	92483	92531	92530	150.728521	69.38297	92484	92531	48	0	92531	92483	92483	92531	150	4	49	**
LT934125.1	-	CAGE_cluster_354	354	92568	92635	92634	296.67201	90.915616	92568	92635	68	0	92635	92568	92568	92635	296	5	68	**
LT934125.1	-	CAGE_cluster_355	355	92737	92778	92778	122.018326	43.065292	92737	92778	42	0	92778	92737	92737	92778	122	5	42	**
LT934125.1	-	CAGE_cluster_356	356	92935	92942	92937	31136.205947	25427.662272	92937	92937	1	0	92942	92935	92935	92942	31136	6	8	***
LT934125.1	-	CAGE_cluster_357	357	93264	93297	93266	222.504007	59.812905	93266	93293	28	0	93297	93264	93264	93297	222	5	34	**
LT934125.1	-	CAGE_cluster_358	358	93468	93482	93469	433.045434	169.868651	93468	93475	8	0	93482	93468	93468	93482	433	6	15	***
LT934125.1	-	CAGE_cluster_359	359	93657	93661	93658	1423.547144	1155.585329	93657	93658	2	0	93661	93657	93657	93661	1423	6	5	***
LT934125.1	-	CAGE_cluster_360	360	93853	93853	93853	16.747613	16.747613	93853	93853	1	0	93853	93853	93853	93853	16	2	1	*
LT934125.1	-	CAGE_cluster_361	361	94112	94112	94112	11.962581	11.962581	94112	94112	1	0	94112	94112	94112	94112	11	3	1	*
LT934125.1	-	CAGE_cluster_362	362	94529	94568	94530	921.11874	516.783501	94529	94532	4	0	94568	94529	94529	94568	921	6	40	***
LT934125.1	-	CAGE_cluster_363	363	94948	95022	94949	8069.957174	4117.520396	94949	94951	3	0	95022	94948	94948	95022	8069	6	75	***
LT934125.1	-	CAGE_cluster_364	364	95697	95698	95698	105.270713	88.5231	95697	95698	2	0	95698	95697	95697	95698	105	5	2	**
LT934125.1	-	CAGE_cluster_365	365	96183	96183	96183	23.925162	23.925162	96183	96183	1	0	96183	96183	96183	96183	23	4	1	**
LT934125.1	-	CAGE_cluster_366	366	96290	96308	96290	43.065292	21.532646	96290	96308	19	0	96308	96290	96290	96308	43	5	19	**
LT934125.1	-	CAGE_cluster_367	367	96602	96602	96602	31.102711	31.102711	96602	96602	1	0	96602	96602	96602	96602	31	3	1	*
LT934125.1	-	CAGE_cluster_368	368	96964	96983	96964	126.803359	74.168002	96964	96983	20	0	96983	96964	96964	96983	126	6	20	**
LT934125.1	-	CAGE_cluster_369	369	97178	97178	97178	28.710195	28.710195	97178	97178	1	0	97178	97178	97178	97178	28	5	1	**
LT934125.1	-	CAGE_cluster_370	370	97340	97372	97343	3526.568891	1330.239012	97341	97365	25	0	97372	97340	97340	97372	3526	6	33	***
LT934125.1	-	CAGE_cluster_371	371	98403	98419	98419	81.345551	38.280259	98403	98419	17	0	98419	98403	98403	98419	81	4	17	**
LT934125.1	-	CAGE_cluster_372	372	98543	98602	98600	112.448262	35.887743	98543	98602	60	0	98602	98543	98543	98602	112	5	60	**
LT934125.1	-	CAGE_cluster_373	373	98930	98930	98930	11.962581	11.962581	98930	98930	1	0	98930	98930	98930	98930	11	2	1	
LT934125.1	-	CAGE_cluster_374	374	100132	100132	100132	16.747613	16.747613	100132	100132	1	0	100132	100132	100132	100132	16	2	1	
LT934125.1	-	CAGE_cluster_375	375	101241	101244	101244	69.38297	57.420389	101241	101244	4	0	101244	101241	101241	101244	69	2	4	
LT934125.1	-	CAGE_cluster_376	376	101783	101786	101786	129.195875	83.738067	101783	101786	4	0	101786	101783	101783	101786	129	3	4	
LT934125.1	-	CAGE_cluster_377	377	101896	101896	101896	14.355097	14.355097	101896	101896	1	0	101896	101896	101896	101896	14	1	1	*
LT934125.1	-	CAGE_cluster_378	378	102042	102042	102042	14.355097	14.355097	102042	102042	1	0	102042	102042	102042	102042	14	2	1	*
LT934125.1	-	CAGE_cluster_379	379	102174	102174	102174	14.355097	14.355097	102174	102174	1	0	102174	102174	102174	102174	14	2	1	
LT934125.1	-	CAGE_cluster_380	380	102667	102667	102667	16.747613	16.747613	102667	102667	1	0	102667	102667	102667	102667	16	2	1	*
LT934125.1	-	CAGE_cluster_381	381	103739	103739	103739	14.355097	14.355097	103739	103739	1	0	103739	103739	103739	103739	14	2	1	
LT934125.1	-	CAGE_cluster_382	382	106534	106534	106534	16.747613	16.747613	106534	106534	1	0	106534	106534	106534	106534	16	3	1	
LT934125.1	-	CAGE_cluster_383	383	107370	107405	107373	964.184032	626.839247	107372	107376	5	0	107405	107370	107370	107405	964	6	36	***
LT934125.1	-	CAGE_cluster_384	384	107559	107565	107563	1358.949206	1157.977845	107559	107563	5	0	107565	107559	107559	107565	1358	6	7	***
LT934125.1	-	CAGE_cluster_385	385	107837	107837	107837	16.747613	16.747613	107837	107837	1	0	107837	107837	107837	107837	16	2	1	
LT934125.1	-	CAGE_cluster_386	386	108048	108050	108048	31.102711	19.14013	108048	108050	3	0	108050	108048	108048	108050	31	2	3	
LT934125.1	-	CAGE_cluster_387	387	108408	108482	108409	1571.883149	447.400531	108409	108453	45	0	108482	108408	108408	108482	1571	6	75	***
LT934125.1	-	CAGE_cluster_388	388	108718	108718	108718	21.532646	21.532646	108718	108718	1	0	108718	108718	108718	108718	21	2	1	*
LT934125.1	-	CAGE_cluster_389	389	109636	109636	109636	11.962581	11.962581	109636	109636	1	0	109636	109636	109636	109636	11	2	1	
LT934125.1	-	CAGE_cluster_390	390	109764	109764	109764	11.962581	11.962581	109764	109764	1	0	109764	109764	109764	109764	11	2	1	*
LT934125.1	-	CAGE_cluster_391	391	110754	110756	110754	26.317678	14.355097	110754	110756	3	0	110756	110754	110754	110756	26	4	3	**
LT934125.1	-	CAGE_cluster_392	392	110870	110870	110870	14.355097	14.355097	110870	110870	1	0	110870	110870	110870	110870	14	3	1	
LT934125.1	-	CAGE_cluster_393	393	111107	111107	111107	43.065292	43.065292	111107	111107	1	0	111107	111107	111107	111107	43	4	1	**
LT934125.1	-	CAGE_cluster_394	394	111976	111976	111976	26.317678	26.317678	111976	111976	1	0	111976	111976	111976	111976	26	2	1	
LT934125.1	-	CAGE_cluster_395	395	113089	113107	113107	50.24284	33.495227	113089	113107	19	0	113107	113089	113089	113107	50	5	19	**
LT934125.1	-	CAGE_cluster_396	396	113520	113520	113520	14.355097	14.355097	113520	113520	1	0	113520	113520	113520	113520	14	2	1	
LT934125.1	-	CAGE_cluster_397	397	113778	113778	113778	14.355097	14.355097	113778	113778	1	0	113778	113778	113778	113778	14	1	1	*
LT934125.1	-	CAGE_cluster_398	398	114135	114148	114135	31.10271	16.747613	114135	114148	14	0	114148	114135	114135	114148	31	2	14	*
LT934125.1	-	CAGE_cluster_399	399	114430	114430	114430	14.355097	14.355097	114430	114430	1	0	114430	114430	114430	114430	14	1	1	
LT934125.1	-	CAGE_cluster_400	400	114785	114785	114785	14.355097	14.355097	114785	114785	1	0	114785	114785	114785	114785	14	1	1	
LT934125.1	-	CAGE_cluster_401	401	114994	114994	114994	14.355097	14.355097	114994	114994	1	0	114994	114994	114994	114994	14	3	1	
LT934125.1	-	CAGE_cluster_402	402	115587	115587	115587	14.355097	14.355097	115587	115587	1	0	115587	115587	115587	115587	14	2	1	*
LT934125.1	-	CAGE_cluster_403	403	116449	116489	116451	519.176016	119.62581	116450	116485	36	0	116489	116449	116449	116489	519	6	41	***
LT934125.1	-	CAGE_cluster_404	404	116717	116814	116729	162.691101	59.812905	116729	116802	74	0	116814	116717	116717	116814	162	4	98	**
LT934125.1	-	CAGE_cluster_405	405	116867	116867	116867	35.887743	35.887743	116867	116867	1	0	116867	116867	116867	116867	35	2	1	*
LT934125.1	-	CAGE_cluster_406	406	118404	118404	118404	35.887743	35.887743	118404	118404	1	0	118404	118404	118404	118404	35	3	1	*
LT934125.1	-	CAGE_cluster_407	407	118738	118738	118738	14.355097	14.355097	118738	118738	1	0	118738	118738	118738	118738	14	3	1	*
LT934125.1	-	CAGE_cluster_408	408	120883	120883	120883	14.355097	14.355097	120883	120883	1	0	120883	120883	120883	120883	14	1	1	
LT934125.1	-	CAGE_cluster_409	409	124704	124708	124708	514.390985	267.961815	124707	124708	2	0	124708	124704	124704	124708	514	6	5	***
LT934125.1	-	CAGE_cluster_410	410	126999	127023	127001	521.568533	370.840012	127000	127002	3	0	127023	126999	126999	127023	521	6	25	***
LT934125.1	-	CAGE_cluster_411	411	127056	127493	127289	17118.453471	1827.882384	127119	127411	293	0	127493	127056	127056	127493	17118	6	438	***
LT934125.1	-	CAGE_cluster_412	412	127536	127709	127644	961.791515	157.90607	127584	127698	115	0	127709	127536	127536	127709	961	6	174	***
LT934125.1	-	CAGE_cluster_413	413	127874	127877	127876	440.222983	351.699883	127874	127876	3	0	127877	127874	127874	127877	440	6	4	***
LT934125.1	-	CAGE_cluster_414	414	128732	128739	128736	19089.886834	12921.980046	128733	128736	4	0	128739	128732	128732	128739	19089	6	8	***
LT934125.1	-	CAGE_cluster_415	415	128886	128887	128886	102.878197	62.205421	128886	128887	2	0	128887	128886	128886	128887	102	1	2	
LT934125.1	-	CAGE_cluster_416	416	129720	129720	129720	23.925162	23.925162	129720	129720	1	0	129720	129720	129720	129720	23	2	1	
LT934125.1	-	CAGE_cluster_417	417	130833	130837	130837	157.906069	117.233294	130833	130837	5	0	130837	130833	130833	130837	157	5	5	**
LT934125.1	-	CAGE_cluster_418	418	133025	133029	133029	509.605953	265.569299	133026	133029	4	0	133029	133025	133025	133029	509	5	5	**
LT934125.1	-	CAGE_cluster_419	419	133280	133280	133280	11.962581	11.962581	133280	133280	1	0	133280	133280	133280	133280	11	3	1	
LT934125.1	-	CAGE_cluster_420	420	134414	134414	134414	19.14013	19.14013	134414	134414	1	0	134414	134414	134414	134414	19	3	1	
LT934125.1	-	CAGE_cluster_421	421	135313	135313	135313	11.962581	11.962581	135313	135313	1	0	135313	135313	135313	135313	11	3	1	*
LT934125.1	-	CAGE_cluster_422	422	135490	135490	135490	14.355097	14.355097	135490	135490	1	0	135490	135490	135490	135490	14	2	1	*
LT934125.1	-	CAGE_cluster_423	423	135717	135717	135717	11.962581	11.962581	135717	135717	1	0	135717	135717	135717	135717	11	3	1	*
LT934125.1	-	CAGE_cluster_424	424	136048	136048	136048	21.532646	21.532646	136048	136048	1	0	136048	136048	136048	136048	21	4	1	**
LT934125.1	-	CAGE_cluster_425	425	136238	136248	136239	9373.878508	8247.003373	136238	136239	2	0	136248	136238	136238	136248	9373	6	11	***
LT934125.1	-	CAGE_cluster_426	426	136410	136410	136410	21.532646	21.532646	136410	136410	1	0	136410	136410	136410	136410	21	2	1	*
LT934125.1	-	CAGE_cluster_427	427	137620	137620	137620	11.962581	11.962581	137620	137620	1	0	137620	137620	137620	137620	11	2	1	
LT934125.1	-	CAGE_cluster_428	428	139916	139916	139916	11.962581	11.962581	139916	139916	1	0	139916	139916	139916	139916	11	2	1	
LT934125.1	-	CAGE_cluster_429	429	141728	141776	141728	90.915616	43.065292	141728	141776	49	0	141776	141728	141728	141776	90	4	49	**
LT934125.1	-	CAGE_cluster_430	430	141887	141917	141892	220.111492	167.476135	141892	141893	2	0	141917	141887	141887	141917	220	5	31	**
LT934125.1	-	CAGE_cluster_431	431	142425	142430	142428	509.605952	220.111491	142427	142430	4	0	142430	142425	142425	142430	509	2	6	*
