hpi	cell_line	seqnames	strand	cluster	cluster_start	cluster_end	cluster_peak	cluster_width	cluster_total_count	meta_cluster
12h	C6	LT934125.1	-	20	3870	3942	3910	73	123	1
12h	C6	LT934125.1	-	52	9449	9534	9494	86	343	2
12h	C6	LT934125.1	-	102	17279	17379	17341	101	204	3
12h	C6	LT934125.1	-	127	19423	19483	19471	61	917	4
12h	C6	LT934125.1	-	174	25273	25315	25313	43	105	5
12h	C6	LT934125.1	-	201	29342	29427	29412	86	3436	6
12h	C6	LT934125.1	-	215	30873	30917	30877	45	85	7
12h	C6	LT934125.1	-	292	41981	41997	41995	17	119	8
12h	C6	LT934125.1	-	317	44823	44899	44889	77	397	9
12h	C6	LT934125.1	-	354	51094	51184	51147	91	487	10
12h	C6	LT934125.1	-	382	55352	55397	55378	46	77	11
12h	C6	LT934125.1	-	383	55402	55454	55438	53	117	12
12h	C6	LT934125.1	-	385	55546	55642	55567	97	72	13
12h	C6	LT934125.1	-	386	55655	55738	55685	84	80	14
12h	C6	LT934125.1	-	389	55909	56004	55958	96	72	15
12h	C6	LT934125.1	-	391	56072	56158	56115	87	142	16
12h	C6	LT934125.1	-	392	56161	56200	56188	40	10338	17
12h	C6	LT934125.1	-	401	56915	56953	56946	39	1168	18
12h	C6	LT934125.1	-	418	58542	58575	58570	34	221	19
12h	C6	LT934125.1	-	425	59189	59281	59277	93	187	20
12h	C6	LT934125.1	-	452	63351	63438	63420	88	9181	21
12h	C6	LT934125.1	-	474	65744	65773	65752	30	422	22
12h	C6	LT934125.1	-	496	68879	68922	68886	44	99	23
12h	C6	LT934125.1	-	507	70415	70492	70470	78	142	24
12h	C6	LT934125.1	-	572	80853	80912	80891	60	74	25
12h	C6	LT934125.1	-	584	81792	81864	81804	73	2356	26
12h	C6	LT934125.1	-	585	81876	81900	81897	25	80	27
12h	C6	LT934125.1	-	621	87079	87163	87161	85	349	28
12h	C6	LT934125.1	-	638	89072	89162	89079	91	156	29
12h	C6	LT934125.1	-	662	92894	92973	92933	80	3454	30
12h	C6	LT934125.1	-	670	93623	93665	93654	43	388	31
12h	C6	LT934125.1	-	680	94521	94578	94526	58	345	32
12h	C6	LT934125.1	-	684	94923	95018	94947	96	416	33
12h	C6	LT934125.1	-	696	96552	96640	96596	89	77	34
12h	C6	LT934125.1	-	705	97317	97368	97361	52	717	35
12h	C6	LT934125.1	-	772	107321	107382	107369	62	212	36
12h	C6	LT934125.1	-	774	107536	107603	107559	68	175	37
12h	C6	LT934125.1	-	802	115459	115535	115528	77	147	38
12h	C6	LT934125.1	-	804	115637	115730	115638	94	130	39
12h	C6	LT934125.1	-	822	118983	119067	119058	85	95	40
12h	C6	LT934125.1	-	836	120409	120468	120431	60	87	41
12h	C6	LT934125.1	-	877	126864	126945	126926	82	114	42
12h	C6	LT934125.1	-	878	126949	127011	127002	63	108	43
12h	C6	LT934125.1	-	882	127237	127317	127254	81	112	44
12h	C6	LT934125.1	-	898	128683	128738	128732	56	8911	45
12h	C6	LT934125.1	-	935	136209	136249	136235	41	119	46
12h	C6	LT934125.1	+	3	959	1038	990	80	369	1
12h	C6	LT934125.1	+	6	1295	1375	1337	81	219	2
12h	C6	LT934125.1	+	9	1590	1652	1600	63	298	3
12h	C6	LT934125.1	+	45	7569	7633	7588	65	389	4
12h	C6	LT934125.1	+	57	9103	9163	9113	61	1261	5
12h	C6	LT934125.1	+	59	9260	9325	9270	66	1846	6
12h	C6	LT934125.1	+	63	9548	9609	9548	62	93	7
12h	C6	LT934125.1	+	64	9640	9684	9646	45	912	8
12h	C6	LT934125.1	+	73	10430	10493	10431	64	231	9
12h	C6	LT934125.1	+	83	11780	11864	11793	85	133	10
12h	C6	LT934125.1	+	105	14033	14082	14048	50	2782	11
12h	C6	LT934125.1	+	197	30235	30298	30240	64	132	12
12h	C6	LT934125.1	+	204	31079	31167	31098	89	2589	13
12h	C6	LT934125.1	+	216	31990	32051	32038	62	11404	14
12h	C6	LT934125.1	+	217	32057	32110	32091	54	89	15
12h	C6	LT934125.1	+	218	32116	32180	32161	65	147	16
12h	C6	LT934125.1	+	219	32185	32281	32185	97	107	17
12h	C6	LT934125.1	+	274	44779	44848	44812	70	1713	18
12h	C6	LT934125.1	+	285	46005	46031	46024	27	189	19
12h	C6	LT934125.1	+	312	48559	48621	48567	63	2880	20
12h	C6	LT934125.1	+	337	51148	51244	51235	97	1109	21
12h	C6	LT934125.1	+	351	52432	52525	52460	94	972	22
12h	C6	LT934125.1	+	363	53640	53696	53648	57	1013	23
12h	C6	LT934125.1	+	382	55276	55358	55303	83	191	24
12h	C6	LT934125.1	+	385	55705	55782	55712	78	116	25
12h	C6	LT934125.1	+	406	59011	59106	59068	96	825	26
12h	C6	LT934125.1	+	418	60182	60262	60234	81	253	27
12h	C6	LT934125.1	+	457	66333	66431	66338	99	747	28
12h	C6	LT934125.1	+	486	69237	69293	69244	57	164	29
12h	C6	LT934125.1	+	497	70075	70144	70090	70	114	30
12h	C6	LT934125.1	+	502	70481	70544	70531	64	8002	31
12h	C6	LT934125.1	+	511	71185	71284	71190	100	110	32
12h	C6	LT934125.1	+	523	72751	72766	72759	16	156	33
12h	C6	LT934125.1	+	536	74364	74456	74402	93	2335	34
12h	C6	LT934125.1	+	555	76677	76749	76683	73	222	35
12h	C6	LT934125.1	+	563	78002	78065	78044	64	355	36
12h	C6	LT934125.1	+	578	79413	79456	79444	44	3003	37
12h	C6	LT934125.1	+	663	91399	91463	91409	65	280	38
12h	C6	LT934125.1	+	755	107468	107508	107482	41	118	39
12h	C6	LT934125.1	+	791	114933	115003	114985	71	8781	40
12h	C6	LT934125.1	+	792	115009	115056	115012	48	130	41
12h	C6	LT934125.1	+	808	116367	116438	116429	72	94	42
12h	C6	LT934125.1	+	812	116640	116730	116715	91	91	43
12h	C6	LT934125.1	+	813	116736	116807	116791	72	141	44
12h	C6	LT934125.1	+	819	117516	117613	117607	98	76	45
12h	C6	LT934125.1	+	820	117708	117800	117769	93	74	46
12h	C6	LT934125.1	+	832	118846	118938	118864	93	10570	47
12h	C6	LT934125.1	+	846	119897	119988	119941	92	85	48
12h	C6	LT934125.1	+	852	120483	120575	120555	93	340	49
12h	C6	LT934125.1	+	865	121782	121868	121784	87	1353	50
12h	C6	LT934125.1	+	877	122978	123065	122979	88	1013	51
12h	C6	LT934125.1	+	894	124517	124584	124563	68	74	52
12h	C6	LT934125.1	+	897	124725	124770	124756	46	1188	53
12h	C6	LT934125.1	+	903	125189	125238	125225	50	4925	54
12h	C6	LT934125.1	+	924	127987	128073	128061	87	110	55
12h	C6	LT934125.1	+	925	128076	128136	128083	61	74	56
12h	C6	LT934125.1	+	926	128182	128258	128189	77	147	57
12h	C6	LT934125.1	+	954	136114	136181	136158	68	174	58
12h	C6	LT934125.1	+	956	136335	136396	136348	62	211	59
1h	C6	LT934125.1	+	2	1332	1337	1334	6	11	59
1h	C6	LT934125.1	+	5	9267	9272	9270	6	16	59
1h	C6	LT934125.1	+	10	14048	14054	14048	7	11	59
1h	C6	LT934125.1	+	18	31096	31098	31098	3	8	59
1h	C6	LT934125.1	+	22	44810	44812	44812	3	7	59
1h	C6	LT934125.1	+	28	48567	48581	48567	15	33	59
1h	C6	LT934125.1	+	30	52444	52461	52460	18	14	59
1h	C6	LT934125.1	+	34	59011	59073	59068	63	25	59
1h	C6	LT934125.1	+	40	70529	70534	70531	6	16	59
1h	C6	LT934125.1	+	42	74400	74403	74402	4	6	59
1h	C6	LT934125.1	+	46	79418	79444	79440	27	7	59
1h	C6	LT934125.1	+	50	114985	114988	114985	4	58	59
1h	C6	LT934125.1	+	55	118860	118866	118864	7	50	59
1h	C6	LT934125.1	+	61	121784	121786	121784	3	11	59
1h	C6	LT934125.1	+	63	122979	122981	122981	3	7	59
1h	C6	LT934125.1	+	68	125222	125236	125223	15	36	59
1h	C6	LT934125.1	-	2	3908	3910	3908	3	8	46
1h	C6	LT934125.1	-	3	9494	9498	9494	5	8	46
1h	C6	LT934125.1	-	9	19467	19514	19473	48	8	46
1h	C6	LT934125.1	-	14	25232	25313	25232	82	6	46
1h	C6	LT934125.1	-	19	34405	34480	34474	76	7	46
1h	C6	LT934125.1	-	23	51142	51147	51147	6	11	46
1h	C6	LT934125.1	-	26	56111	56194	56188	84	46	46
1h	C6	LT934125.1	-	28	63410	63420	63420	11	9	46
1h	C6	LT934125.1	-	40	97317	97361	97344	45	37	46
1h	C6	LT934125.1	-	45	128729	128732	128732	4	58	46
2h	C6	LT934125.1	+	4	1334	1351	1337	18	15	59
2h	C6	LT934125.1	+	9	9267	9314	9270	48	19	59
2h	C6	LT934125.1	+	11	9643	9689	9644	47	5	59
2h	C6	LT934125.1	+	12	14048	14051	14048	4	5	59
2h	C6	LT934125.1	+	20	44810	44812	44810	3	5	59
2h	C6	LT934125.1	+	22	48565	48575	48567	11	37	59
2h	C6	LT934125.1	+	26	51152	51240	51152	89	8	59
2h	C6	LT934125.1	+	28	52440	52484	52460	45	9	59
2h	C6	LT934125.1	+	29	59041	59095	59068	55	64	59
2h	C6	LT934125.1	+	43	70528	70535	70531	8	34	59
2h	C6	LT934125.1	+	46	74400	74403	74400	4	15	59
2h	C6	LT934125.1	+	51	79439	79454	79444	16	19	59
2h	C6	LT934125.1	+	59	91383	91414	91409	32	6	59
2h	C6	LT934125.1	+	62	114985	115083	114985	99	98	59
2h	C6	LT934125.1	+	68	118860	118873	118864	14	45	59
2h	C6	LT934125.1	+	76	125221	125302	125223	82	32	59
2h	C6	LT934125.1	-	7	9494	9498	9494	5	12	46
2h	C6	LT934125.1	-	15	29404	29414	29409	11	10	46
2h	C6	LT934125.1	-	21	51145	51147	51147	3	8	46
2h	C6	LT934125.1	-	24	56114	56194	56188	81	61	46
2h	C6	LT934125.1	-	26	63415	63420	63420	6	50	46
2h	C6	LT934125.1	-	30	81804	81895	81804	92	8	46
2h	C6	LT934125.1	-	40	97297	97361	97361	65	25	46
2h	C6	LT934125.1	-	55	128634	128732	128732	99	98	46
4h	C6	LT934125.1	-	1	3847	3942	3910	96	8	46
4h	C6	LT934125.1	-	7	9462	9534	9494	73	15	46
4h	C6	LT934125.1	-	17	19470	19473	19471	4	27	46
4h	C6	LT934125.1	-	26	29407	29414	29414	8	39	46
4h	C6	LT934125.1	-	39	51094	51147	51147	54	11	46
4h	C6	LT934125.1	-	43	56115	56194	56188	80	87	46
4h	C6	LT934125.1	-	46	56946	56947	56946	2	9	46
4h	C6	LT934125.1	-	51	63410	63420	63420	11	166	46
4h	C6	LT934125.1	-	55	65749	65752	65752	4	9	46
4h	C6	LT934125.1	-	65	81804	81874	81804	71	32	46
4h	C6	LT934125.1	-	66	87157	87250	87157	94	10	46
4h	C6	LT934125.1	-	72	92927	92936	92933	10	28	46
4h	C6	LT934125.1	-	73	93653	93654	93654	2	5	46
4h	C6	LT934125.1	-	74	94526	94529	94526	4	5	46
4h	C6	LT934125.1	-	75	94943	94947	94947	5	5	46
4h	C6	LT934125.1	-	81	97334	97367	97339	34	20	46
4h	C6	LT934125.1	-	94	128661	128738	128732	78	223	46
4h	C6	LT934125.1	+	2	982	990	990	9	17	59
4h	C6	LT934125.1	+	3	1334	1393	1334	60	13	59
4h	C6	LT934125.1	+	4	1593	1603	1600	11	8	59
4h	C6	LT934125.1	+	7	7588	7596	7591	9	9	59
4h	C6	LT934125.1	+	9	9020	9113	9020	94	6	59
4h	C6	LT934125.1	+	10	9267	9274	9270	8	18	59
4h	C6	LT934125.1	+	11	9643	9646	9646	4	7	59
4h	C6	LT934125.1	+	15	14044	14053	14048	10	35	59
4h	C6	LT934125.1	+	23	31095	31098	31098	4	34	59
4h	C6	LT934125.1	+	25	31982	32039	32036	58	30	59
4h	C6	LT934125.1	+	29	44810	44813	44812	4	21	59
4h	C6	LT934125.1	+	31	46024	46027	46025	4	5	59
4h	C6	LT934125.1	+	38	48567	48599	48567	33	51	59
4h	C6	LT934125.1	+	43	51148	51238	51235	91	19	59
4h	C6	LT934125.1	+	44	52460	52494	52460	35	18	59
4h	C6	LT934125.1	+	47	53648	53649	53648	2	10	59
4h	C6	LT934125.1	+	51	59044	59073	59068	30	33	59
4h	C6	LT934125.1	+	69	70529	70535	70529	7	71	59
4h	C6	LT934125.1	+	74	74335	74406	74402	72	21	59
4h	C6	LT934125.1	+	75	78040	78062	78040	23	7	59
4h	C6	LT934125.1	+	76	79440	79447	79444	8	24	59
4h	C6	LT934125.1	+	83	91409	91476	91409	68	9	59
4h	C6	LT934125.1	+	90	114979	115056	114985	78	222	59
4h	C6	LT934125.1	+	97	118791	118868	118864	78	139	59
4h	C6	LT934125.1	+	107	121715	121795	121784	81	21	59
4h	C6	LT934125.1	+	109	122978	122983	122979	6	23	59
4h	C6	LT934125.1	+	115	124716	124758	124756	43	20	59
4h	C6	LT934125.1	+	117	125223	125230	125225	8	62	59
6h	C6	LT934125.1	+	3	960	997	990	38	71	59
6h	C6	LT934125.1	+	5	1314	1396	1337	83	76	59
6h	C6	LT934125.1	+	6	1583	1604	1600	22	39	59
6h	C6	LT934125.1	+	14	7588	7596	7588	9	39	59
6h	C6	LT934125.1	+	21	9107	9145	9113	39	30	59
6h	C6	LT934125.1	+	22	9267	9343	9270	77	160	59
6h	C6	LT934125.1	+	25	9640	9708	9646	69	49	59
6h	C6	LT934125.1	+	30	10431	10433	10431	3	9	59
6h	C6	LT934125.1	+	42	14022	14054	14048	33	241	59
6h	C6	LT934125.1	+	47	15099	15170	15099	72	6	59
6h	C6	LT934125.1	+	59	25420	25424	25422	5	9	59
6h	C6	LT934125.1	+	72	30235	30293	30235	59	20	59
6h	C6	LT934125.1	+	76	31093	31149	31098	57	190	59
6h	C6	LT934125.1	+	81	32028	32095	32036	68	261	59
6h	C6	LT934125.1	+	95	44807	44833	44812	27	156	59
6h	C6	LT934125.1	+	100	46010	46032	46024	23	20	59
6h	C6	LT934125.1	+	101	46233	46270	46233	38	22	59
6h	C6	LT934125.1	+	106	47282	47344	47319	63	8	59
6h	C6	LT934125.1	+	114	48565	48608	48567	44	239	59
6h	C6	LT934125.1	+	127	51230	51282	51235	53	107	59
6h	C6	LT934125.1	+	135	52437	52464	52460	28	131	59
6h	C6	LT934125.1	+	136	52484	52549	52484	66	8	59
6h	C6	LT934125.1	+	142	53644	53655	53648	12	62	59
6h	C6	LT934125.1	+	153	55303	55353	55324	51	8	59
6h	C6	LT934125.1	+	161	59039	59100	59068	62	235	59
6h	C6	LT934125.1	+	168	60232	60260	60234	29	27	59
6h	C6	LT934125.1	+	182	66335	66344	66338	10	44	59
6h	C6	LT934125.1	+	194	69198	69247	69237	50	6	59
6h	C6	LT934125.1	+	198	69994	70090	70090	97	16	59
6h	C6	LT934125.1	+	201	70525	70561	70531	37	374	59
6h	C6	LT934125.1	+	210	72694	72763	72759	70	7	59
6h	C6	LT934125.1	+	212	74396	74448	74400	53	203	59
6h	C6	LT934125.1	+	220	76674	76688	76683	15	22	59
6h	C6	LT934125.1	+	222	76990	77058	76990	69	8	59
6h	C6	LT934125.1	+	226	78035	78099	78044	65	69	59
6h	C6	LT934125.1	+	233	79437	79517	79444	81	229	59
6h	C6	LT934125.1	+	236	79734	79825	79734	92	7	59
6h	C6	LT934125.1	+	257	90369	90381	90381	13	6	59
6h	C6	LT934125.1	+	262	91360	91415	91409	56	27	59
6h	C6	LT934125.1	+	279	107429	107485	107482	57	15	59
6h	C6	LT934125.1	+	289	114979	115075	114985	97	944	59
6h	C6	LT934125.1	+	292	115731	115829	115815	99	7	59
6h	C6	LT934125.1	+	293	115914	115946	115914	33	6	59
6h	C6	LT934125.1	+	295	116139	116216	116170	78	10	59
6h	C6	LT934125.1	+	298	116429	116487	116429	59	7	59
6h	C6	LT934125.1	+	300	116607	116649	116622	43	6	59
6h	C6	LT934125.1	+	301	116696	116768	116696	73	6	59
6h	C6	LT934125.1	+	304	117768	117791	117769	24	17	59
6h	C6	LT934125.1	+	311	118859	118876	118864	18	568	59
6h	C6	LT934125.1	+	313	119157	119230	119157	74	6	59
6h	C6	LT934125.1	+	317	119693	119763	119693	71	6	59
6h	C6	LT934125.1	+	318	119808	119871	119808	64	8	59
6h	C6	LT934125.1	+	324	120555	120624	120555	70	42	59
6h	C6	LT934125.1	+	331	121783	121837	121784	55	171	59
6h	C6	LT934125.1	+	338	122922	122988	122979	67	107	59
6h	C6	LT934125.1	+	347	124252	124316	124306	65	6	59
6h	C6	LT934125.1	+	348	124369	124462	124369	94	6	59
6h	C6	LT934125.1	+	350	124756	124791	124756	36	80	59
6h	C6	LT934125.1	+	353	125177	125272	125225	96	325	59
6h	C6	LT934125.1	+	362	128051	128079	128061	29	11	59
6h	C6	LT934125.1	+	365	136117	136158	136158	42	8	59
6h	C6	LT934125.1	+	367	136338	136372	136348	35	9	59
6h	C6	LT934125.1	-	6	3838	3912	3910	75	54	46
6h	C6	LT934125.1	-	8	4146	4210	4210	65	6	46
6h	C6	LT934125.1	-	11	4893	4927	4925	35	8	46
6h	C6	LT934125.1	-	20	9420	9499	9494	80	78	46
6h	C6	LT934125.1	-	21	9526	9592	9526	67	6	46
6h	C6	LT934125.1	-	31	17303	17363	17303	61	8	46
6h	C6	LT934125.1	-	37	17970	18019	17978	50	7	46
6h	C6	LT934125.1	-	45	19440	19533	19471	94	147	46
6h	C6	LT934125.1	-	52	21939	21967	21939	29	7	46
6h	C6	LT934125.1	-	65	25309	25320	25313	12	16	46
6h	C6	LT934125.1	-	72	29238	29316	29291	79	10	46
6h	C6	LT934125.1	-	73	29359	29417	29412	59	250	46
6h	C6	LT934125.1	-	74	29507	29572	29507	66	9	46
6h	C6	LT934125.1	-	80	30822	30882	30877	61	19	46
6h	C6	LT934125.1	-	85	32836	32870	32842	35	7	46
6h	C6	LT934125.1	-	93	34405	34480	34474	76	36	46
6h	C6	LT934125.1	-	109	44886	44893	44889	8	17	46
6h	C6	LT934125.1	-	119	50982	51055	51055	74	8	46
6h	C6	LT934125.1	-	120	51093	51149	51147	57	73	46
6h	C6	LT934125.1	-	136	56115	56150	56115	36	6	46
6h	C6	LT934125.1	-	137	56173	56222	56188	50	466	46
6h	C6	LT934125.1	-	140	56940	56996	56946	57	60	46
6h	C6	LT934125.1	-	145	58565	58572	58570	8	17	46
6h	C6	LT934125.1	-	153	63359	63423	63420	65	1777	46
6h	C6	LT934125.1	-	163	65746	65752	65752	7	43	46
6h	C6	LT934125.1	-	191	80582	80655	80582	74	8	46
6h	C6	LT934125.1	-	193	80796	80862	80796	67	9	46
6h	C6	LT934125.1	-	194	81035	81130	81130	96	7	46
6h	C6	LT934125.1	-	195	81205	81304	81205	100	6	46
6h	C6	LT934125.1	-	198	81748	81842	81804	95	228	46
6h	C6	LT934125.1	-	199	81864	81919	81897	56	16	46
6h	C6	LT934125.1	-	211	87123	87161	87161	39	31	46
6h	C6	LT934125.1	-	213	87380	87447	87447	68	6	46
6h	C6	LT934125.1	-	222	92750	92830	92750	81	6	46
6h	C6	LT934125.1	-	223	92909	92936	92933	28	167	46
6h	C6	LT934125.1	-	227	93623	93654	93654	32	31	46
6h	C6	LT934125.1	-	228	94459	94529	94526	71	26	46
6h	C6	LT934125.1	-	229	94917	95014	94947	98	36	46
6h	C6	LT934125.1	-	234	96561	96614	96601	54	11	46
6h	C6	LT934125.1	-	239	97291	97361	97339	71	143	46
6h	C6	LT934125.1	-	251	107345	107379	107369	35	9	46
6h	C6	LT934125.1	-	253	107559	107600	107559	42	8	46
6h	C6	LT934125.1	-	256	115638	115666	115656	29	11	46
6h	C6	LT934125.1	-	259	118376	118400	118400	25	7	46
6h	C6	LT934125.1	-	272	126949	127021	126949	73	6	46
6h	C6	LT934125.1	-	273	127068	127110	127095	43	6	46
6h	C6	LT934125.1	-	275	127230	127288	127230	59	7	46
6h	C6	LT934125.1	-	278	127501	127578	127522	78	10	46
6h	C6	LT934125.1	-	280	127771	127803	127771	33	6	46
6h	C6	LT934125.1	-	281	127888	127986	127902	99	7	46
6h	C6	LT934125.1	-	284	128642	128738	128732	97	946	46
6h	C6	LT934125.1	-	294	136232	136288	136233	57	15	46
8h	C6	LT934125.1	-	15	3877	3942	3910	66	56	46
8h	C6	LT934125.1	-	34	9455	9533	9494	79	164	46
8h	C6	LT934125.1	-	52	17333	17407	17341	75	40	46
8h	C6	LT934125.1	-	53	17440	17509	17440	70	19	46
8h	C6	LT934125.1	-	54	17537	17626	17551	90	16	46
8h	C6	LT934125.1	-	64	19466	19514	19471	49	134	46
8h	C6	LT934125.1	-	71	21888	21944	21941	57	29	46
8h	C6	LT934125.1	-	89	25230	25313	25313	84	28	46
8h	C6	LT934125.1	-	101	29364	29424	29414	61	839	46
8h	C6	LT934125.1	-	126	34430	34478	34478	49	38	46
8h	C6	LT934125.1	-	147	44842	44893	44889	52	46	46
8h	C6	LT934125.1	-	162	50592	50641	50641	50	16	46
8h	C6	LT934125.1	-	167	51052	51129	51094	78	24	46
8h	C6	LT934125.1	-	168	51139	51184	51147	46	224	46
8h	C6	LT934125.1	-	181	55362	55439	55438	78	19	46
8h	C6	LT934125.1	-	189	56081	56156	56115	76	21	46
8h	C6	LT934125.1	-	190	56168	56222	56188	55	1382	46
8h	C6	LT934125.1	-	197	56936	57036	56946	101	107	46
8h	C6	LT934125.1	-	203	58490	58575	58570	86	20	46
8h	C6	LT934125.1	-	212	63256	63331	63310	76	18	46
8h	C6	LT934125.1	-	213	63342	63438	63420	97	5602	46
8h	C6	LT934125.1	-	229	65685	65756	65752	72	79	46
8h	C6	LT934125.1	-	271	80517	80607	80517	91	16	46
8h	C6	LT934125.1	-	272	80633	80679	80633	47	20	46
8h	C6	LT934125.1	-	275	80853	80940	80854	88	32	46
8h	C6	LT934125.1	-	284	81802	81897	81804	96	338	46
8h	C6	LT934125.1	-	294	87137	87215	87161	79	78	46
8h	C6	LT934125.1	-	296	87392	87448	87447	57	20	46
8h	C6	LT934125.1	-	303	89072	89165	89079	94	32	46
8h	C6	LT934125.1	-	314	92879	92967	92933	89	454	46
8h	C6	LT934125.1	-	319	93646	93654	93654	9	83	46
8h	C6	LT934125.1	-	322	94481	94536	94526	56	71	46
8h	C6	LT934125.1	-	324	94943	94973	94947	31	72	46
8h	C6	LT934125.1	-	333	96566	96606	96596	41	18	46
8h	C6	LT934125.1	-	339	97321	97367	97339	47	269	46
8h	C6	LT934125.1	-	364	107543	107613	107559	71	37	46
8h	C6	LT934125.1	-	373	115505	115532	115528	28	20	46
8h	C6	LT934125.1	-	383	119910	119992	119910	83	18	46
8h	C6	LT934125.1	-	397	126864	126926	126885	63	16	46
8h	C6	LT934125.1	-	399	127001	127081	127002	81	22	46
8h	C6	LT934125.1	-	400	127112	127179	127126	68	20	46
8h	C6	LT934125.1	-	401	127191	127264	127254	74	23	46
8h	C6	LT934125.1	-	402	127279	127362	127314	84	23	46
8h	C6	LT934125.1	-	403	127396	127472	127434	77	20	46
8h	C6	LT934125.1	-	404	127522	127620	127547	99	33	46
8h	C6	LT934125.1	-	413	128680	128738	128732	59	1807	46
8h	C6	LT934125.1	-	424	136208	136247	136235	40	46	46
8h	C6	LT934125.1	-	425	136267	136328	136285	62	23	46
8h	C6	LT934125.1	+	4	952	1007	990	56	67	59
8h	C6	LT934125.1	+	5	1292	1375	1337	84	142	59
8h	C6	LT934125.1	+	7	1590	1660	1600	71	59	59
8h	C6	LT934125.1	+	20	7584	7636	7588	53	127	59
8h	C6	LT934125.1	+	27	9107	9151	9113	45	109	59
8h	C6	LT934125.1	+	28	9237	9301	9270	65	456	59
8h	C6	LT934125.1	+	31	9477	9556	9548	80	30	59
8h	C6	LT934125.1	+	32	9640	9723	9646	84	148	59
8h	C6	LT934125.1	+	40	10430	10438	10431	9	17	59
8h	C6	LT934125.1	+	53	14016	14054	14048	39	384	59
8h	C6	LT934125.1	+	95	30235	30329	30240	95	21	59
8h	C6	LT934125.1	+	99	31090	31152	31098	63	393	59
8h	C6	LT934125.1	+	106	31994	32050	32038	57	1511	59
8h	C6	LT934125.1	+	107	32062	32118	32091	57	18	59
8h	C6	LT934125.1	+	108	32131	32194	32145	64	19	59
8h	C6	LT934125.1	+	126	44779	44852	44812	74	385	59
8h	C6	LT934125.1	+	150	48559	48599	48567	41	1377	59
8h	C6	LT934125.1	+	151	48611	48670	48622	60	21	59
8h	C6	LT934125.1	+	152	48685	48773	48691	89	20	59
8h	C6	LT934125.1	+	154	48850	48933	48868	84	19	59
8h	C6	LT934125.1	+	158	49196	49261	49196	66	16	59
8h	C6	LT934125.1	+	168	51232	51302	51235	71	209	59
8h	C6	LT934125.1	+	176	52435	52494	52460	60	270	59
8h	C6	LT934125.1	+	186	53643	53696	53648	54	94	59
8h	C6	LT934125.1	+	214	59038	59080	59068	43	391	59
8h	C6	LT934125.1	+	226	60233	60260	60234	28	40	59
8h	C6	LT934125.1	+	240	66337	66359	66338	23	61	59
8h	C6	LT934125.1	+	251	69198	69252	69244	55	17	59
8h	C6	LT934125.1	+	258	70012	70095	70090	84	28	59
8h	C6	LT934125.1	+	261	70490	70576	70531	87	1143	59
8h	C6	LT934125.1	+	265	70952	71043	71043	92	16	59
8h	C6	LT934125.1	+	272	72758	72788	72759	31	18	59
8h	C6	LT934125.1	+	280	74397	74435	74400	39	568	59
8h	C6	LT934125.1	+	291	76677	76692	76683	16	42	59
8h	C6	LT934125.1	+	296	78018	78062	78044	45	103	59
8h	C6	LT934125.1	+	307	79428	79492	79444	65	905	59
8h	C6	LT934125.1	+	311	79753	79825	79781	73	21	59
8h	C6	LT934125.1	+	349	91350	91415	91409	66	99	59
8h	C6	LT934125.1	+	382	107389	107450	107392	62	23	59
8h	C6	LT934125.1	+	383	107470	107509	107482	40	46	59
8h	C6	LT934125.1	+	394	114979	115037	114985	59	1800	59
8h	C6	LT934125.1	+	404	116097	116195	116170	99	33	59
8h	C6	LT934125.1	+	405	116245	116321	116283	77	20	59
8h	C6	LT934125.1	+	407	116420	116475	116453	56	20	59
8h	C6	LT934125.1	+	408	116483	116559	116552	77	20	59
8h	C6	LT934125.1	+	409	116581	116663	116582	83	19	59
8h	C6	LT934125.1	+	410	116682	116742	116682	61	21	59
8h	C6	LT934125.1	+	411	116754	116852	116791	99	25	59
8h	C6	LT934125.1	+	413	117769	117789	117769	21	20	59
8h	C6	LT934125.1	+	421	118857	118927	118864	71	1864	59
8h	C6	LT934125.1	+	431	119763	119826	119763	64	17	59
8h	C6	LT934125.1	+	439	120554	120635	120555	82	43	59
8h	C6	LT934125.1	+	446	121777	121837	121784	61	300	59
8h	C6	LT934125.1	+	454	122922	122991	122979	70	178	59
8h	C6	LT934125.1	+	462	124295	124348	124302	54	18	59
8h	C6	LT934125.1	+	467	124725	124790	124756	66	194	59
8h	C6	LT934125.1	+	472	125193	125288	125225	96	1210	59
8h	C6	LT934125.1	+	485	128185	128212	128189	28	21	59
8h	C6	LT934125.1	+	494	136104	136174	136158	71	37	59
1h	NRK	LT934125.1	+	8	48567	48570	48567	4	7	59
1h	NRK	LT934125.1	+	11	52440	52460	52460	21	5	59
1h	NRK	LT934125.1	+	12	59068	59070	59068	3	6	59
1h	NRK	LT934125.1	+	18	118860	118866	118864	7	10	59
1h	NRK	LT934125.1	+	23	125223	125225	125223	3	7	59
1h	NRK	LT934125.1	-	9	97321	97361	97337	41	15	46
2h	NRK	LT934125.1	+	3	1334	1339	1334	6	5	59
2h	NRK	LT934125.1	+	6	9267	9270	9270	4	6	59
2h	NRK	LT934125.1	+	12	31097	31098	31098	2	7	59
2h	NRK	LT934125.1	+	16	44809	44812	44810	4	6	59
2h	NRK	LT934125.1	+	20	48567	48570	48567	4	26	59
2h	NRK	LT934125.1	+	22	51230	51238	51230	9	5	59
2h	NRK	LT934125.1	+	23	52444	52462	52460	19	9	59
2h	NRK	LT934125.1	+	25	59044	59074	59044	31	16	59
2h	NRK	LT934125.1	+	29	70529	70547	70529	19	7	59
2h	NRK	LT934125.1	+	33	79440	79445	79444	6	9	59
2h	NRK	LT934125.1	+	40	114985	114988	114985	4	13	59
2h	NRK	LT934125.1	+	45	118857	118866	118864	10	18	59
2h	NRK	LT934125.1	+	49	122979	122983	122979	5	6	59
2h	NRK	LT934125.1	+	51	125217	125225	125223	9	14	59
2h	NRK	LT934125.1	-	5	9494	9500	9494	7	6	46
2h	NRK	LT934125.1	-	9	29408	29414	29412	7	5	46
2h	NRK	LT934125.1	-	17	56182	56194	56194	13	10	46
2h	NRK	LT934125.1	-	28	97295	97361	97339	67	34	46
2h	NRK	LT934125.1	-	35	128729	128732	128732	4	13	46
0.5h	PC-12	LT934125.1	-	3	56188	56194	56188	7	5	46
1.5h	PC-12	LT934125.1	+	2	1302	1345	1337	44	13	59
1.5h	PC-12	LT934125.1	+	4	9267	9274	9270	8	12	59
1.5h	PC-12	LT934125.1	+	9	31098	31098	31098	1	6	59
1.5h	PC-12	LT934125.1	+	15	48565	48571	48567	7	28	59
1.5h	PC-12	LT934125.1	+	17	51230	51235	51235	6	10	59
1.5h	PC-12	LT934125.1	+	18	52444	52460	52460	17	18	59
1.5h	PC-12	LT934125.1	+	20	59044	59070	59068	27	31	59
1.5h	PC-12	LT934125.1	+	26	70529	70534	70529	6	11	59
1.5h	PC-12	LT934125.1	+	27	74400	74402	74400	3	6	59
1.5h	PC-12	LT934125.1	+	30	79440	79454	79444	15	16	59
1.5h	PC-12	LT934125.1	+	35	114985	114988	114985	4	23	59
1.5h	PC-12	LT934125.1	+	39	117769	117769	117769	1	5	59
1.5h	PC-12	LT934125.1	+	42	118860	118866	118864	7	28	59
1.5h	PC-12	LT934125.1	+	49	124756	124796	124756	41	5	59
1.5h	PC-12	LT934125.1	+	50	125221	125225	125225	5	21	59
1.5h	PC-12	LT934125.1	-	1	3908	3914	3910	7	10	46
1.5h	PC-12	LT934125.1	-	4	9494	9500	9494	7	9	46
1.5h	PC-12	LT934125.1	-	21	51144	51147	51147	4	5	46
1.5h	PC-12	LT934125.1	-	23	56185	56194	56188	10	14	46
1.5h	PC-12	LT934125.1	-	24	63420	63424	63420	5	10	46
1.5h	PC-12	LT934125.1	-	37	97271	97366	97337	96	38	46
1.5h	PC-12	LT934125.1	-	45	128729	128732	128732	4	23	46
12h	PC-12	LT934125.1	-	50	9486	9533	9494	48	166	46
12h	PC-12	LT934125.1	-	95	17297	17379	17341	83	181	46
12h	PC-12	LT934125.1	-	119	19455	19533	19471	79	1082	46
12h	PC-12	LT934125.1	-	133	21923	21994	21941	72	100	46
12h	PC-12	LT934125.1	-	183	29378	29432	29411	55	4190	46
12h	PC-12	LT934125.1	-	205	32778	32874	32842	97	76	46
12h	PC-12	LT934125.1	-	263	41946	42003	41995	58	124	46
12h	PC-12	LT934125.1	-	288	44876	44893	44889	18	138	46
12h	PC-12	LT934125.1	-	325	51129	51198	51147	70	380	46
12h	PC-12	LT934125.1	-	352	55355	55454	55378	100	103	46
12h	PC-12	LT934125.1	-	353	55460	55553	55523	94	75	46
12h	PC-12	LT934125.1	-	363	56176	56212	56188	37	4297	46
12h	PC-12	LT934125.1	-	371	56915	56981	56946	67	505	46
12h	PC-12	LT934125.1	-	381	58531	58613	58570	83	93	46
12h	PC-12	LT934125.1	-	386	59233	59281	59277	49	121	46
12h	PC-12	LT934125.1	-	406	63300	63367	63315	68	94	46
12h	PC-12	LT934125.1	-	407	63374	63452	63420	79	46904	46
12h	PC-12	LT934125.1	-	413	64113	64129	64125	17	100	46
12h	PC-12	LT934125.1	-	427	65718	65784	65750	67	284	46
12h	PC-12	LT934125.1	-	458	70388	70478	70451	91	185	46
12h	PC-12	LT934125.1	-	506	80628	80724	80657	97	79	46
12h	PC-12	LT934125.1	-	508	80820	80916	80868	97	105	46
12h	PC-12	LT934125.1	-	519	81800	81897	81804	98	1733	46
12h	PC-12	LT934125.1	-	545	87150	87217	87161	68	268	46
12h	PC-12	LT934125.1	-	579	92879	92953	92933	75	2023	46
12h	PC-12	LT934125.1	-	587	93650	93700	93654	51	212	46
12h	PC-12	LT934125.1	-	599	94885	94950	94947	66	447	46
12h	PC-12	LT934125.1	-	620	97307	97367	97361	61	270	46
12h	PC-12	LT934125.1	-	668	107343	107419	107369	77	87	46
12h	PC-12	LT934125.1	-	669	107493	107579	107559	87	173	46
12h	PC-12	LT934125.1	-	700	115496	115543	115528	48	85	46
12h	PC-12	LT934125.1	-	702	115640	115716	115648	77	106	46
12h	PC-12	LT934125.1	-	726	119896	119937	119910	42	121	46
12h	PC-12	LT934125.1	-	730	120393	120442	120431	50	119	46
12h	PC-12	LT934125.1	-	770	126925	127017	126958	93	126	46
12h	PC-12	LT934125.1	-	789	128678	128738	128732	61	5984	46
12h	PC-12	LT934125.1	-	820	136183	136244	136235	62	202	46
12h	PC-12	LT934125.1	+	3	955	1019	990	65	161	59
12h	PC-12	LT934125.1	+	6	1295	1369	1337	75	121	59
12h	PC-12	LT934125.1	+	9	1583	1655	1600	73	395	59
12h	PC-12	LT934125.1	+	34	7553	7599	7588	47	254	59
12h	PC-12	LT934125.1	+	46	9069	9133	9113	65	1007	59
12h	PC-12	LT934125.1	+	48	9208	9274	9270	67	1604	59
12h	PC-12	LT934125.1	+	53	9640	9687	9643	48	807	59
12h	PC-12	LT934125.1	+	62	10430	10484	10431	55	128	59
12h	PC-12	LT934125.1	+	74	11791	11803	11793	13	86	59
12h	PC-12	LT934125.1	+	93	14016	14054	14048	39	805	59
12h	PC-12	LT934125.1	+	174	31088	31181	31098	94	1259	59
12h	PC-12	LT934125.1	+	183	31994	32051	32038	58	14491	59
12h	PC-12	LT934125.1	+	184	32056	32110	32091	55	102	59
12h	PC-12	LT934125.1	+	185	32112	32174	32161	63	126	59
12h	PC-12	LT934125.1	+	187	32239	32328	32269	90	77	59
12h	PC-12	LT934125.1	+	235	44728	44818	44812	91	1522	59
12h	PC-12	LT934125.1	+	247	46005	46059	46023	55	102	59
12h	PC-12	LT934125.1	+	273	48565	48622	48567	58	1718	59
12h	PC-12	LT934125.1	+	296	51231	51264	51235	34	666	59
12h	PC-12	LT934125.1	+	309	52434	52504	52460	71	755	59
12h	PC-12	LT934125.1	+	321	53606	53669	53648	64	891	59
12h	PC-12	LT934125.1	+	338	55295	55359	55352	65	117	59
12h	PC-12	LT934125.1	+	342	55702	55791	55712	90	99	59
12h	PC-12	LT934125.1	+	361	59032	59124	59068	93	521	59
12h	PC-12	LT934125.1	+	373	60230	60260	60235	31	217	59
12h	PC-12	LT934125.1	+	412	66335	66401	66338	67	432	59
12h	PC-12	LT934125.1	+	439	69228	69301	69237	74	201	59
12h	PC-12	LT934125.1	+	451	70088	70144	70090	57	95	59
12h	PC-12	LT934125.1	+	456	70490	70544	70531	55	5254	59
12h	PC-12	LT934125.1	+	474	72755	72820	72759	66	77	59
12h	PC-12	LT934125.1	+	484	74397	74461	74402	65	1269	59
12h	PC-12	LT934125.1	+	526	79432	79500	79444	69	2572	59
12h	PC-12	LT934125.1	+	600	91407	91485	91409	79	203	59
12h	PC-12	LT934125.1	+	611	92451	92510	92453	60	96	59
12h	PC-12	LT934125.1	+	695	107473	107534	107482	62	202	59
12h	PC-12	LT934125.1	+	726	114979	115039	114985	61	5972	59
12h	PC-12	LT934125.1	+	746	116722	116777	116759	56	77	59
12h	PC-12	LT934125.1	+	761	118852	118938	118864	87	7521	59
12h	PC-12	LT934125.1	+	776	120051	120138	120081	88	76	59
12h	PC-12	LT934125.1	+	778	120238	120331	120312	94	85	59
12h	PC-12	LT934125.1	+	780	120554	120561	120555	8	155	59
12h	PC-12	LT934125.1	+	793	121783	121858	121784	76	1197	59
12h	PC-12	LT934125.1	+	806	122978	123038	122979	61	493	59
12h	PC-12	LT934125.1	+	824	124725	124766	124756	42	1095	59
12h	PC-12	LT934125.1	+	830	125177	125236	125225	60	2399	59
12h	PC-12	LT934125.1	+	850	128001	128073	128061	73	106	59
12h	PC-12	LT934125.1	+	852	128174	128221	128189	48	86	59
12h	PC-12	LT934125.1	+	883	136138	136224	136158	87	173	59
12h	PC-12	LT934125.1	+	884	136298	136374	136348	77	88	59
1h	PC-12	LT934125.1	-	3	9494	9494	9494	1	5	46
1h	PC-12	LT934125.1	-	14	34436	34478	34474	43	6	46
1h	PC-12	LT934125.1	-	17	51146	51147	51147	2	10	46
1h	PC-12	LT934125.1	-	19	56115	56191	56188	77	12	46
1h	PC-12	LT934125.1	-	21	63417	63420	63420	4	10	46
1h	PC-12	LT934125.1	-	36	97312	97366	97361	55	35	46
1h	PC-12	LT934125.1	-	45	128714	128732	128732	19	33	46
1h	PC-12	LT934125.1	+	1	1334	1339	1337	6	11	59
1h	PC-12	LT934125.1	+	5	9270	9270	9270	1	10	59
1h	PC-12	LT934125.1	+	18	48567	48586	48567	20	22	59
1h	PC-12	LT934125.1	+	22	52444	52460	52460	17	8	59
1h	PC-12	LT934125.1	+	28	59044	59074	59044	31	20	59
1h	PC-12	LT934125.1	+	35	70529	70595	70529	67	8	59
1h	PC-12	LT934125.1	+	36	74400	74403	74400	4	6	59
1h	PC-12	LT934125.1	+	38	79432	79444	79444	13	12	59
1h	PC-12	LT934125.1	+	45	114985	115003	114985	19	33	59
1h	PC-12	LT934125.1	+	53	118860	118866	118864	7	28	59
1h	PC-12	LT934125.1	+	63	122979	122981	122979	3	5	59
1h	PC-12	LT934125.1	+	66	125222	125225	125225	4	30	59
2.5h	PC-12	LT934125.1	-	4	3880	3911	3908	32	14	46
2.5h	PC-12	LT934125.1	-	7	9490	9501	9494	12	19	46
2.5h	PC-12	LT934125.1	-	9	16919	16991	16919	73	6	46
2.5h	PC-12	LT934125.1	-	27	29403	29414	29409	12	18	46
2.5h	PC-12	LT934125.1	-	30	34474	34480	34474	7	7	46
2.5h	PC-12	LT934125.1	-	33	51051	51147	51147	97	13	46
2.5h	PC-12	LT934125.1	-	38	56177	56194	56188	18	50	46
2.5h	PC-12	LT934125.1	-	41	63416	63427	63420	12	96	46
2.5h	PC-12	LT934125.1	-	65	96534	96598	96534	65	5	46
2.5h	PC-12	LT934125.1	-	70	97324	97363	97339	40	66	46
2.5h	PC-12	LT934125.1	-	83	127117	127191	127117	75	6	46
2.5h	PC-12	LT934125.1	-	84	127314	127377	127314	64	6	46
2.5h	PC-12	LT934125.1	-	88	128698	128732	128732	35	80	46
2.5h	PC-12	LT934125.1	+	2	1302	1358	1334	57	28	59
2.5h	PC-12	LT934125.1	+	3	1542	1600	1600	59	6	59
2.5h	PC-12	LT934125.1	+	7	9267	9278	9270	12	39	59
2.5h	PC-12	LT934125.1	+	9	9640	9650	9644	11	12	59
2.5h	PC-12	LT934125.1	+	21	31089	31116	31098	28	23	59
2.5h	PC-12	LT934125.1	+	24	32036	32038	32038	3	16	59
2.5h	PC-12	LT934125.1	+	25	44810	44812	44810	3	10	59
2.5h	PC-12	LT934125.1	+	32	48565	48571	48567	7	83	59
2.5h	PC-12	LT934125.1	+	38	51230	51239	51230	10	28	59
2.5h	PC-12	LT934125.1	+	39	52440	52484	52460	45	34	59
2.5h	PC-12	LT934125.1	+	44	59041	59095	59068	55	59	59
2.5h	PC-12	LT934125.1	+	56	70525	70532	70531	8	31	59
2.5h	PC-12	LT934125.1	+	59	74400	74408	74400	9	13	59
2.5h	PC-12	LT934125.1	+	63	79401	79461	79444	61	42	59
2.5h	PC-12	LT934125.1	+	70	91409	91448	91412	40	6	59
2.5h	PC-12	LT934125.1	+	77	114985	115019	114985	35	80	59
2.5h	PC-12	LT934125.1	+	81	116340	116403	116340	64	6	59
2.5h	PC-12	LT934125.1	+	82	116526	116600	116526	75	6	59
2.5h	PC-12	LT934125.1	+	86	118859	118906	118864	48	83	59
2.5h	PC-12	LT934125.1	+	92	119869	119964	119869	96	5	59
2.5h	PC-12	LT934125.1	+	96	121784	121786	121784	3	10	59
2.5h	PC-12	LT934125.1	+	101	124756	124757	124756	2	10	59
2.5h	PC-12	LT934125.1	+	103	125223	125232	125223	10	63	59
2h	PC-12	LT934125.1	+	2	1295	1393	1337	99	34	59
2h	PC-12	LT934125.1	+	7	7588	7595	7591	8	7	59
2h	PC-12	LT934125.1	+	9	9267	9274	9270	8	40	59
2h	PC-12	LT934125.1	+	11	9644	9653	9644	10	7	59
2h	PC-12	LT934125.1	+	15	14048	14101	14048	54	12	59
2h	PC-12	LT934125.1	+	25	31095	31098	31098	4	34	59
2h	PC-12	LT934125.1	+	27	31955	32041	32036	87	10	59
2h	PC-12	LT934125.1	+	31	44809	44812	44812	4	7	59
2h	PC-12	LT934125.1	+	33	46230	46236	46230	7	5	59
2h	PC-12	LT934125.1	+	39	48547	48571	48567	25	59	59
2h	PC-12	LT934125.1	+	44	51232	51248	51235	17	13	59
2h	PC-12	LT934125.1	+	47	52434	52463	52460	30	24	59
2h	PC-12	LT934125.1	+	59	59032	59074	59068	43	53	59
2h	PC-12	LT934125.1	+	72	70529	70561	70529	33	34	59
2h	PC-12	LT934125.1	+	75	74400	74402	74400	3	7	59
2h	PC-12	LT934125.1	+	76	76683	76685	76683	3	5	59
2h	PC-12	LT934125.1	+	79	78035	78078	78035	44	6	59
2h	PC-12	LT934125.1	+	81	79397	79465	79444	69	35	59
2h	PC-12	LT934125.1	+	102	114985	115029	114985	45	141	59
2h	PC-12	LT934125.1	+	109	116754	116792	116754	39	5	59
2h	PC-12	LT934125.1	+	111	117769	117769	117769	1	5	59
2h	PC-12	LT934125.1	+	113	118859	118899	118864	41	125	59
2h	PC-12	LT934125.1	+	121	121784	121787	121784	4	16	59
2h	PC-12	LT934125.1	+	123	122922	122988	122979	67	23	59
2h	PC-12	LT934125.1	+	126	124756	124796	124756	41	6	59
2h	PC-12	LT934125.1	+	128	125223	125229	125225	7	68	59
2h	PC-12	LT934125.1	-	5	3877	3912	3910	36	13	46
2h	PC-12	LT934125.1	-	9	9475	9497	9494	23	17	46
2h	PC-12	LT934125.1	-	18	19470	19473	19471	4	8	46
2h	PC-12	LT934125.1	-	26	29378	29414	29412	37	17	46
2h	PC-12	LT934125.1	-	32	34474	34478	34476	5	5	46
2h	PC-12	LT934125.1	-	40	51147	51147	51147	1	7	46
2h	PC-12	LT934125.1	-	43	56185	56194	56188	10	57	46
2h	PC-12	LT934125.1	-	45	63415	63420	63420	6	46	46
2h	PC-12	LT934125.1	-	48	65718	65752	65752	35	9	46
2h	PC-12	LT934125.1	-	51	81804	81897	81806	94	10	46
2h	PC-12	LT934125.1	-	65	94850	94947	94850	98	6	46
2h	PC-12	LT934125.1	-	70	97327	97368	97361	42	67	46
2h	PC-12	LT934125.1	-	96	126925	126963	126963	39	5	46
2h	PC-12	LT934125.1	-	103	128688	128732	128732	45	141	46
4h	PC-12	LT934125.1	-	6	3838	3912	3911	75	20	46
4h	PC-12	LT934125.1	-	14	8909	8997	8997	89	5	46
4h	PC-12	LT934125.1	-	17	9406	9499	9494	94	81	46
4h	PC-12	LT934125.1	-	24	17123	17159	17123	37	6	46
4h	PC-12	LT934125.1	-	26	17338	17373	17341	36	13	46
4h	PC-12	LT934125.1	-	27	17437	17472	17456	36	6	46
4h	PC-12	LT934125.1	-	36	19469	19473	19473	5	72	46
4h	PC-12	LT934125.1	-	41	21938	21947	21939	10	16	46
4h	PC-12	LT934125.1	-	44	22362	22458	22379	97	6	46
4h	PC-12	LT934125.1	-	58	29046	29080	29046	35	6	46
4h	PC-12	LT934125.1	-	61	29404	29417	29411	14	130	46
4h	PC-12	LT934125.1	-	66	30873	30882	30873	10	5	46
4h	PC-12	LT934125.1	-	76	33928	33969	33928	42	5	46
4h	PC-12	LT934125.1	-	78	34436	34478	34478	43	8	46
4h	PC-12	LT934125.1	-	87	44885	44893	44885	9	5	46
4h	PC-12	LT934125.1	-	91	50589	50641	50589	53	6	46
4h	PC-12	LT934125.1	-	95	51055	51147	51147	93	54	46
4h	PC-12	LT934125.1	-	101	55378	55439	55439	62	8	46
4h	PC-12	LT934125.1	-	108	56179	56194	56188	16	245	46
4h	PC-12	LT934125.1	-	110	56944	56948	56946	5	56	46
4h	PC-12	LT934125.1	-	123	63375	63430	63420	56	1621	46
4h	PC-12	LT934125.1	-	134	65718	65775	65750	58	34	46
4h	PC-12	LT934125.1	-	146	76860	76863	76860	4	5	46
4h	PC-12	LT934125.1	-	152	80835	80911	80842	77	6	46
4h	PC-12	LT934125.1	-	157	81803	81897	81804	95	68	46
4h	PC-12	LT934125.1	-	162	87123	87196	87161	74	35	46
4h	PC-12	LT934125.1	-	164	87386	87447	87442	62	7	46
4h	PC-12	LT934125.1	-	168	92343	92415	92415	73	5	46
4h	PC-12	LT934125.1	-	171	92846	92936	92933	91	98	46
4h	PC-12	LT934125.1	-	175	93644	93654	93654	11	19	46
4h	PC-12	LT934125.1	-	178	94526	94529	94526	4	6	46
4h	PC-12	LT934125.1	-	180	94941	94948	94947	8	40	46
4h	PC-12	LT934125.1	-	185	96510	96601	96510	92	7	46
4h	PC-12	LT934125.1	-	190	97291	97361	97361	71	67	46
4h	PC-12	LT934125.1	-	211	107369	107378	107369	10	7	46
4h	PC-12	LT934125.1	-	212	107539	107560	107559	22	6	46
4h	PC-12	LT934125.1	-	215	115527	115532	115527	6	7	46
4h	PC-12	LT934125.1	-	230	127000	127038	127000	39	7	46
4h	PC-12	LT934125.1	-	231	127122	127185	127122	64	7	46
4h	PC-12	LT934125.1	-	232	127204	127248	127204	45	5	46
4h	PC-12	LT934125.1	-	233	127293	127362	127293	70	7	46
4h	PC-12	LT934125.1	-	234	127396	127459	127441	64	8	46
4h	PC-12	LT934125.1	-	235	127498	127597	127563	100	15	46
4h	PC-12	LT934125.1	-	237	127803	127902	127803	100	5	46
4h	PC-12	LT934125.1	-	238	127958	127992	127958	35	5	46
4h	PC-12	LT934125.1	-	241	128694	128738	128732	45	1478	46
4h	PC-12	LT934125.1	-	246	135355	135444	135407	90	9	46
4h	PC-12	LT934125.1	-	250	136232	136297	136232	66	10	46
4h	PC-12	LT934125.1	+	1	779	782	779	4	6	59
4h	PC-12	LT934125.1	+	2	960	994	990	35	24	59
4h	PC-12	LT934125.1	+	3	1334	1352	1337	19	64	59
4h	PC-12	LT934125.1	+	4	1519	1604	1600	86	41	59
4h	PC-12	LT934125.1	+	12	7587	7596	7588	10	49	59
4h	PC-12	LT934125.1	+	13	7768	7814	7811	47	8	59
4h	PC-12	LT934125.1	+	17	9107	9113	9113	7	28	59
4h	PC-12	LT934125.1	+	18	9267	9286	9270	20	129	59
4h	PC-12	LT934125.1	+	20	9640	9723	9644	84	37	59
4h	PC-12	LT934125.1	+	21	9798	9895	9798	98	5	59
4h	PC-12	LT934125.1	+	30	14042	14078	14048	37	138	59
4h	PC-12	LT934125.1	+	34	15113	15200	15113	88	5	59
4h	PC-12	LT934125.1	+	46	30240	30298	30240	59	8	59
4h	PC-12	LT934125.1	+	48	30932	30994	30932	63	6	59
4h	PC-12	LT934125.1	+	50	31093	31151	31098	59	115	59
4h	PC-12	LT934125.1	+	55	32028	32099	32038	72	221	59
4h	PC-12	LT934125.1	+	61	44807	44852	44812	46	112	59
4h	PC-12	LT934125.1	+	73	47311	47319	47311	9	7	59
4h	PC-12	LT934125.1	+	79	48253	48294	48253	42	6	59
4h	PC-12	LT934125.1	+	81	48559	48653	48567	95	173	59
4h	PC-12	LT934125.1	+	84	48868	48950	48868	83	5	59
4h	PC-12	LT934125.1	+	91	51232	51302	51235	71	84	59
4h	PC-12	LT934125.1	+	93	51495	51556	51495	62	6	59
4h	PC-12	LT934125.1	+	95	51805	51890	51805	86	5	59
4h	PC-12	LT934125.1	+	98	52440	52491	52460	52	85	59
4h	PC-12	LT934125.1	+	103	53606	53652	53648	47	23	59
4h	PC-12	LT934125.1	+	107	54464	54551	54464	88	5	59
4h	PC-12	LT934125.1	+	114	59036	59097	59068	62	90	59
4h	PC-12	LT934125.1	+	121	60232	60319	60235	88	23	59
4h	PC-12	LT934125.1	+	134	66335	66347	66338	13	23	59
4h	PC-12	LT934125.1	+	143	69161	69251	69237	91	11	59
4h	PC-12	LT934125.1	+	148	70057	70090	70090	34	9	59
4h	PC-12	LT934125.1	+	151	70525	70624	70531	100	338	59
4h	PC-12	LT934125.1	+	161	74400	74431	74402	32	146	59
4h	PC-12	LT934125.1	+	166	76683	76748	76683	66	10	59
4h	PC-12	LT934125.1	+	170	78037	78062	78037	26	8	59
4h	PC-12	LT934125.1	+	176	79398	79461	79444	64	87	59
4h	PC-12	LT934125.1	+	179	79714	79806	79714	93	8	59
4h	PC-12	LT934125.1	+	196	91360	91412	91409	53	22	59
4h	PC-12	LT934125.1	+	198	91545	91570	91548	26	6	59
4h	PC-12	LT934125.1	+	212	107420	107485	107420	66	10	59
4h	PC-12	LT934125.1	+	216	108273	108362	108310	90	9	59
4h	PC-12	LT934125.1	+	222	114979	115023	114985	45	1476	59
4h	PC-12	LT934125.1	+	225	115725	115759	115725	35	5	59
4h	PC-12	LT934125.1	+	226	115815	115914	115815	100	5	59
4h	PC-12	LT934125.1	+	228	116120	116219	116154	100	15	59
4h	PC-12	LT934125.1	+	229	116258	116321	116276	64	8	59
4h	PC-12	LT934125.1	+	230	116355	116424	116355	70	7	59
4h	PC-12	LT934125.1	+	231	116469	116513	116469	45	5	59
4h	PC-12	LT934125.1	+	232	116532	116595	116532	64	7	59
4h	PC-12	LT934125.1	+	233	116679	116717	116679	39	7	59
4h	PC-12	LT934125.1	+	235	117603	117607	117607	5	7	59
4h	PC-12	LT934125.1	+	236	117769	117789	117769	21	8	59
4h	PC-12	LT934125.1	+	241	118841	118939	118864	99	611	59
4h	PC-12	LT934125.1	+	244	119304	119395	119304	92	5	59
4h	PC-12	LT934125.1	+	248	119747	119815	119747	69	7	59
4h	PC-12	LT934125.1	+	249	119877	119958	119877	82	6	59
4h	PC-12	LT934125.1	+	252	120555	120558	120555	4	11	59
4h	PC-12	LT934125.1	+	256	121723	121788	121784	66	136	59
4h	PC-12	LT934125.1	+	257	121894	121925	121894	32	5	59
4h	PC-12	LT934125.1	+	264	122924	122988	122979	65	48	59
4h	PC-12	LT934125.1	+	272	124491	124575	124491	85	6	59
4h	PC-12	LT934125.1	+	274	124754	124827	124756	74	27	59
4h	PC-12	LT934125.1	+	275	125183	125229	125225	47	186	59
4h	PC-12	LT934125.1	+	282	128185	128190	128185	6	7	59
4h	PC-12	LT934125.1	+	285	136157	136178	136158	22	6	59
4h	PC-12	LT934125.1	+	286	136339	136348	136348	10	7	59
6h	PC-12	LT934125.1	-	12	3876	3942	3912	67	57	46
6h	PC-12	LT934125.1	-	24	8997	9080	8997	84	28	46
6h	PC-12	LT934125.1	-	28	9466	9533	9494	68	156	46
6h	PC-12	LT934125.1	-	45	17300	17389	17341	90	30	46
6h	PC-12	LT934125.1	-	46	17440	17509	17440	70	22	46
6h	PC-12	LT934125.1	-	61	19435	19516	19473	82	248	46
6h	PC-12	LT934125.1	-	70	21919	21985	21944	67	46	46
6h	PC-12	LT934125.1	-	74	22368	22463	22458	96	19	46
6h	PC-12	LT934125.1	-	102	29355	29417	29411	63	588	46
6h	PC-12	LT934125.1	-	109	30812	30909	30877	98	24	46
6h	PC-12	LT934125.1	-	126	34436	34494	34478	59	51	46
6h	PC-12	LT934125.1	-	149	44886	44893	44889	8	43	46
6h	PC-12	LT934125.1	-	158	50569	50668	50641	100	27	46
6h	PC-12	LT934125.1	-	161	50977	51067	50986	91	21	46
6h	PC-12	LT934125.1	-	162	51094	51147	51147	54	158	46
6h	PC-12	LT934125.1	-	188	56106	56195	56188	90	1055	46
6h	PC-12	LT934125.1	-	196	56915	56955	56946	41	199	46
6h	PC-12	LT934125.1	-	210	59256	59281	59277	26	19	46
6h	PC-12	LT934125.1	-	215	63356	63427	63420	72	7289	46
6h	PC-12	LT934125.1	-	231	65679	65752	65750	74	122	46
6h	PC-12	LT934125.1	-	269	80823	80901	80858	79	28	46
6h	PC-12	LT934125.1	-	278	81803	81900	81804	98	390	46
6h	PC-12	LT934125.1	-	288	87154	87215	87161	62	102	46
6h	PC-12	LT934125.1	-	291	87414	87479	87447	66	19	46
6h	PC-12	LT934125.1	-	298	89078	89177	89079	100	19	46
6h	PC-12	LT934125.1	-	312	92897	92947	92933	51	469	46
6h	PC-12	LT934125.1	-	318	93583	93657	93654	75	98	46
6h	PC-12	LT934125.1	-	323	94526	94565	94526	40	33	46
6h	PC-12	LT934125.1	-	324	94887	94977	94947	91	184	46
6h	PC-12	LT934125.1	-	339	97291	97368	97361	78	221	46
6h	PC-12	LT934125.1	-	367	107366	107452	107369	87	22	46
6h	PC-12	LT934125.1	-	368	107516	107560	107559	45	31	46
6h	PC-12	LT934125.1	-	378	115496	115533	115532	38	26	46
6h	PC-12	LT934125.1	-	408	127054	127131	127089	78	32	46
6h	PC-12	LT934125.1	-	410	127216	127306	127242	91	25	46
6h	PC-12	LT934125.1	-	413	127514	127611	127532	98	41	46
6h	PC-12	LT934125.1	-	422	128688	128738	128732	51	4554	46
6h	PC-12	LT934125.1	-	442	136212	136244	136232	33	33	46
6h	PC-12	LT934125.1	-	443	136269	136349	136295	81	22	46
6h	PC-12	LT934125.1	+	3	959	994	990	36	83	59
6h	PC-12	LT934125.1	+	6	1334	1397	1337	64	237	59
6h	PC-12	LT934125.1	+	8	1590	1644	1600	55	158	59
6h	PC-12	LT934125.1	+	23	7564	7605	7588	42	141	59
6h	PC-12	LT934125.1	+	32	9107	9160	9113	54	144	59
6h	PC-12	LT934125.1	+	33	9267	9343	9270	77	552	59
6h	PC-12	LT934125.1	+	35	9548	9614	9548	67	26	59
6h	PC-12	LT934125.1	+	36	9640	9700	9644	61	164	59
6h	PC-12	LT934125.1	+	56	14042	14087	14048	46	499	59
6h	PC-12	LT934125.1	+	104	31042	31103	31098	62	423	59
6h	PC-12	LT934125.1	+	105	31134	31198	31150	65	20	59
6h	PC-12	LT934125.1	+	112	32005	32080	32038	76	1426	59
6h	PC-12	LT934125.1	+	132	44779	44875	44812	97	494	59
6h	PC-12	LT934125.1	+	142	46023	46042	46024	20	23	59
6h	PC-12	LT934125.1	+	151	47282	47357	47315	76	32	59
6h	PC-12	LT934125.1	+	163	48556	48645	48567	90	539	59
6h	PC-12	LT934125.1	+	167	48916	49000	48931	85	19	59
6h	PC-12	LT934125.1	+	178	51148	51242	51235	95	323	59
6h	PC-12	LT934125.1	+	187	52440	52496	52460	57	287	59
6h	PC-12	LT934125.1	+	197	53575	53655	53648	81	186	59
6h	PC-12	LT934125.1	+	227	59025	59100	59068	76	358	59
6h	PC-12	LT934125.1	+	235	60188	60258	60235	71	58	59
6h	PC-12	LT934125.1	+	251	66264	66344	66338	81	87	59
6h	PC-12	LT934125.1	+	267	69191	69247	69244	57	33	59
6h	PC-12	LT934125.1	+	272	69764	69834	69765	71	33	59
6h	PC-12	LT934125.1	+	275	70057	70152	70090	96	36	59
6h	PC-12	LT934125.1	+	279	70525	70568	70531	44	1342	59
6h	PC-12	LT934125.1	+	290	72759	72791	72759	33	25	59
6h	PC-12	LT934125.1	+	295	74377	74411	74402	35	437	59
6h	PC-12	LT934125.1	+	304	76677	76687	76683	11	30	59
6h	PC-12	LT934125.1	+	309	78035	78092	78044	58	32	59
6h	PC-12	LT934125.1	+	320	79437	79481	79444	45	329	59
6h	PC-12	LT934125.1	+	365	91409	91448	91412	40	62	59
6h	PC-12	LT934125.1	+	366	91509	91550	91548	42	24	59
6h	PC-12	LT934125.1	+	404	107368	107448	107422	81	22	59
6h	PC-12	LT934125.1	+	405	107473	107505	107483	33	33	59
6h	PC-12	LT934125.1	+	425	114979	115029	114985	51	4550	59
6h	PC-12	LT934125.1	+	434	116106	116203	116137	98	41	59
6h	PC-12	LT934125.1	+	439	116544	116606	116595	63	20	59
6h	PC-12	LT934125.1	+	440	116619	116715	116628	97	29	59
6h	PC-12	LT934125.1	+	445	117769	117857	117769	89	26	59
6h	PC-12	LT934125.1	+	453	118854	118929	118864	76	2198	59
6h	PC-12	LT934125.1	+	459	119554	119646	119567	93	19	59
6h	PC-12	LT934125.1	+	462	119941	120036	119941	96	19	59
6h	PC-12	LT934125.1	+	466	120555	120558	120555	4	73	59
6h	PC-12	LT934125.1	+	473	121718	121809	121784	92	606	59
6h	PC-12	LT934125.1	+	486	122978	123026	122979	49	180	59
6h	PC-12	LT934125.1	+	498	124538	124617	124563	80	23	59
6h	PC-12	LT934125.1	+	499	124736	124793	124756	58	184	59
6h	PC-12	LT934125.1	+	504	125150	125231	125225	82	675	59
6h	PC-12	LT934125.1	+	518	128184	128221	128185	38	26	59
6h	PC-12	LT934125.1	+	528	136157	136201	136158	45	31	59
6h	PC-12	LT934125.1	+	529	136265	136351	136348	87	22	59
8h	PC-12	LT934125.1	-	5	3291	3351	3305	61	17	46
8h	PC-12	LT934125.1	-	10	3877	3953	3910	77	40	46
8h	PC-12	LT934125.1	-	31	9433	9533	9494	101	61	46
8h	PC-12	LT934125.1	-	61	17339	17402	17341	64	44	46
8h	PC-12	LT934125.1	-	63	17535	17593	17551	59	18	46
8h	PC-12	LT934125.1	-	79	19462	19523	19471	62	254	46
8h	PC-12	LT934125.1	-	87	21894	21971	21941	78	40	46
8h	PC-12	LT934125.1	-	102	25301	25363	25313	63	16	46
8h	PC-12	LT934125.1	-	111	28738	28815	28759	78	25	46
8h	PC-12	LT934125.1	-	118	29327	29418	29411	92	1001	46
8h	PC-12	LT934125.1	-	136	32836	32890	32842	55	22	46
8h	PC-12	LT934125.1	-	151	34379	34478	34478	100	24	46
8h	PC-12	LT934125.1	-	164	41992	41997	41995	6	18	46
8h	PC-12	LT934125.1	-	180	44886	44901	44893	16	30	46
8h	PC-12	LT934125.1	-	205	51114	51184	51147	71	175	46
8h	PC-12	LT934125.1	-	222	55358	55448	55438	91	37	46
8h	PC-12	LT934125.1	-	224	55532	55618	55532	87	17	46
8h	PC-12	LT934125.1	-	225	55661	55738	55679	78	28	46
8h	PC-12	LT934125.1	-	229	56045	56129	56081	85	20	46
8h	PC-12	LT934125.1	-	230	56149	56235	56188	87	949	46
8h	PC-12	LT934125.1	-	235	56915	56950	56946	36	126	46
8h	PC-12	LT934125.1	-	244	58553	58573	58570	21	27	46
8h	PC-12	LT934125.1	-	256	63248	63286	63283	39	17	46
8h	PC-12	LT934125.1	-	257	63300	63368	63315	69	19	46
8h	PC-12	LT934125.1	-	258	63375	63438	63420	64	7174	46
8h	PC-12	LT934125.1	-	274	65718	65753	65752	36	76	46
8h	PC-12	LT934125.1	-	295	70431	70531	70451	101	44	46
8h	PC-12	LT934125.1	-	329	80604	80686	80649	83	18	46
8h	PC-12	LT934125.1	-	330	80709	80796	80709	88	17	46
8h	PC-12	LT934125.1	-	331	80814	80871	80858	58	33	46
8h	PC-12	LT934125.1	-	339	81754	81813	81804	60	379	46
8h	PC-12	LT934125.1	-	340	81836	81917	81897	82	24	46
8h	PC-12	LT934125.1	-	355	87134	87179	87161	46	70	46
8h	PC-12	LT934125.1	-	375	92261	92343	92303	83	24	46
8h	PC-12	LT934125.1	-	381	92913	92973	92933	61	278	46
8h	PC-12	LT934125.1	-	384	93590	93686	93654	97	39	46
8h	PC-12	LT934125.1	-	388	94458	94529	94526	72	22	46
8h	PC-12	LT934125.1	-	391	94919	94949	94947	31	96	46
8h	PC-12	LT934125.1	-	408	97280	97344	97339	65	78	46
8h	PC-12	LT934125.1	-	409	97358	97383	97361	26	86	46
8h	PC-12	LT934125.1	-	436	107339	107425	107369	87	26	46
8h	PC-12	LT934125.1	-	437	107543	107618	107559	76	34	46
8h	PC-12	LT934125.1	-	455	115527	115556	115528	30	43	46
8h	PC-12	LT934125.1	-	456	115606	115649	115634	44	37	46
8h	PC-12	LT934125.1	-	457	115653	115718	115670	66	26	46
8h	PC-12	LT934125.1	-	467	119033	119070	119058	38	18	46
8h	PC-12	LT934125.1	-	473	119841	119935	119923	95	26	46
8h	PC-12	LT934125.1	-	477	120408	120454	120431	47	21	46
8h	PC-12	LT934125.1	-	485	122413	122497	122462	85	20	46
8h	PC-12	LT934125.1	-	501	126910	126972	126945	63	29	46
8h	PC-12	LT934125.1	-	502	126978	127071	127017	94	25	46
8h	PC-12	LT934125.1	-	503	127081	127140	127111	60	22	46
8h	PC-12	LT934125.1	-	505	127215	127293	127242	79	29	46
8h	PC-12	LT934125.1	-	508	127434	127501	127434	68	24	46
8h	PC-12	LT934125.1	-	510	127563	127622	127573	60	22	46
8h	PC-12	LT934125.1	-	512	127713	127779	127718	67	24	46
8h	PC-12	LT934125.1	-	519	128658	128705	128705	48	33	46
8h	PC-12	LT934125.1	-	520	128725	128767	128732	43	1445	46
8h	PC-12	LT934125.1	-	537	136218	136302	136235	85	76	46
8h	PC-12	LT934125.1	+	2	978	1001	990	24	56	59
8h	PC-12	LT934125.1	+	5	1325	1412	1337	88	97	59
8h	PC-12	LT934125.1	+	7	1588	1604	1600	17	119	59
8h	PC-12	LT934125.1	+	10	1815	1889	1869	75	17	59
8h	PC-12	LT934125.1	+	25	7588	7599	7588	12	86	59
8h	PC-12	LT934125.1	+	34	9107	9149	9113	43	154	59
8h	PC-12	LT934125.1	+	35	9208	9301	9270	94	428	59
8h	PC-12	LT934125.1	+	39	9604	9653	9646	50	185	59
8h	PC-12	LT934125.1	+	40	9668	9745	9668	78	16	59
8h	PC-12	LT934125.1	+	45	10086	10161	10108	76	19	59
8h	PC-12	LT934125.1	+	48	10431	10434	10431	4	29	59
8h	PC-12	LT934125.1	+	62	14040	14089	14048	50	177	59
8h	PC-12	LT934125.1	+	121	31091	31189	31098	99	409	59
8h	PC-12	LT934125.1	+	130	32016	32114	32038	99	2205	59
8h	PC-12	LT934125.1	+	131	32131	32227	32167	97	38	59
8h	PC-12	LT934125.1	+	132	32238	32322	32269	85	32	59
8h	PC-12	LT934125.1	+	157	44779	44841	44812	63	344	59
8h	PC-12	LT934125.1	+	164	46002	46032	46023	31	39	59
8h	PC-12	LT934125.1	+	166	46233	46286	46235	54	16	59
8h	PC-12	LT934125.1	+	174	47282	47348	47315	67	18	59
8h	PC-12	LT934125.1	+	186	48547	48634	48567	88	803	59
8h	PC-12	LT934125.1	+	187	48655	48731	48691	77	20	59
8h	PC-12	LT934125.1	+	189	48821	48890	48848	70	23	59
8h	PC-12	LT934125.1	+	190	48904	48941	48925	38	17	59
8h	PC-12	LT934125.1	+	193	49082	49147	49114	66	22	59
8h	PC-12	LT934125.1	+	195	49224	49297	49261	74	19	59
8h	PC-12	LT934125.1	+	197	49372	49451	49444	80	19	59
8h	PC-12	LT934125.1	+	205	51233	51269	51235	37	194	59
8h	PC-12	LT934125.1	+	218	52437	52496	52460	60	326	59
8h	PC-12	LT934125.1	+	229	53606	53655	53648	50	196	59
8h	PC-12	LT934125.1	+	243	54887	54940	54938	54	18	59
8h	PC-12	LT934125.1	+	247	55303	55355	55303	53	19	59
8h	PC-12	LT934125.1	+	250	55705	55782	55712	78	29	59
8h	PC-12	LT934125.1	+	261	59007	59074	59068	68	285	59
8h	PC-12	LT934125.1	+	272	60232	60260	60234	29	61	59
8h	PC-12	LT934125.1	+	295	65749	65830	65807	82	20	59
8h	PC-12	LT934125.1	+	296	66335	66425	66338	91	108	59
8h	PC-12	LT934125.1	+	321	69765	69845	69765	81	20	59
8h	PC-12	LT934125.1	+	323	70012	70110	70090	99	29	59
8h	PC-12	LT934125.1	+	328	70525	70567	70531	43	870	59
8h	PC-12	LT934125.1	+	341	72758	72763	72759	6	17	59
8h	PC-12	LT934125.1	+	347	74381	74445	74400	65	293	59
8h	PC-12	LT934125.1	+	365	78035	78062	78044	28	23	59
8h	PC-12	LT934125.1	+	376	79432	79500	79444	69	680	59
8h	PC-12	LT934125.1	+	380	79742	79807	79786	66	23	59
8h	PC-12	LT934125.1	+	381	79818	79878	79865	61	16	59
8h	PC-12	LT934125.1	+	424	91356	91448	91409	93	68	59
8h	PC-12	LT934125.1	+	432	92451	92487	92453	37	26	59
8h	PC-12	LT934125.1	+	478	107389	107432	107422	44	24	59
8h	PC-12	LT934125.1	+	479	107444	107499	107482	56	59	59
8h	PC-12	LT934125.1	+	496	114950	114992	114985	43	1442	59
8h	PC-12	LT934125.1	+	497	115012	115059	115012	48	33	59
8h	PC-12	LT934125.1	+	503	115890	115974	115920	85	17	59
8h	PC-12	LT934125.1	+	505	116072	116154	116144	83	26	59
8h	PC-12	LT934125.1	+	507	116256	116334	116261	79	30	59
8h	PC-12	LT934125.1	+	509	116424	116502	116424	79	29	59
8h	PC-12	LT934125.1	+	511	116577	116636	116606	60	22	59
8h	PC-12	LT934125.1	+	512	116646	116739	116700	94	25	59
8h	PC-12	LT934125.1	+	513	116745	116807	116772	63	29	59
8h	PC-12	LT934125.1	+	516	117603	117607	117607	5	20	59
8h	PC-12	LT934125.1	+	517	117768	117799	117769	32	43	59
8h	PC-12	LT934125.1	+	525	118857	118947	118864	91	1987	59
8h	PC-12	LT934125.1	+	535	119794	119844	119844	51	21	59
8h	PC-12	LT934125.1	+	536	119854	119919	119854	66	23	59
8h	PC-12	LT934125.1	+	537	119938	119988	119941	51	22	59
8h	PC-12	LT934125.1	+	539	120075	120164	120081	90	24	59
8h	PC-12	LT934125.1	+	542	120312	120403	120312	92	21	59
8h	PC-12	LT934125.1	+	543	120555	120557	120555	3	31	59
8h	PC-12	LT934125.1	+	549	121724	121804	121784	81	307	59
8h	PC-12	LT934125.1	+	559	122922	122988	122979	67	149	59
8h	PC-12	LT934125.1	+	574	124734	124790	124756	57	243	59
8h	PC-12	LT934125.1	+	577	125027	125122	125058	96	19	59
8h	PC-12	LT934125.1	+	578	125152	125246	125225	95	651	59
8h	PC-12	LT934125.1	+	586	125889	125943	125913	55	16	59
8h	PC-12	LT934125.1	+	587	125954	126053	125954	100	17	59
8h	PC-12	LT934125.1	+	591	127999	128064	128047	66	26	59
8h	PC-12	LT934125.1	+	592	128068	128111	128083	44	37	59
8h	PC-12	LT934125.1	+	593	128161	128190	128189	30	44	59
8h	PC-12	LT934125.1	+	611	136099	136174	136158	76	34	59
8h	PC-12	LT934125.1	+	612	136292	136378	136348	87	26	59
12h	PK-15	LT934125.1	+	4	940	1028	990	89	407	59
12h	PK-15	LT934125.1	+	10	1591	1669	1600	79	712	59
12h	PK-15	LT934125.1	+	27	7548	7614	7588	67	324	59
12h	PK-15	LT934125.1	+	38	9079	9136	9113	58	3945	59
12h	PK-15	LT934125.1	+	40	9254	9303	9270	50	5659	59
12h	PK-15	LT934125.1	+	44	9511	9604	9548	94	259	59
12h	PK-15	LT934125.1	+	45	9620	9681	9646	62	3312	59
12h	PK-15	LT934125.1	+	55	10430	10466	10431	37	603	59
12h	PK-15	LT934125.1	+	68	11761	11811	11793	51	318	59
12h	PK-15	LT934125.1	+	92	14033	14057	14048	25	3081	59
12h	PK-15	LT934125.1	+	115	15726	15805	15750	80	221	59
12h	PK-15	LT934125.1	+	178	31034	31121	31098	88	4507	59
12h	PK-15	LT934125.1	+	191	32034	32095	32038	62	36987	59
12h	PK-15	LT934125.1	+	193	32154	32229	32161	76	288	59
12h	PK-15	LT934125.1	+	229	44773	44869	44812	97	7605	59
12h	PK-15	LT934125.1	+	243	45942	46036	46024	95	410	59
12h	PK-15	LT934125.1	+	272	48547	48602	48567	56	1542	59
12h	PK-15	LT934125.1	+	298	51227	51303	51235	77	3003	59
12h	PK-15	LT934125.1	+	312	52386	52475	52460	90	2422	59
12h	PK-15	LT934125.1	+	329	53632	53681	53648	50	8761	59
12h	PK-15	LT934125.1	+	370	59007	59055	59044	49	248	59
12h	PK-15	LT934125.1	+	371	59065	59148	59068	84	576	59
12h	PK-15	LT934125.1	+	382	60224	60265	60234	42	443	59
12h	PK-15	LT934125.1	+	423	66327	66360	66338	34	2110	59
12h	PK-15	LT934125.1	+	458	69233	69311	69244	79	628	59
12h	PK-15	LT934125.1	+	470	70046	70133	70090	88	285	59
12h	PK-15	LT934125.1	+	475	70479	70579	70531	101	16709	59
12h	PK-15	LT934125.1	+	508	74396	74477	74402	82	6550	59
12h	PK-15	LT934125.1	+	549	79437	79507	79444	71	7805	59
12h	PK-15	LT934125.1	+	616	91360	91431	91409	72	471	59
12h	PK-15	LT934125.1	+	696	107448	107494	107482	47	476	59
12h	PK-15	LT934125.1	+	698	107586	107653	107614	68	230	59
12h	PK-15	LT934125.1	+	739	114973	115034	114985	62	8787	59
12h	PK-15	LT934125.1	+	765	117600	117646	117607	47	227	59
12h	PK-15	LT934125.1	+	777	118827	118913	118864	87	24325	59
12h	PK-15	LT934125.1	+	798	120553	120650	120555	98	661	59
12h	PK-15	LT934125.1	+	810	121781	121873	121784	93	4078	59
12h	PK-15	LT934125.1	+	823	122906	122996	122979	91	1394	59
12h	PK-15	LT934125.1	+	843	124735	124799	124756	65	5504	59
12h	PK-15	LT934125.1	+	848	125171	125236	125225	66	4693	59
12h	PK-15	LT934125.1	+	905	136154	136178	136158	25	223	59
12h	PK-15	LT934125.1	-	50	9455	9534	9494	80	342	46
12h	PK-15	LT934125.1	-	95	17333	17379	17341	47	229	46
12h	PK-15	LT934125.1	-	121	19446	19524	19471	79	4352	46
12h	PK-15	LT934125.1	-	179	29348	29418	29412	71	12391	46
12h	PK-15	LT934125.1	-	305	44842	44898	44889	57	321	46
12h	PK-15	LT934125.1	-	334	51136	51187	51147	52	1356	46
12h	PK-15	LT934125.1	-	366	55651	55703	55679	53	270	46
12h	PK-15	LT934125.1	-	374	56143	56201	56188	59	18250	46
12h	PK-15	LT934125.1	-	383	56933	56981	56946	49	2130	46
12h	PK-15	LT934125.1	-	399	58525	58575	58570	51	226	46
12h	PK-15	LT934125.1	-	424	63300	63385	63375	86	385	46
12h	PK-15	LT934125.1	-	425	63388	63454	63420	67	154925	46
12h	PK-15	LT934125.1	-	432	64085	64178	64127	94	259	46
12h	PK-15	LT934125.1	-	449	65685	65753	65750	69	593	46
12h	PK-15	LT934125.1	-	529	80775	80860	80820	86	252	46
12h	PK-15	LT934125.1	-	530	80867	80953	80868	87	259	46
12h	PK-15	LT934125.1	-	543	81794	81844	81804	51	13468	46
12h	PK-15	LT934125.1	-	569	87152	87215	87161	64	448	46
12h	PK-15	LT934125.1	-	604	92864	92955	92933	92	7975	46
12h	PK-15	LT934125.1	-	612	93645	93739	93654	95	354	46
12h	PK-15	LT934125.1	-	623	94896	94953	94947	58	633	46
12h	PK-15	LT934125.1	-	641	97318	97368	97361	51	287	46
12h	PK-15	LT934125.1	-	706	107539	107563	107559	25	223	46
12h	PK-15	LT934125.1	-	822	128655	128744	128732	90	8795	46
12h	PK-15	LT934125.1	-	864	136064	136131	136103	68	230	46
12h	PK-15	LT934125.1	-	866	136180	136244	136235	65	514	46
1h	PK-15	LT934125.1	+	6	48567	48567	48567	1	5	59
1h	PK-15	LT934125.1	+	17	79440	79444	79444	5	6	59
1h	PK-15	LT934125.1	+	22	104721	104819	104721	99	8	59
1h	PK-15	LT934125.1	+	23	106594	106601	106594	8	5	59
1h	PK-15	LT934125.1	+	25	114985	114988	114985	4	5	59
1h	PK-15	LT934125.1	+	30	118860	118866	118866	7	8	59
1h	PK-15	LT934125.1	+	37	136156	136162	136158	7	63	59
1h	PK-15	LT934125.1	+	50	140733	140808	140808	76	7	60
1h	PK-15	LT934125.1	-	8	63410	63420	63416	11	5	46
1h	PK-15	LT934125.1	-	11	97337	97361	97339	25	12	46
1h	PK-15	LT934125.1	-	16	102909	102984	102909	76	7	46
1h	PK-15	LT934125.1	-	29	107555	107561	107559	7	63	46
1h	PK-15	LT934125.1	-	35	128729	128732	128732	4	5	46
1h	PK-15	LT934125.1	-	37	137116	137123	137123	8	5	47
1h	PK-15	LT934125.1	-	38	138898	138996	138898	99	8	48
2h	PK-15	LT934125.1	-	8	3905	3942	3910	38	27	48
2h	PK-15	LT934125.1	-	17	9451	9497	9494	47	25	48
2h	PK-15	LT934125.1	-	25	19469	19473	19471	5	13	48
2h	PK-15	LT934125.1	-	30	21938	21968	21938	31	6	48
2h	PK-15	LT934125.1	-	35	22904	22955	22904	52	5	48
2h	PK-15	LT934125.1	-	40	25310	25315	25313	6	20	48
2h	PK-15	LT934125.1	-	44	29372	29414	29411	43	23	48
2h	PK-15	LT934125.1	-	49	34446	34480	34474	35	19	48
2h	PK-15	LT934125.1	-	54	51129	51182	51147	54	18	48
2h	PK-15	LT934125.1	-	60	56115	56195	56188	81	92	48
2h	PK-15	LT934125.1	-	65	63376	63445	63420	70	483	48
2h	PK-15	LT934125.1	-	69	65744	65752	65752	9	5	48
2h	PK-15	LT934125.1	-	84	81804	81808	81804	5	26	48
2h	PK-15	LT934125.1	-	88	92898	92936	92933	39	22	48
2h	PK-15	LT934125.1	-	92	95973	96057	95973	85	5	48
2h	PK-15	LT934125.1	-	102	97331	97366	97337	36	156	48
2h	PK-15	LT934125.1	-	113	107472	107563	107559	92	39	48
2h	PK-15	LT934125.1	-	126	126958	127032	126958	75	6	48
2h	PK-15	LT934125.1	-	127	127101	127199	127101	99	12	48
2h	PK-15	LT934125.1	-	128	127254	127341	127254	88	8	48
2h	PK-15	LT934125.1	-	131	127587	127611	127611	25	5	48
2h	PK-15	LT934125.1	-	136	128634	128732	128732	99	157	48
2h	PK-15	LT934125.1	-	141	136235	136316	136235	82	8	48
2h	PK-15	LT934125.1	+	1	1331	1429	1337	99	57	60
2h	PK-15	LT934125.1	+	4	7589	7594	7591	6	6	60
2h	PK-15	LT934125.1	+	7	9267	9275	9270	9	71	60
2h	PK-15	LT934125.1	+	8	9550	9647	9643	98	11	60
2h	PK-15	LT934125.1	+	15	14047	14054	14048	8	24	60
2h	PK-15	LT934125.1	+	30	31030	31104	31098	75	23	60
2h	PK-15	LT934125.1	+	32	31994	32080	32038	87	56	60
2h	PK-15	LT934125.1	+	35	44810	44814	44812	5	26	60
2h	PK-15	LT934125.1	+	41	48505	48572	48567	68	109	60
2h	PK-15	LT934125.1	+	49	51148	51241	51235	94	22	60
2h	PK-15	LT934125.1	+	51	52438	52494	52460	57	59	60
2h	PK-15	LT934125.1	+	55	53648	53684	53648	37	16	60
2h	PK-15	LT934125.1	+	63	59044	59077	59068	34	59	60
2h	PK-15	LT934125.1	+	66	60232	60258	60239	27	9	60
2h	PK-15	LT934125.1	+	74	66338	66344	66338	7	6	60
2h	PK-15	LT934125.1	+	81	70529	70534	70531	6	41	60
2h	PK-15	LT934125.1	+	87	74400	74405	74402	6	19	60
2h	PK-15	LT934125.1	+	93	79437	79527	79444	91	47	60
2h	PK-15	LT934125.1	+	98	83976	84011	83978	36	5	60
2h	PK-15	LT934125.1	+	114	107401	107482	107482	82	8	60
2h	PK-15	LT934125.1	+	119	114985	115083	114985	99	157	60
2h	PK-15	LT934125.1	+	124	116106	116130	116106	25	5	60
2h	PK-15	LT934125.1	+	127	116376	116463	116376	88	8	60
2h	PK-15	LT934125.1	+	128	116518	116616	116518	99	12	60
2h	PK-15	LT934125.1	+	129	116685	116759	116748	75	7	60
2h	PK-15	LT934125.1	+	131	117769	117802	117769	34	18	60
2h	PK-15	LT934125.1	+	134	118860	118899	118864	40	79	60
2h	PK-15	LT934125.1	+	141	121784	121804	121784	21	10	60
2h	PK-15	LT934125.1	+	145	122979	122983	122979	5	18	60
2h	PK-15	LT934125.1	+	151	124756	124764	124756	9	18	60
2h	PK-15	LT934125.1	+	153	125192	125230	125225	39	101	60
2h	PK-15	LT934125.1	+	162	136154	136245	136158	92	39	60
4h	PK-15	LT934125.1	-	9	3877	3959	3910	83	59	48
4h	PK-15	LT934125.1	-	24	9465	9532	9494	68	162	48
4h	PK-15	LT934125.1	-	33	17333	17373	17341	41	18	48
4h	PK-15	LT934125.1	-	47	19440	19473	19471	34	72	48
4h	PK-15	LT934125.1	-	53	21937	21985	21941	49	21	48
4h	PK-15	LT934125.1	-	68	25298	25315	25313	18	28	48
4h	PK-15	LT934125.1	-	75	29263	29344	29288	82	14	48
4h	PK-15	LT934125.1	-	76	29380	29417	29411	38	671	48
4h	PK-15	LT934125.1	-	90	34420	34478	34478	59	15	48
4h	PK-15	LT934125.1	-	102	44886	44893	44889	8	14	48
4h	PK-15	LT934125.1	-	110	50955	51010	50998	56	13	48
4h	PK-15	LT934125.1	-	111	51025	51097	51094	73	24	48
4h	PK-15	LT934125.1	-	112	51128	51184	51147	57	152	48
4h	PK-15	LT934125.1	-	118	55366	55448	55378	83	19	48
4h	PK-15	LT934125.1	-	124	55945	56014	55995	70	13	48
4h	PK-15	LT934125.1	-	126	56107	56158	56115	52	38	48
4h	PK-15	LT934125.1	-	127	56176	56268	56188	93	730	48
4h	PK-15	LT934125.1	-	131	56943	56967	56946	25	59	48
4h	PK-15	LT934125.1	-	140	59276	59335	59277	60	20	48
4h	PK-15	LT934125.1	-	142	63335	63424	63420	90	3828	48
4h	PK-15	LT934125.1	-	150	65746	65752	65750	7	32	48
4h	PK-15	LT934125.1	-	178	80796	80868	80858	73	26	48
4h	PK-15	LT934125.1	-	185	81770	81813	81804	44	122	48
4h	PK-15	LT934125.1	-	186	81836	81900	81897	65	15	48
4h	PK-15	LT934125.1	-	193	87088	87163	87161	76	63	48
4h	PK-15	LT934125.1	-	203	92271	92321	92303	51	19	48
4h	PK-15	LT934125.1	-	205	92586	92652	92630	67	13	48
4h	PK-15	LT934125.1	-	207	92920	92971	92933	52	167	48
4h	PK-15	LT934125.1	-	212	93651	93701	93654	51	49	48
4h	PK-15	LT934125.1	-	215	94509	94565	94526	57	28	48
4h	PK-15	LT934125.1	-	216	94850	94948	94947	99	58	48
4h	PK-15	LT934125.1	-	226	96776	96857	96843	82	13	48
4h	PK-15	LT934125.1	-	230	97275	97368	97361	94	592	48
4h	PK-15	LT934125.1	-	248	107044	107099	107099	56	13	48
4h	PK-15	LT934125.1	-	251	107360	107428	107369	69	92	48
4h	PK-15	LT934125.1	-	252	107516	107560	107559	45	47	48
4h	PK-15	LT934125.1	-	259	115492	115532	115532	41	17	48
4h	PK-15	LT934125.1	-	261	115628	115702	115638	75	16	48
4h	PK-15	LT934125.1	-	278	126884	126969	126926	86	24	48
4h	PK-15	LT934125.1	-	279	126980	127047	126997	68	20	48
4h	PK-15	LT934125.1	-	280	127062	127137	127122	76	16	48
4h	PK-15	LT934125.1	-	282	127254	127341	127272	88	25	48
4h	PK-15	LT934125.1	-	285	127517	127597	127597	81	18	48
4h	PK-15	LT934125.1	-	288	127876	127930	127902	55	18	48
4h	PK-15	LT934125.1	-	293	128692	128738	128732	47	2001	48
4h	PK-15	LT934125.1	-	305	136180	136241	136235	62	64	48
4h	PK-15	LT934125.1	-	306	136267	136326	136285	60	63	48
4h	PK-15	LT934125.1	+	3	978	1036	990	59	20	60
4h	PK-15	LT934125.1	+	4	1305	1340	1337	36	189	60
4h	PK-15	LT934125.1	+	5	1346	1407	1351	62	19	60
4h	PK-15	LT934125.1	+	7	1600	1604	1600	5	22	60
4h	PK-15	LT934125.1	+	14	7587	7631	7588	45	273	60
4h	PK-15	LT934125.1	+	16	7778	7834	7811	57	14	60
4h	PK-15	LT934125.1	+	21	9098	9160	9113	63	37	60
4h	PK-15	LT934125.1	+	22	9266	9338	9270	73	627	60
4h	PK-15	LT934125.1	+	25	9604	9651	9643	48	154	60
4h	PK-15	LT934125.1	+	26	9666	9742	9699	77	15	60
4h	PK-15	LT934125.1	+	43	14042	14052	14048	11	226	60
4h	PK-15	LT934125.1	+	77	31090	31152	31098	63	411	60
4h	PK-15	LT934125.1	+	83	31994	32045	32038	52	645	60
4h	PK-15	LT934125.1	+	92	44807	44817	44812	11	490	60
4h	PK-15	LT934125.1	+	105	48563	48616	48567	54	1262	60
4h	PK-15	LT934125.1	+	119	51220	51310	51235	91	263	60
4h	PK-15	LT934125.1	+	128	52434	52494	52460	61	377	60
4h	PK-15	LT934125.1	+	134	53564	53652	53648	89	29	60
4h	PK-15	LT934125.1	+	144	55352	55358	55352	7	17	60
4h	PK-15	LT934125.1	+	151	59014	59100	59068	87	539	60
4h	PK-15	LT934125.1	+	158	60221	60258	60234	38	20	60
4h	PK-15	LT934125.1	+	170	65805	65829	65807	25	18	60
4h	PK-15	LT934125.1	+	171	66335	66345	66338	11	36	60
4h	PK-15	LT934125.1	+	182	69159	69247	69237	89	38	60
4h	PK-15	LT934125.1	+	187	69737	69795	69765	59	18	60
4h	PK-15	LT934125.1	+	190	70079	70166	70090	88	39	60
4h	PK-15	LT934125.1	+	193	70525	70539	70531	15	655	60
4h	PK-15	LT934125.1	+	206	74397	74471	74400	75	611	60
4h	PK-15	LT934125.1	+	215	76682	76685	76683	4	24	60
4h	PK-15	LT934125.1	+	217	77987	78062	78040	76	34	60
4h	PK-15	LT934125.1	+	224	79401	79478	79444	78	684	60
4h	PK-15	LT934125.1	+	237	83975	83982	83975	8	14	60
4h	PK-15	LT934125.1	+	255	91360	91431	91412	72	59	60
4h	PK-15	LT934125.1	+	280	107391	107450	107422	60	63	60
4h	PK-15	LT934125.1	+	281	107476	107537	107482	62	64	60
4h	PK-15	LT934125.1	+	293	114979	115025	114985	47	1999	60
4h	PK-15	LT934125.1	+	298	115787	115841	115815	55	18	60
4h	PK-15	LT934125.1	+	305	116424	116463	116445	40	18	60
4h	PK-15	LT934125.1	+	307	116580	116655	116595	76	16	60
4h	PK-15	LT934125.1	+	308	116670	116737	116687	68	20	60
4h	PK-15	LT934125.1	+	309	116748	116832	116791	85	25	60
4h	PK-15	LT934125.1	+	310	117769	117781	117769	13	26	60
4h	PK-15	LT934125.1	+	317	118857	118913	118864	57	1291	60
4h	PK-15	LT934125.1	+	327	120059	120146	120130	88	14	60
4h	PK-15	LT934125.1	+	330	120499	120557	120555	59	20	60
4h	PK-15	LT934125.1	+	335	121714	121809	121784	96	360	60
4h	PK-15	LT934125.1	+	345	122920	122988	122979	69	146	60
4h	PK-15	LT934125.1	+	353	124530	124576	124530	47	13	60
4h	PK-15	LT934125.1	+	355	124736	124776	124756	41	137	60
4h	PK-15	LT934125.1	+	359	125208	125285	125225	78	853	60
4h	PK-15	LT934125.1	+	367	128015	128089	128073	75	16	60
4h	PK-15	LT934125.1	+	369	128185	128225	128185	41	17	60
4h	PK-15	LT934125.1	+	376	136157	136201	136158	45	47	60
4h	PK-15	LT934125.1	+	378	136339	136432	136348	94	93	60
6h	PK-15	LT934125.1	+	2	962	1033	990	72	136	60
6h	PK-15	LT934125.1	+	5	1326	1369	1337	44	384	60
6h	PK-15	LT934125.1	+	8	1519	1604	1600	86	147	60
6h	PK-15	LT934125.1	+	27	7569	7665	7588	97	571	60
6h	PK-15	LT934125.1	+	36	9107	9164	9113	58	338	60
6h	PK-15	LT934125.1	+	37	9225	9322	9270	98	1391	60
6h	PK-15	LT934125.1	+	41	9633	9679	9643	47	621	60
6h	PK-15	LT934125.1	+	51	10430	10467	10431	38	74	60
6h	PK-15	LT934125.1	+	73	14022	14054	14048	33	1019	60
6h	PK-15	LT934125.1	+	132	31089	31152	31098	64	1042	60
6h	PK-15	LT934125.1	+	144	32031	32131	32038	101	6338	60
6h	PK-15	LT934125.1	+	145	32135	32205	32173	71	78	60
6h	PK-15	LT934125.1	+	169	44800	44835	44812	36	2404	60
6h	PK-15	LT934125.1	+	202	48547	48631	48567	85	2635	60
6h	PK-15	LT934125.1	+	222	51230	51310	51235	81	977	60
6h	PK-15	LT934125.1	+	235	52412	52467	52460	56	1077	60
6h	PK-15	LT934125.1	+	236	52482	52562	52484	81	69	60
6h	PK-15	LT934125.1	+	248	53640	53723	53648	84	382	60
6h	PK-15	LT934125.1	+	276	59005	59058	59044	54	363	60
6h	PK-15	LT934125.1	+	277	59064	59141	59068	78	838	60
6h	PK-15	LT934125.1	+	289	60232	60263	60234	32	149	60
6h	PK-15	LT934125.1	+	313	65740	65826	65807	87	72	60
6h	PK-15	LT934125.1	+	315	66335	66425	66338	91	256	60
6h	PK-15	LT934125.1	+	336	69212	69249	69237	38	168	60
6h	PK-15	LT934125.1	+	345	70061	70105	70090	45	101	60
6h	PK-15	LT934125.1	+	350	70484	70571	70531	88	3435	60
6h	PK-15	LT934125.1	+	366	72724	72818	72759	95	64	60
6h	PK-15	LT934125.1	+	375	74381	74456	74402	76	2051	60
6h	PK-15	LT934125.1	+	391	76677	76757	76683	81	106	60
6h	PK-15	LT934125.1	+	399	78035	78127	78044	93	77	60
6h	PK-15	LT934125.1	+	411	79425	79482	79444	58	2370	60
6h	PK-15	LT934125.1	+	467	91358	91452	91409	95	193	60
6h	PK-15	LT934125.1	+	516	107419	107465	107432	47	128	60
6h	PK-15	LT934125.1	+	517	107472	107524	107482	53	340	60
6h	PK-15	LT934125.1	+	547	114978	115034	114985	57	10224	60
6h	PK-15	LT934125.1	+	555	115814	115894	115815	81	90	60
6h	PK-15	LT934125.1	+	558	116006	116072	116016	67	69	60
6h	PK-15	LT934125.1	+	562	116258	116334	116283	77	84	60
6h	PK-15	LT934125.1	+	563	116340	116399	116376	60	64	60
6h	PK-15	LT934125.1	+	564	116402	116487	116403	86	118	60
6h	PK-15	LT934125.1	+	565	116493	116564	116552	72	73	60
6h	PK-15	LT934125.1	+	566	116580	116643	116622	64	62	60
6h	PK-15	LT934125.1	+	569	116759	116817	116791	59	89	60
6h	PK-15	LT934125.1	+	573	117769	117835	117769	67	102	60
6h	PK-15	LT934125.1	+	581	118832	118882	118864	51	6303	60
6h	PK-15	LT934125.1	+	595	119935	120006	119941	72	66	60
6h	PK-15	LT934125.1	+	597	120081	120164	120081	84	70	60
6h	PK-15	LT934125.1	+	601	120555	120632	120555	78	105	60
6h	PK-15	LT934125.1	+	611	121778	121839	121784	62	1474	60
6h	PK-15	LT934125.1	+	625	122960	122990	122979	31	618	60
6h	PK-15	LT934125.1	+	644	124736	124805	124756	70	911	60
6h	PK-15	LT934125.1	+	649	125177	125241	125225	65	1758	60
6h	PK-15	LT934125.1	+	664	128057	128128	128073	72	92	60
6h	PK-15	LT934125.1	+	665	128182	128258	128189	77	68	60
6h	PK-15	LT934125.1	+	683	136153	136225	136158	73	155	60
6h	PK-15	LT934125.1	+	685	136333	136385	136348	53	240	60
6h	PK-15	LT934125.1	-	15	3877	3913	3910	37	142	48
6h	PK-15	LT934125.1	-	40	9454	9499	9494	46	371	48
6h	PK-15	LT934125.1	-	66	17315	17376	17341	62	82	48
6h	PK-15	LT934125.1	-	88	19434	19524	19471	91	429	48
6h	PK-15	LT934125.1	-	97	21917	21969	21941	53	63	48
6h	PK-15	LT934125.1	-	121	25225	25316	25313	92	102	48
6h	PK-15	LT934125.1	-	136	29338	29420	29411	83	3174	48
6h	PK-15	LT934125.1	-	169	34436	34484	34474	49	71	48
6h	PK-15	LT934125.1	-	209	44877	44893	44889	17	109	48
6h	PK-15	LT934125.1	-	226	51048	51103	51094	56	80	48
6h	PK-15	LT934125.1	-	227	51118	51184	51147	67	834	48
6h	PK-15	LT934125.1	-	241	55361	55389	55378	29	68	48
6h	PK-15	LT934125.1	-	245	55652	55737	55679	86	88	48
6h	PK-15	LT934125.1	-	251	56111	56198	56188	88	3653	48
6h	PK-15	LT934125.1	-	258	56936	56996	56946	61	354	48
6h	PK-15	LT934125.1	-	270	58529	58579	58570	51	67	48
6h	PK-15	LT934125.1	-	274	59272	59281	59277	10	93	48
6h	PK-15	LT934125.1	-	283	63338	63438	63420	101	34196	48
6h	PK-15	LT934125.1	-	301	65661	65753	65752	93	257	48
6h	PK-15	LT934125.1	-	361	81728	81821	81804	94	949	48
6h	PK-15	LT934125.1	-	362	81828	81917	81897	90	95	48
6h	PK-15	LT934125.1	-	381	87088	87162	87161	75	133	48
6h	PK-15	LT934125.1	-	409	92909	92975	92933	67	1047	48
6h	PK-15	LT934125.1	-	416	93600	93657	93654	58	197	48
6h	PK-15	LT934125.1	-	423	94457	94529	94526	73	79	48
6h	PK-15	LT934125.1	-	427	94908	95006	94947	99	300	48
6h	PK-15	LT934125.1	-	447	97317	97368	97361	52	999	48
6h	PK-15	LT934125.1	-	498	107332	107384	107369	53	240	48
6h	PK-15	LT934125.1	-	500	107492	107564	107559	73	154	48
6h	PK-15	LT934125.1	-	518	115459	115535	115528	77	68	48
6h	PK-15	LT934125.1	-	520	115629	115710	115634	82	92	48
6h	PK-15	LT934125.1	-	558	126900	126974	126926	75	109	48
6h	PK-15	LT934125.1	-	559	126980	127077	127002	98	95	48
6h	PK-15	LT934125.1	-	561	127153	127224	127165	72	73	48
6h	PK-15	LT934125.1	-	562	127230	127327	127314	98	127	48
6h	PK-15	LT934125.1	-	563	127330	127401	127341	72	69	48
6h	PK-15	LT934125.1	-	564	127411	127459	127434	49	70	48
6h	PK-15	LT934125.1	-	568	127645	127711	127645	67	69	48
6h	PK-15	LT934125.1	-	571	127823	127903	127902	81	90	48
6h	PK-15	LT934125.1	-	580	128683	128739	128732	57	10237	48
6h	PK-15	LT934125.1	-	610	136193	136262	136235	70	345	48
6h	PK-15	LT934125.1	-	611	136267	136360	136285	94	173	48
8h	PK-15	LT934125.1	-	17	3877	3912	3910	36	186	48
8h	PK-15	LT934125.1	-	49	9455	9505	9494	51	521	48
8h	PK-15	LT934125.1	-	81	17273	17348	17341	76	156	48
8h	PK-15	LT934125.1	-	105	19435	19484	19471	50	2161	48
8h	PK-15	LT934125.1	-	148	25273	25325	25313	53	301	48
8h	PK-15	LT934125.1	-	171	29366	29422	29411	57	7350	48
8h	PK-15	LT934125.1	-	241	41918	41997	41995	80	134	48
8h	PK-15	LT934125.1	-	265	44849	44947	44889	99	278	48
8h	PK-15	LT934125.1	-	291	51085	51151	51147	67	1470	48
8h	PK-15	LT934125.1	-	326	56149	56241	56188	93	8239	48
8h	PK-15	LT934125.1	-	334	56906	56981	56946	76	956	48
8h	PK-15	LT934125.1	-	346	58542	58575	58570	34	177	48
8h	PK-15	LT934125.1	-	352	59246	59281	59277	36	174	48
8h	PK-15	LT934125.1	-	370	63294	63371	63365	78	125	48
8h	PK-15	LT934125.1	-	371	63374	63438	63420	65	55069	48
8h	PK-15	LT934125.1	-	395	65679	65753	65752	75	390	48
8h	PK-15	LT934125.1	-	459	80811	80895	80825	85	115	48
8h	PK-15	LT934125.1	-	471	81788	81842	81804	55	3717	48
8h	PK-15	LT934125.1	-	499	87155	87215	87161	61	365	48
8h	PK-15	LT934125.1	-	535	92925	93004	92933	80	2616	48
8h	PK-15	LT934125.1	-	543	93641	93657	93654	17	282	48
8h	PK-15	LT934125.1	-	551	94509	94578	94526	70	148	48
8h	PK-15	LT934125.1	-	555	94896	94950	94947	55	701	48
8h	PK-15	LT934125.1	-	577	97280	97368	97361	89	1412	48
8h	PK-15	LT934125.1	-	641	107321	107403	107369	83	293	48
8h	PK-15	LT934125.1	-	643	107516	107564	107559	49	413	48
8h	PK-15	LT934125.1	-	682	115590	115660	115638	71	129	48
8h	PK-15	LT934125.1	-	745	126936	127017	126958	82	245	48
8h	PK-15	LT934125.1	-	749	127242	127341	127288	100	209	48
8h	PK-15	LT934125.1	-	756	127854	127924	127902	71	115	48
8h	PK-15	LT934125.1	-	765	128655	128744	128732	90	12981	48
8h	PK-15	LT934125.1	-	803	136183	136247	136235	65	633	48
8h	PK-15	LT934125.1	-	804	136255	136328	136295	74	253	48
8h	PK-15	LT934125.1	+	3	978	1028	990	51	267	60
8h	PK-15	LT934125.1	+	6	1292	1376	1337	85	367	60
8h	PK-15	LT934125.1	+	9	1542	1616	1600	75	364	60
8h	PK-15	LT934125.1	+	28	7567	7614	7588	48	674	60
8h	PK-15	LT934125.1	+	40	9098	9176	9113	79	829	60
8h	PK-15	LT934125.1	+	42	9254	9325	9270	72	2629	60
8h	PK-15	LT934125.1	+	46	9640	9727	9646	88	1572	60
8h	PK-15	LT934125.1	+	56	10430	10437	10431	8	322	60
8h	PK-15	LT934125.1	+	67	11788	11846	11793	59	139	60
8h	PK-15	LT934125.1	+	89	13992	14056	14048	65	1962	60
8h	PK-15	LT934125.1	+	174	31042	31124	31098	83	2476	60
8h	PK-15	LT934125.1	+	186	32005	32085	32038	81	14574	60
8h	PK-15	LT934125.1	+	187	32089	32145	32091	57	146	60
8h	PK-15	LT934125.1	+	188	32152	32219	32173	68	151	60
8h	PK-15	LT934125.1	+	226	44807	44903	44812	97	3317	60
8h	PK-15	LT934125.1	+	238	46005	46040	46023	36	144	60
8h	PK-15	LT934125.1	+	266	48547	48633	48567	87	4151	60
8h	PK-15	LT934125.1	+	288	51193	51269	51235	77	1757	60
8h	PK-15	LT934125.1	+	305	52432	52497	52460	66	2547	60
8h	PK-15	LT934125.1	+	319	53606	53669	53648	64	1849	60
8h	PK-15	LT934125.1	+	340	55303	55358	55352	56	170	60
8h	PK-15	LT934125.1	+	356	59011	59076	59068	66	1629	60
8h	PK-15	LT934125.1	+	370	60231	60262	60234	32	382	60
8h	PK-15	LT934125.1	+	400	65775	65856	65807	82	149	60
8h	PK-15	LT934125.1	+	403	66298	66357	66338	60	985	60
8h	PK-15	LT934125.1	+	438	69191	69273	69244	83	256	60
8h	PK-15	LT934125.1	+	450	70089	70167	70090	79	168	60
8h	PK-15	LT934125.1	+	456	70525	70624	70531	100	6231	60
8h	PK-15	LT934125.1	+	471	72758	72791	72759	34	150	60
8h	PK-15	LT934125.1	+	484	74375	74466	74402	92	2637	60
8h	PK-15	LT934125.1	+	500	76675	76772	76683	98	160	60
8h	PK-15	LT934125.1	+	509	78035	78062	78044	28	122	60
8h	PK-15	LT934125.1	+	524	79437	79494	79444	58	5467	60
8h	PK-15	LT934125.1	+	595	91392	91448	91412	57	268	60
8h	PK-15	LT934125.1	+	679	107412	107462	107422	51	206	60
8h	PK-15	LT934125.1	+	680	107470	107534	107482	65	632	60
8h	PK-15	LT934125.1	+	717	114973	115062	114985	90	12984	60
8h	PK-15	LT934125.1	+	725	115793	115863	115815	71	115	60
8h	PK-15	LT934125.1	+	733	116376	116475	116429	100	208	60
8h	PK-15	LT934125.1	+	736	116634	116720	116715	87	178	60
8h	PK-15	LT934125.1	+	737	116724	116810	116791	87	240	60
8h	PK-15	LT934125.1	+	744	117768	117845	117769	78	358	60
8h	PK-15	LT934125.1	+	754	118786	118883	118864	98	18671	60
8h	PK-15	LT934125.1	+	769	119933	120007	119941	75	172	60
8h	PK-15	LT934125.1	+	776	120554	120620	120555	67	374	60
8h	PK-15	LT934125.1	+	787	121780	121820	121784	41	3458	60
8h	PK-15	LT934125.1	+	800	122903	122994	122979	92	1707	60
8h	PK-15	LT934125.1	+	819	124709	124800	124756	92	2374	60
8h	PK-15	LT934125.1	+	825	125217	125299	125225	83	3108	60
8h	PK-15	LT934125.1	+	847	127996	128074	128051	79	120	60
8h	PK-15	LT934125.1	+	886	136111	136184	136158	74	411	60
8h	PK-15	LT934125.1	+	888	136314	136396	136348	83	294	60
	PK-15	LT934125.1	-	15	63366	63400	63366	35	5	48
	PK-15	LT934125.1	-	20	125220	125222	125222	3	10	48
