seqnames	strand	gene_cluster	gene	Kinetic_class	C6_0.5h_1	C6_0.5h_2	C6_12h_1	C6_12h_2	C6_12h_3	C6_1h_1	C6_1h_2	C6_1h_3	C6_2h_1	C6_2h_2	C6_2h_3	C6_4h_1	C6_4h_2	C6_4h_3	C6_6h_1	C6_6h_2	C6_6h_3	C6_8h_1	C6_8h_2	C6_8h_3	C6_dRNA	NRK_1h_1	NRK_1h_2	NRK_1h_3	NRK_2h_1	NRK_2h_2	NRK_2h_3	PC-12_0.5h_1	PC-12_0.5h_2	PC-12_0.5h_3	PC-12_1.5h_1	PC-12_1.5h_2	PC-12_1.5h_3	PC-12_12h_1	PC-12_12h_2	PC-12_12h_3	PC-12_1h_1	PC-12_1h_2	PC-12_1h_3	PC-12_2.5h_1	PC-12_2.5h_2	PC-12_2.5h_3	PC-12_2h_1	PC-12_2h_2	PC-12_2h_3	PC-12_4h_1	PC-12_4h_2	PC-12_4h_3	PC-12_6h_1	PC-12_6h_2	PC-12_6h_3	PC-12_8h_1	PC-12_8h_2	PC-12_8h_3	PC-12_dRNA	PK-15_12h_1	PK-15_12h_2	PK-15_12h_3	PK-15_1h_1	PK-15_1h_2	PK-15_1h_3	PK-15_2h_1	PK-15_2h_2	PK-15_2h_3	PK-15_4h_1	PK-15_4h_2	PK-15_4h_3	PK-15_6h_1	PK-15_6h_2	PK-15_6h_3	PK-15_8h_1	PK-15_8h_2	PK-15_8h_3	PK-15_dRNA
LT934125.1	+				0	0	17155	16159	9919	70	65	32	80	130	6	121	115	62	407	638	542	2826	2791	2417	954	14	27	4	46	43	49	2	2	0	24	28	36	12099	14592	11064	62	37	50	124	54	85	140	143	172	703	642	857	2367	3099	2943	4510	5299	374	2794	17758	23226	28084	70	48	21	244	225	791	2209	2363	2412	10232	9038	7375	15261	15662	18017	17129
LT934125.1	+		ELIE	E	0	0	0	0	0	0	0	0	0	0	0	0	0	0	0	0	0	0	0	0	0	0	0	0	0	0	0	0	0	0	0	0	0	0	0	0	0	0	0	0	0	0	0	0	0	0	0	0	0	0	0	0	0	0	0	0	0	0	0	0	0	0	0	0	0	0	0	0	0	0	1	0	0	0
LT934125.1	+		IE180_2	IE	0	0	80	59	39	0	1	0	0	0	0	0	0	0	2	4	2	11	11	11	0	0	0	0	0	0	0	0	1	0	0	0	0	49	67	49	1	1	1	0	0	0	0	0	1	2	1	2	8	8	12	16	14	1	0	79	89	64	36	22	9	19	15	7	18	17	16	55	72	26	147	138	115	0
LT934125.1	+		NOIR	E	0	0	67	48	19	0	0	0	0	0	0	0	0	0	0	1	2	7	13	5	7	0	0	0	0	0	0	0	0	0	0	0	0	55	52	28	0	0	0	0	0	1	0	0	0	0	0	0	4	3	9	12	12	0	4	61	53	67	0	0	0	1	0	0	5	21	10	38	39	65	75	63	85	20
LT934125.1	+		ORF-1	E	0	0	36	26	14	0	0	0	0	0	0	1	1	0	1	1	1	7	7	0	0	0	0	0	0	0	0	0	0	0	0	0	0	26	37	20	0	0	0	0	0	0	0	0	0	1	1	1	1	5	11	9	7	1	0	31	32	19	0	0	0	0	0	1	7	2	4	12	11	9	16	23	23	0
LT934125.1	+		UL11	L	0	0	439	355	191	0	0	0	0	1	0	2	0	1	8	6	6	110	73	89	0	0	0	0	0	1	1	0	0	0	0	2	0	201	159	157	3	0	1	1	0	2	0	2	2	4	2	4	4	4	16	70	43	7	0	295	241	599	1	0	0	1	1	5	87	74	47	229	220	148	235	214	372	1
LT934125.1	+		UL12	L	0	0	56	68	85	0	1	0	0	1	0	0	1	1	5	3	3	21	13	19	0	0	0	0	0	0	0	0	0	0	0	0	0	14	18	16	0	0	1	0	0	0	1	1	0	3	2	3	5	13	4	8	7	1	0	5	9	22	0	0	0	1	2	0	12	8	7	18	11	8	17	16	24	1
LT934125.1	+		UL13	L	0	0	2	5	8	0	0	0	0	0	0	0	0	0	2	0	1	4	0	2	0	0	0	0	0	1	0	0	0	0	0	0	0	1	3	1	0	0	0	0	1	0	0	0	1	0	2	0	1	4	2	1	1	0	0	1	0	0	0	0	0	1	2	1	1	0	3	7	1	1	5	5	2	1
LT934125.1	+		UL14	L	0	0	56	50	52	0	1	1	0	0	0	0	0	0	2	2	3	13	5	6	0	0	0	0	0	0	0	0	0	0	0	0	0	21	20	20	0	0	0	0	0	0	0	1	1	3	0	4	7	5	9	2	10	0	0	15	17	22	0	0	0	2	0	0	10	7	6	28	17	9	30	19	25	0
LT934125.1	+		UL16	L	0	0	539	466	226	3	0	1	2	3	0	2	5	1	7	14	1	132	105	81	0	0	0	0	1	1	0	0	0	0	0	0	1	217	258	240	0	0	2	2	0	3	1	2	0	15	24	17	55	78	57	85	65	5	0	556	557	1651	0	0	0	1	1	8	148	138	97	438	427	144	282	277	458	0
LT934125.1	+		UL17	L	0	0	45	22	12	0	0	0	0	0	0	0	0	1	0	2	1	5	2	5	0	0	0	0	0	0	0	0	0	0	0	0	0	16	18	20	0	0	0	0	0	0	0	0	0	0	1	2	4	5	5	4	6	0	0	20	16	46	0	0	0	0	0	0	1	2	2	8	12	4	18	21	12	0
LT934125.1	+		UL18	L	0	0	2502	2278	997	8	3	0	8	10	1	9	16	8	38	71	59	308	318	213	1	0	0	0	1	1	4	1	0	0	3	1	3	1320	1708	1321	3	2	2	3	4	11	4	7	11	38	29	46	131	231	249	294	331	31	15	2954	3779	4070	0	0	1	4	3	27	132	170	175	994	839	602	1399	1211	1303	47
LT934125.1	+		UL19	L	0	0	407	297	245	0	0	0	0	3	0	4	3	0	11	13	25	24	29	19	0	1	0	0	0	1	0	0	0	0	0	0	0	183	269	129	0	0	0	0	0	0	2	1	2	9	9	6	32	31	42	32	130	8	25	1067	1584	326	0	1	0	1	3	9	18	9	19	95	90	143	707	444	248	161
LT934125.1	+		UL20	L	0	0	29	28	15	0	0	0	1	1	0	1	0	0	0	2	1	0	2	0	0	0	0	0	1	0	0	0	0	0	0	0	0	11	34	14	0	1	1	0	0	0	2	0	1	0	0	1	4	7	4	5	17	0	0	52	68	24	0	0	0	2	1	0	5	5	7	38	17	22	69	60	32	15
LT934125.1	+		UL22	L	0	0	52	67	39	0	0	0	0	0	0	0	2	0	0	1	2	6	5	10	0	0	0	0	0	0	0	0	0	0	0	0	0	46	64	37	0	0	0	0	0	0	0	0	1	5	1	5	13	8	19	17	15	2	0	42	63	63	0	0	0	1	0	3	4	6	5	22	30	22	56	53	43	0
LT934125.1	+		UL23	L	0	0	294	367	252	18	11	6	30	37	2	11	13	6	64	88	78	158	165	141	4	3	5	2	8	3	16	0	0	0	12	10	10	205	199	200	12	4	9	12	11	29	21	14	28	35	23	32	99	186	126	137	177	19	6	244	301	258	1	1	0	21	13	65	235	214	123	370	311	523	515	526	561	32
LT934125.1	+		UL30	E	0	0	5	12	2	1	0	0	0	0	0	0	0	0	2	0	3	1	0	1	0	0	0	0	0	0	0	0	0	0	0	0	0	0	0	0	0	0	1	0	0	0	1	0	0	0	0	1	3	2	1	0	1	0	0	1	1	1	0	0	0	1	1	1	3	0	1	1	0	5	6	8	1	0
LT934125.1	+		UL33	E	0	0	27	41	17	0	0	0	0	0	0	0	0	0	1	2	3	3	2	3	0	0	0	0	0	0	0	0	0	0	0	0	0	10	18	12	0	0	0	0	0	0	0	0	0	1	0	2	2	3	4	4	1	0	0	12	16	13	0	0	0	0	0	0	0	1	0	4	6	2	8	5	7	1
LT934125.1	+		UL34	E	0	0	510	416	266	0	1	0	0	0	0	1	4	1	8	14	9	76	70	44	0	0	0	0	1	0	0	0	0	0	1	0	0	176	285	158	0	0	0	3	1	4	4	5	5	5	8	7	23	33	48	71	80	5	0	395	435	379	0	0	0	1	4	2	74	67	93	213	152	81	246	251	208	3
LT934125.1	+		UL35	L	0	0	509	419	265	0	0	0	0	0	0	1	0	0	2	18	9	70	80	47	0	0	0	0	0	0	0	0	0	0	0	0	0	376	533	359	0	0	0	1	0	0	0	0	0	4	9	9	21	53	46	115	73	7	1	686	668	1173	0	0	0	0	0	7	20	24	25	226	150	157	329	349	379	7
LT934125.1	+		UL38	E	0	0	1103	1162	526	6	4	2	7	7	1	13	15	7	64	89	73	253	223	202	20	0	0	1	2	1	7	0	0	0	0	1	1	903	1179	869	3	2	2	4	1	6	7	4	9	49	53	81	169	360	271	267	412	35	67	3049	3969	4362	0	0	0	11	11	58	263	261	198	1422	1117	1146	1783	1699	1703	581
LT934125.1	+		UL39	E	0	0	2	0	0	0	0	0	0	0	0	0	0	0	0	0	0	0	0	0	0	0	0	0	0	0	0	0	0	0	0	0	0	0	0	1	0	0	0	0	0	0	0	0	0	0	0	0	0	0	0	0	0	0	0	0	1	0	0	0	0	0	0	0	0	0	0	0	0	0	0	0	0	0
LT934125.1	+		UL4	L	0	0	57	48	21	0	0	0	0	1	0	1	0	0	1	1	1	13	15	8	0	0	0	0	0	0	1	0	0	0	0	0	0	31	39	17	0	0	0	0	0	0	0	0	0	1	0	1	1	7	4	14	9	2	0	52	66	60	0	0	0	0	0	1	6	11	5	35	31	17	30	30	46	0
LT934125.1	+		UL40	E	0	0	177	229	141	0	0	2	0	2	0	0	4	2	3	9	5	89	52	56	0	0	0	0	0	0	2	0	0	0	0	0	2	77	70	79	2	0	2	6	1	6	4	3	1	11	7	7	11	22	26	54	36	2	0	39	46	51	0	0	1	3	2	3	67	72	49	120	138	63	118	82	164	0
LT934125.1	+		UL42	L	0	0	1460	1413	827	3	6	4	19	8	1	33	20	11	74	118	107	277	300	186	3	2	1	0	3	8	11	0	1	0	6	4	4	926	1167	731	2	1	2	12	3	20	18	11	21	86	95	93	247	429	326	254	599	44	13	2961	4541	2528	1	1	1	9	20	58	324	288	249	1010	852	1193	2079	2051	1799	95
LT934125.1	+		UL43	L	0	0	112	145	113	1	2	0	3	2	0	0	1	0	12	5	9	25	19	19	0	0	2	0	1	0	1	1	0	0	2	2	0	94	146	85	1	2	0	1	1	8	2	4	3	11	8	15	33	45	38	46	92	3	5	158	225	101	0	0	0	3	6	6	45	49	37	124	111	91	267	281	184	21
LT934125.1	+		UL44	L	0	0	286	235	168	0	0	0	0	0	0	1	1	2	3	7	3	22	23	12	1	0	0	0	0	0	0	0	0	0	0	0	0	138	202	135	0	0	0	0	0	0	0	0	0	2	4	6	17	29	27	32	47	3	0	510	790	971	0	0	0	0	0	2	16	3	13	103	93	25	205	188	164	1
LT934125.1	+		UL46	L	0	0	393	393	271	2	5	3	0	3	0	2	7	2	12	32	23	77	52	38	0	1	1	0	0	0	0	0	0	0	0	1	0	107	247	117	2	1	0	1	1	2	2	2	3	27	28	55	105	137	163	40	75	4	1	282	466	544	0	0	0	5	2	8	46	39	40	158	174	82	193	204	142	1
LT934125.1	+		UL47	L	0	0	428	242	140	0	0	0	0	0	0	0	1	0	2	6	6	20	14	6	0	0	0	0	0	0	0	0	0	0	0	0	0	198	281	170	0	0	0	0	0	0	1	0	0	1	2	7	21	24	28	28	53	0	0	874	992	921	0	1	0	0	1	1	4	6	20	127	122	63	255	300	271	0
LT934125.1	+		UL48	L	0	0	9	4	3	0	0	0	0	0	0	0	0	0	0	0	0	0	2	0	0	0	0	0	0	0	0	0	0	0	0	0	0	0	3	3	0	0	0	0	0	0	0	0	0	0	0	0	0	1	0	0	0	0	0	6	8	17	0	0	0	0	0	0	1	0	0	2	1	1	2	1	2	0
LT934125.1	+		UL49	L	0	0	206	154	60	1	0	0	0	1	0	1	1	2	0	4	0	26	20	21	0	0	0	0	0	1	1	0	0	0	0	0	0	133	169	120	0	0	0	1	2	1	0	2	0	0	3	0	5	6	20	41	64	2	1	371	405	379	0	0	0	0	2	2	38	22	22	102	85	70	177	187	205	5
LT934125.1	+		UL49.5	L	0	0	398	445	197	2	1	1	1	3	0	1	2	1	6	12	8	101	88	62	0	0	0	0	0	0	0	0	0	0	0	0	2	283	357	305	1	1	0	6	3	7	6	4	6	17	5	10	25	25	54	113	97	13	1	553	731	1106	1	0	0	9	7	10	154	140	117	344	309	136	326	319	443	0
LT934125.1	+		UL5	E	0	0	10	5	11	0	0	0	0	1	0	0	2	0	1	0	2	0	1	2	0	1	0	0	0	0	0	0	0	0	0	0	0	8	9	4	0	1	1	0	0	0	1	0	1	1	3	1	0	6	5	3	5	0	0	8	12	4	0	1	0	3	0	2	1	0	3	4	6	7	15	12	8	0
LT934125.1	+		UL51	L	0	0	106	80	42	1	0	0	0	0	0	1	1	0	2	3	0	32	20	26	0	0	0	0	0	0	1	0	0	0	0	0	0	51	45	49	0	0	2	0	0	1	0	0	3	4	4	6	2	6	14	36	21	1	0	47	42	84	1	0	0	0	2	0	53	66	39	128	97	86	81	69	136	0
LT934125.1	+		UL8	E	0	0	5	11	4	0	0	0	0	0	0	0	1	0	0	0	0	2	2	0	0	0	0	0	0	0	0	0	0	0	0	0	0	7	9	1	0	0	2	0	0	0	0	0	0	0	1	1	1	4	2	3	2	1	0	6	9	7	0	0	0	1	0	2	3	2	3	9	6	5	7	7	9	0
LT934125.1	+		UL9	L	0	0	3	0	2	0	0	0	0	0	0	0	0	0	0	0	0	0	0	0	0	0	0	0	0	0	0	0	0	0	0	0	0	0	1	1	0	0	0	0	0	0	0	0	0	0	0	0	0	0	0	1	0	0	0	0	0	0	0	0	0	0	0	0	0	0	0	1	0	0	1	0	0	0
LT934125.1	+		US1	E	0	0	3438	2184	1788	16	14	5	9	38	2	39	54	23	118	258	117	490	480	384	2	0	0	0	4	5	4	0	0	1	2	8	10	1609	2590	1834	7	7	17	28	12	24	40	38	33	287	422	468	1068	1429	1552	782	693	36	0	2426	2534	3368	0	1	3	48	35	69	409	463	872	3552	3780	1940	3355	3973	4946	7
LT934125.1	+		US2	L	0	0	1050	1089	541	2	6	2	0	6	0	2	7	3	10	27	20	274	210	170	0	0	0	1	3	3	1	0	0	0	0	2	1	383	535	430	3	4	3	8	7	10	9	7	8	14	6	18	27	34	43	207	112	21	0	593	520	898	0	0	0	9	10	17	167	178	153	423	327	177	403	353	603	6
LT934125.1	+		US3	L	0	0	12	11	16	0	1	0	1	0	0	2	0	0	1	3	1	5	5	1	0	0	0	0	0	1	0	0	0	0	0	0	0	10	19	8	0	1	2	0	0	0	0	3	1	3	2	1	3	9	3	1	20	0	1	17	22	9	0	0	0	3	3	1	2	7	8	25	14	13	31	50	17	0
LT934125.1	+		US4	L	0	0	2040	1581	892	4	4	4	6	10	0	14	17	5	22	48	30	247	258	162	0	1	1	0	4	1	5	0	0	0	2	1	5	912	1747	892	3	1	5	9	1	4	15	11	12	56	63	56	205	194	304	348	423	13	5	1986	2805	2254	2	1	0	9	1	10	160	174	312	1164	1152	435	1775	1898	1520	18
LT934125.1	+		US6	L	0	0	91	73	69	1	0	0	0	0	0	2	0	0	6	8	0	11	9	5	0	0	0	0	0	0	0	0	0	0	0	0	0	40	72	36	2	1	0	0	0	1	1	0	1	2	2	4	15	21	19	8	17	1	0	84	129	129	0	0	0	0	1	3	2	5	4	30	26	13	50	57	47	1
LT934125.1	+		US7	L	0	0	285	232	102	1	3	1	0	2	0	4	6	2	9	17	10	38	47	41	0	1	0	0	0	1	2	0	0	0	0	0	1	196	330	190	1	0	3	3	0	0	1	3	2	10	25	15	56	57	81	101	94	3	0	466	631	539	0	0	0	0	0	0	56	53	65	265	246	138	416	417	445	1
LT934125.1	+		US8	L	0	0	371	332	293	3	3	1	5	0	1	12	4	6	13	38	31	67	67	45	0	0	1	0	4	1	2	0	0	0	1	1	1	190	236	127	2	1	1	1	2	1	10	8	4	15	19	13	40	62	85	53	140	7	5	411	665	309	0	1	2	7	11	11	48	50	49	205	184	255	699	602	508	50
LT934125.1	+		US9	L	0	0	401	342	135	2	0	0	0	1	1	3	7	2	10	18	13	66	81	38	5	0	0	1	0	3	3	0	0	0	2	1	2	480	578	317	0	3	0	5	2	3	1	4	1	5	10	9	36	58	59	131	199	7	17	1726	1932	1321	0	1	0	5	5	34	56	62	41	252	220	437	819	776	814	121
LT934125.1	+	ELIE			0	0	6	14	6	0	0	0	0	0	0	0	0	0	0	1	0	0	3	2	0	0	0	0	1	0	0	0	0	0	0	1	0	21	14	11	0	0	0	0	0	0	0	2	0	0	0	0	3	6	5	4	10	1	1	5	4	3	0	0	0	0	0	2	1	0	0	2	3	1	5	2	8	0
LT934125.1	+	IE180_2			0	0	1243	1316	981	8	5	4	3	4	0	5	6	2	15	26	30	195	246	235	37	4	5	6	2	3	3	2	1	1	2	4	1	1021	1032	949	8	12	11	9	2	3	5	8	11	64	45	80	235	298	261	336	499	49	127	398	443	602	229	122	67	130	101	83	144	188	218	817	732	449	1283	1015	1230	337
LT934125.1	+	IE180_2	IE180_2	IE	0	0	5	1	6	0	0	0	0	0	0	0	0	0	1	0	0	2	0	0	0	0	0	0	0	0	0	0	0	0	0	0	0	0	0	0	0	0	0	0	0	0	0	0	0	0	0	0	0	0	0	0	2	0	1	2	0	1	0	3	2	3	1	0	1	0	0	0	1	3	9	5	10	1
LT934125.1	+	NOIR			0	0	415	301	155	0	0	0	0	5	0	10	9	3	26	28	33	118	213	158	42	0	0	0	0	0	0	0	0	0	0	0	0	1045	1018	700	1	1	5	2	1	3	3	1	6	58	77	61	125	298	257	231	361	23	159	1201	1432	2234	1	1	0	0	2	60	185	207	178	810	759	1141	1110	1375	1299	822
LT934125.1	+	NOIR	NOIR	E	0	0	74	51	22	0	0	0	1	0	0	0	0	0	10	8	5	20	27	20	14	0	0	0	0	0	0	0	0	0	0	0	0	175	207	103	0	0	1	2	0	1	1	0	2	7	12	7	16	76	23	31	83	3	85	269	248	213	0	0	0	1	1	6	23	30	24	107	97	246	297	295	295	587
LT934125.1	+	ORF-1			0	0	1570	1512	1034	11	15	10	19	21	4	44	28	22	99	171	132	476	497	375	134	3	5	4	10	7	9	1	1	0	13	4	7	1205	1150	933	14	9	12	26	13	22	30	30	38	140	132	152	375	674	494	545	693	68	342	685	849	975	4	6	6	89	55	167	326	336	257	783	776	819	859	873	913	1158
LT934125.1	+	ORF-1	ORF-1	E	0	0	198	157	87	0	0	0	1	1	0	6	9	0	15	24	22	29	34	27	1	0	0	0	0	0	1	0	0	0	0	0	0	203	283	121	0	1	0	0	1	2	0	1	3	18	18	18	43	102	68	47	143	4	1	274	424	137	0	0	0	1	0	4	9	8	6	62	37	74	168	198	117	10
LT934125.1	+	UL14-13-12-11			0	0	4074	4318	2495	11	20	16	27	40	2	31	25	23	114	187	173	981	1070	1024	424	4	2	8	17	14	12	2	0	1	0	5	5	2761	3090	2872	15	8	15	19	13	21	27	36	41	179	171	218	609	942	685	1214	1160	122	809	2761	3267	4979	7	3	2	27	35	97	478	543	358	1610	1487	1284	2218	2531	2858	3715
LT934125.1	+	UL14-13-12-11	UL11	L	0	0	1872	1732	697	3	5	3	16	19	3	14	21	6	99	157	144	366	512	377	61	4	2	1	7	4	12	0	1	0	6	8	6	1461	1839	1185	10	5	5	21	11	19	23	12	26	58	51	48	161	315	230	418	725	25	120	3427	3922	2471	4	7	2	25	12	86	311	284	209	1076	734	1237	2135	2692	2156	659
LT934125.1	+	UL14-13-12-11	UL12	L	0	0	136	150	113	2	2	1	6	3	0	5	5	2	32	23	34	46	28	31	1	0	0	0	0	0	0	0	0	0	3	0	1	48	23	24	1	1	2	0	0	1	3	4	3	3	2	3	6	9	16	18	53	5	1	34	36	21	0	0	0	2	3	1	9	10	5	16	14	50	82	54	58	5
LT934125.1	+	UL14-13-12-11	UL13	L	0	0	12	7	15	0	0	0	3	0	0	0	0	0	3	1	2	1	0	3	0	0	0	0	0	0	0	0	0	0	1	0	0	3	1	1	0	0	0	0	0	1	3	0	1	1	0	0	3	0	2	0	6	1	3	1	1	0	0	0	0	3	1	1	0	2	2	2	4	15	15	10	13	6
LT934125.1	+	UL14-13-12-11	UL14	L	0	0	42	47	50	1	1	0	1	0	0	0	0	1	6	7	13	17	10	7	1	0	0	0	0	0	0	0	0	0	0	0	0	10	5	5	0	0	0	0	0	0	0	1	3	0	1	2	6	9	3	1	11	0	3	24	18	12	0	0	0	0	0	1	4	2	5	12	13	41	64	30	23	11
LT934125.1	+	UL17-16			0	0	2353	2565	1295	2	8	3	5	12	1	11	15	8	58	70	73	472	410	458	167	0	2	1	3	3	4	0	0	0	1	2	3	1534	1813	1647	3	1	2	8	0	5	8	6	6	65	78	112	331	494	395	532	437	48	417	2190	2472	6296	0	1	1	7	5	51	304	306	232	1373	1178	732	1375	1290	1608	2190
LT934125.1	+	UL17-16	UL16	L	0	0	864	867	491	4	2	1	8	7	2	11	8	4	70	110	107	211	178	151	3	0	1	1	4	1	1	0	0	0	3	3	1	518	524	485	3	0	1	3	3	4	4	3	6	45	26	53	81	174	183	148	211	19	13	1809	2265	2581	0	0	0	6	3	26	182	172	126	645	542	646	989	863	980	72
LT934125.1	+	UL17-16	UL17	L	0	0	54	53	38	0	0	0	1	0	0	0	1	0	1	0	3	11	7	4	1	0	0	0	0	0	0	0	0	0	0	0	0	39	18	17	0	0	0	0	0	0	0	0	0	0	0	3	2	10	6	4	14	1	2	66	53	48	0	0	0	0	0	0	2	0	1	17	13	21	65	49	32	8
LT934125.1	+	UL20-19-18			0	0	4820	5089	2520	8	6	1	14	14	0	17	20	15	48	107	69	631	612	472	259	0	0	0	2	1	5	0	0	0	1	0	0	3131	3233	3078	6	1	4	7	4	4	10	9	13	105	91	134	440	536	490	722	759	98	647	2624	3363	5818	0	0	0	9	3	74	174	190	181	1137	998	588	1609	1303	1621	2188
LT934125.1	+	UL20-19-18	UL18	L	0	0	2314	2181	1131	6	10	2	9	23	1	26	25	15	103	140	113	294	256	225	3	0	1	3	1	0	0	0	0	0	2	1	4	1234	1509	1176	2	2	4	14	1	6	8	5	11	93	97	112	304	529	382	252	471	25	11	3234	4489	3317	2	1	0	4	2	52	142	124	109	711	625	655	1713	1290	1318	44
LT934125.1	+	UL20-19-18	UL19	L	0	0	22	25	17	0	0	0	2	0	0	0	0	0	2	3	5	4	2	2	0	0	0	0	0	0	0	0	0	0	0	0	0	8	1	0	0	0	0	0	0	0	0	0	0	0	0	0	0	0	1	0	17	2	7	40	34	5	0	0	0	0	0	0	0	1	0	0	0	6	33	15	4	6
LT934125.1	+	UL20-19-18	UL20	L	0	0	1	2	0	0	0	0	0	0	0	0	0	1	0	0	0	0	0	0	0	0	0	0	0	0	0	0	0	0	0	0	0	0	0	0	0	0	0	0	0	0	0	0	0	0	0	0	0	0	0	0	1	0	0	2	0	0	0	0	0	0	0	0	0	0	0	0	0	1	1	1	3	1
LT934125.1	+	UL23-22			0	0	1486	1387	881	3	4	3	8	16	0	14	11	8	34	55	34	220	243	206	79	0	0	0	2	2	3	0	0	0	1	1	4	1325	1500	1193	4	5	7	6	2	7	10	14	12	61	61	85	205	261	248	425	595	37	285	850	1055	958	0	0	1	19	10	28	93	78	114	396	429	302	848	832	765	741
LT934125.1	+	UL23-22	UL22	L	0	0	69	67	44	0	0	0	1	1	0	3	0	0	8	7	14	10	5	9	5	0	0	0	0	1	1	0	0	0	0	0	0	43	55	34	0	0	0	0	0	2	2	1	0	8	2	5	3	10	12	12	43	2	32	129	174	55	0	0	0	2	0	3	4	3	2	24	14	66	163	105	64	114
LT934125.1	+	UL23-22	UL23	L	0	0	18	24	17	0	0	0	1	0	0	3	0	0	3	2	3	4	4	3	0	0	0	0	0	0	0	0	0	0	0	0	0	3	3	0	0	1	0	0	0	0	0	1	0	0	0	1	3	3	2	0	4	0	0	3	2	0	0	0	0	0	0	0	1	0	0	1	2	6	5	3	2	1
LT934125.1	+	UL30			0	0	69	54	73	2	2	1	2	2	0	1	2	0	5	2	6	22	21	26	9	0	0	0	1	0	3	0	0	0	0	0	0	76	79	49	3	0	5	0	0	3	6	4	1	2	3	5	18	37	22	38	73	10	22	23	42	14	1	1	0	13	8	27	12	14	11	23	26	51	75	74	55	51
LT934125.1	+	UL30	UL30	E	0	0	0	1	3	2	0	1	0	0	0	0	1	0	0	2	4	3	2	2	0	0	0	0	0	0	0	0	0	0	0	1	1	1	1	0	1	0	0	0	0	0	2	0	2	2	1	0	1	0	1	0	5	0	0	4	2	0	0	0	0	3	2	0	2	0	0	1	0	5	18	13	5	1
LT934125.1	+	UL33-34-35			0	0	7002	6694	3903	11	7	5	16	19	0	26	18	13	91	167	120	823	935	803	582	3	1	4	3	5	4	0	0	0	5	1	7	4711	6045	4795	8	2	5	10	5	13	25	23	32	192	181	222	572	964	769	1479	1592	152	1579	4888	6057	7047	7	5	3	28	29	146	339	386	384	1748	1451	1242	3121	3212	3362	7179
LT934125.1	+	UL33-34-35	UL33	E	0	0	43	48	25	0	1	0	1	0	0	1	1	0	4	10	5	6	11	9	4	0	0	0	0	0	0	0	0	0	0	0	0	19	19	5	0	0	0	0	0	0	0	0	0	1	1	2	1	3	5	5	16	0	14	47	56	12	0	0	0	0	0	2	0	1	0	6	5	17	17	21	15	24
LT934125.1	+	UL33-34-35	UL34	E	0	0	1149	988	667	8	4	4	7	4	0	23	18	11	55	97	78	151	179	105	19	0	4	1	3	3	7	0	0	0	3	2	3	493	642	328	4	3	3	6	2	10	11	6	25	38	47	37	107	227	157	102	404	13	63	1623	2572	701	1	1	1	15	17	30	92	101	116	304	258	397	1002	1076	777	294
LT934125.1	+	UL33-34-35	UL35	L	0	0	8367	7024	2033	1	2	0	3	4	0	21	25	15	91	162	122	568	955	687	60	0	0	0	0	1	1	0	0	0	1	1	0	7630	12052	6638	0	0	0	3	8	10	5	4	5	156	148	154	605	1140	888	1861	2125	78	186	16628	16646	18498	1	0	0	1	0	160	286	342	259	3632	2487	2582	6375	7044	6542	915
LT934125.1	+	UL38-39-40			0	0	5381	5324	2834	33	40	17	50	67	1	54	51	40	172	238	176	1070	1348	1060	298	1	2	4	19	23	35	0	0	0	5	16	12	4341	4781	3957	29	12	14	40	19	23	56	53	73	216	233	275	703	968	794	1669	2319	173	769	2525	3451	2175	14	11	5	136	137	237	475	568	526	1589	1381	1411	2952	2896	2654	2341
LT934125.1	+	UL38-39-40	UL38	E	0	0	31	17	20	0	0	0	0	0	0	1	1	0	6	4	4	2	3	0	0	0	0	0	0	0	0	0	0	0	0	0	0	22	8	1	0	0	0	0	0	0	0	0	0	1	0	0	1	1	0	0	11	1	6	35	34	3	0	0	0	0	0	0	0	0	0	0	0	4	28	14	3	10
LT934125.1	+	UL38-39-40	UL39	E	0	0	17	9	29	0	0	0	1	0	0	0	0	0	1	0	1	1	3	2	1	0	0	0	0	0	1	0	0	0	0	0	0	1	2	1	0	0	0	0	0	0	0	0	0	0	0	2	0	0	1	0	2	0	5	0	6	2	0	0	0	1	0	0	3	1	0	1	1	2	3	3	1	12
LT934125.1	+	UL38-39-40	UL40	E	0	0	1414	1389	545	20	16	2	16	31	4	21	32	21	86	129	115	539	589	425	7	7	0	2	11	13	14	1	1	0	10	6	13	662	871	582	13	4	13	29	13	36	31	28	27	75	75	51	143	283	218	433	592	27	17	645	709	356	2	4	3	58	61	73	459	500	397	968	781	1095	1508	1416	1683	69
LT934125.1	+	UL42-43-44			0	0	3078	2687	1622	1	1	1	9	9	1	17	16	16	58	72	76	289	356	310	148	0	0	0	1	0	1	0	0	0	2	0	0	3005	3320	2417	0	2	0	3	1	3	4	7	10	64	50	90	305	374	332	620	968	84	496	5426	7921	7356	0	1	0	6	3	111	84	103	112	867	856	625	2400	2134	2025	2657
LT934125.1	+	UL42-43-44	UL42	L	0	0	56	33	27	0	0	0	1	0	0	1	0	1	8	4	6	7	3	3	1	0	0	0	0	0	0	0	0	0	0	0	0	8	8	2	0	0	0	0	0	0	0	0	0	0	0	0	0	1	1	0	4	0	0	32	38	5	0	0	0	0	0	0	0	1	0	2	2	6	21	16	11	3
LT934125.1	+	UL42-43-44	UL43	L	0	0	24	22	12	0	0	0	0	0	0	0	0	0	2	4	1	5	7	4	0	0	1	0	0	0	0	0	0	0	0	0	0	14	7	3	0	0	0	0	0	0	0	0	0	0	0	0	0	1	2	2	11	0	0	31	74	9	0	0	0	0	0	1	1	3	1	8	8	15	42	37	16	8
LT934125.1	+	UL42-43-44	UL44	L	0	1	1006	695	416	1	1	0	0	0	0	8	5	3	39	58	39	71	66	58	13	0	0	0	1	0	0	0	0	0	0	0	1	1045	1458	676	1	0	0	0	2	3	0	1	2	27	14	23	97	207	147	102	501	34	81	5167	9941	2787	0	0	0	1	0	66	18	20	13	235	187	295	1577	1502	981	545
LT934125.1	+	UL48-47-46			0	0	9960	8881	5270	14	11	10	9	23	1	26	31	21	109	183	149	958	1083	948	329	2	3	1	5	4	16	1	0	0	0	3	3	7654	8228	6590	14	11	10	14	4	5	25	10	17	143	152	172	637	854	866	1504	1905	166	1247	11505	14947	20257	4	3	0	73	58	261	483	551	570	2927	2588	1570	5267	4880	5082	5839
LT934125.1	+	UL48-47-46	UL46	L	0	0	1218	1243	1007	1	9	5	4	2	0	20	16	1	67	86	118	203	148	105	3	0	1	0	0	0	2	1	0	0	3	1	0	459	336	274	1	1	2	2	0	1	5	6	9	24	11	21	53	110	72	76	209	14	10	1267	1309	902	1	2	1	15	16	13	86	46	54	304	239	472	1201	771	628	41
LT934125.1	+	UL48-47-46	UL47	L	0	0	93	85	76	0	0	0	0	0	0	0	0	0	0	2	1	6	5	3	0	0	0	0	0	0	0	0	0	0	0	0	0	34	18	11	0	0	0	0	0	1	0	0	0	1	0	0	2	2	2	2	12	0	0	266	156	135	0	0	0	0	0	2	2	1	1	19	7	63	204	85	59	0
LT934125.1	+	UL48-47-46	UL48	L	0	0	8	13	12	0	0	0	0	0	0	0	0	0	0	0	0	3	0	1	0	0	0	0	0	0	0	0	0	0	0	0	0	2	1	3	0	0	0	0	0	0	0	0	0	0	0	0	0	1	0	0	0	0	0	5	3	47	0	0	0	1	0	0	2	3	2	2	3	0	5	0	2	1
LT934125.1	+	UL49.5-49			0	0	5285	5115	2638	11	7	9	19	17	5	13	29	15	87	135	93	765	781	630	367	1	1	3	1	8	4	1	0	0	2	2	4	4286	4418	4089	5	1	9	19	6	15	19	12	16	169	123	178	494	789	606	1189	1112	174	1068	6322	8381	11161	7	5	2	49	42	207	464	540	409	1907	1644	1288	3290	3060	3975	5883
LT934125.1	+	UL49.5-49	UL49	L	0	0	1082	936	529	7	4	1	12	7	2	5	7	4	33	41	32	125	172	110	45	0	1	0	2	1	3	0	0	0	1	0	0	1227	841	783	1	1	1	5	0	7	4	6	5	29	29	38	81	158	96	204	470	31	171	2035	2924	1728	1	0	0	12	7	55	66	75	55	362	309	479	1177	1012	1022	1061
LT934125.1	+	UL49.5-49	UL49.5	L	0	0	761	759	429	11	6	2	10	19	0	15	6	8	58	87	64	174	173	144	8	1	1	0	4	0	4	1	0	0	6	2	3	722	717	582	10	3	1	12	5	16	12	13	17	57	43	54	161	287	210	180	392	33	24	1721	2676	1584	4	2	1	49	53	70	172	169	142	392	404	418	978	839	934	94
LT934125.1	+	UL5-4			0	0	529	572	371	5	1	2	6	7	0	6	10	2	25	43	33	148	169	120	43	1	0	1	4	1	2	0	0	0	1	2	1	420	444	406	1	3	3	5	1	4	5	5	7	39	28	27	90	162	115	190	230	27	87	218	233	317	0	1	0	7	2	12	54	40	48	164	128	156	272	261	305	216
LT934125.1	+	UL5-4	UL4	L	0	0	112	121	63	0	1	0	1	4	0	5	4	0	6	17	14	31	33	37	0	0	0	0	0	0	0	0	0	0	0	0	0	76	99	81	0	0	0	1	1	3	0	0	1	8	10	9	26	38	30	26	34	3	0	132	166	131	0	0	0	0	1	5	20	17	10	61	50	59	78	82	93	4
LT934125.1	+	UL5-4	UL5	E	0	0	7	9	7	1	1	0	1	1	0	0	4	0	4	5	4	1	2	0	0	0	0	0	0	0	0	0	0	0	0	0	0	4	4	1	2	0	0	0	0	1	0	0	2	1	2	2	5	4	2	3	7	0	0	14	18	0	0	0	0	1	0	1	1	2	0	2	1	4	25	9	8	0
LT934125.1	+	UL51			0	0	241	233	165	1	1	2	0	7	0	2	5	1	19	16	19	92	67	88	26	0	0	0	1	0	1	0	0	0	1	0	0	169	163	175	3	0	4	2	0	2	6	3	6	32	28	32	59	107	91	112	104	11	72	63	81	180	2	1	0	4	2	14	92	105	53	228	200	173	184	212	281	352
LT934125.1	+	UL51	UL51	L	0	0	88	111	73	2	2	1	3	2	0	7	3	1	16	18	13	31	36	33	2	0	0	0	1	0	3	0	0	0	0	0	3	79	76	70	0	1	0	0	0	1	2	0	4	15	18	24	33	88	64	40	39	0	4	66	86	90	1	0	1	3	2	2	87	59	36	135	97	156	164	185	207	23
LT934125.1	+	UL9-8			0	0	700	700	492	10	2	4	8	11	0	4	5	8	20	27	20	170	193	155	34	2	0	1	5	2	8	0	0	0	3	1	0	549	536	496	3	2	6	9	3	7	10	5	14	24	28	41	110	152	108	254	281	26	104	155	192	320	0	4	0	37	32	71	116	110	102	277	214	203	381	348	438	313
LT934125.1	+	UL9-8	UL8	E	0	0	25	15	13	0	1	0	2	0	0	1	1	0	1	1	1	5	3	3	0	0	0	0	0	0	0	0	0	0	0	0	0	13	5	6	0	0	1	0	1	0	2	1	4	1	1	0	4	3	4	6	17	0	2	14	6	10	0	0	0	1	2	3	7	2	2	4	5	11	31	25	18	5
LT934125.1	+	US1			0	0	6965	6134	4554	21	15	8	24	24	3	63	68	43	169	331	225	1476	1598	1508	12	1	5	2	21	15	18	0	0	1	6	8	13	3637	4008	4077	31	14	23	44	16	39	76	55	62	346	349	452	1201	1725	1591	1810	1533	185	44	2597	3071	6183	12	4	4	99	112	237	999	1023	1071	4620	4890	3688	5370	5617	6654	197
LT934125.1	+	US1	US1	E	0	0	1103	1115	1226	15	18	6	27	38	2	65	45	32	147	305	206	421	223	286	0	1	0	0	1	0	1	0	0	0	4	1	2	556	309	404	3	1	5	6	6	15	23	18	16	210	97	173	196	571	458	166	234	28	0	551	550	1356	1	1	1	33	35	47	271	194	169	923	845	1063	1629	1038	1409	2
LT934125.1	+	US3-4			0	0	7465	6810	4968	19	25	16	42	46	3	56	68	28	124	245	139	1241	1416	1182	391	3	6	4	17	13	34	2	1	0	8	11	12	6974	7317	5845	27	16	23	48	22	47	91	68	77	340	294	370	1222	1538	1433	2238	3237	305	1518	6739	9562	9034	13	12	9	71	81	236	607	674	754	3450	3287	2177	8297	6998	6429	7657
LT934125.1	+	US3-4	US3	L	0	0	15	21	19	0	1	1	3	1	0	0	1	0	4	5	9	8	8	7	3	0	1	0	0	0	0	0	0	0	0	2	3	18	12	10	1	0	1	0	0	1	2	2	0	0	0	0	2	5	3	5	30	3	8	30	52	4	1	1	1	9	6	5	1	5	5	14	4	47	113	95	64	27
LT934125.1	+	US3-4	US4	L	0	0	4251	3597	2458	22	26	11	30	26	4	82	62	36	176	297	212	712	711	581	32	4	7	2	10	10	7	2	1	0	8	11	8	3079	2797	1666	11	10	11	30	7	50	48	38	54	153	195	184	518	907	612	519	1807	99	138	8056	11387	3578	0	4	4	39	36	71	279	248	327	1643	1464	1915	7874	6158	5098	759
LT934125.1	+	US6-7			0	0	2009	2069	1314	8	4	2	8	7	0	11	18	10	38	89	66	390	368	347	149	0	2	0	2	2	2	0	0	0	2	2	3	1720	1873	1674	2	5	5	9	7	5	13	12	16	99	80	123	393	522	418	636	615	68	456	1957	2428	4471	3	2	1	12	11	60	237	260	231	1214	1195	620	1886	1642	2066	2453
LT934125.1	+	US6-7	US6	L	0	0	88	73	71	0	1	0	1	1	0	0	3	0	10	18	11	11	14	10	0	0	0	0	0	0	0	0	0	0	0	0	0	42	27	18	0	0	0	0	0	1	2	0	0	2	2	2	3	10	16	9	27	5	5	206	216	113	0	0	0	2	3	0	5	0	5	14	11	36	159	97	81	27
LT934125.1	+	US6-7	US7	L	0	0	468	507	343	5	2	3	4	3	0	5	7	4	47	80	66	143	103	85	1	0	1	0	0	1	2	0	0	0	1	1	2	402	424	325	1	1	1	3	3	6	5	7	7	43	37	34	120	268	218	136	221	19	2	1221	1739	1138	0	1	1	4	6	21	103	86	100	453	383	499	1379	1082	1144	31
LT934125.1	+	US8-9-2			1	0	6197	6354	3486	12	13	8	27	28	3	38	40	19	126	194	150	1031	1057	1024	330	6	5	3	6	3	9	1	0	0	2	3	9	3835	4126	3891	9	10	14	19	12	19	30	26	37	158	151	177	637	875	736	1287	1195	150	743	3145	4030	6186	8	1	4	42	51	169	381	408	294	1575	1409	834	2233	2011	2308	2770
LT934125.1	+	US8-9-2	US2	L	0	0	2330	2436	1167	16	22	13	23	31	2	32	45	19	132	183	156	491	508	443	46	4	4	5	9	7	14	2	2	0	11	5	12	1360	1390	1344	19	8	14	20	19	27	41	30	37	102	65	101	259	529	312	475	634	56	115	1606	2008	1549	3	3	3	74	88	121	259	261	184	653	541	563	1237	990	1264	391
LT934125.1	+	US8-9-2	US8	L	0	0	131	96	111	2	0	0	0	0	0	2	2	0	11	14	18	26	10	11	1	0	0	0	0	0	0	0	0	0	0	0	0	32	7	4	0	1	1	0	0	0	1	0	1	4	1	2	6	4	5	3	38	2	5	116	99	32	0	1	0	1	1	0	4	1	0	13	10	59	154	77	63	17
LT934125.1	+	US8-9-2	US9	L	0	0	458	418	228	0	0	0	0	0	0	8	3	0	25	27	34	47	37	31	17	0	0	0	0	0	0	0	0	0	0	0	0	280	226	206	0	0	0	0	2	1	0	3	1	5	3	6	27	38	33	33	119	10	41	951	1265	616	0	0	0	0	0	6	6	11	11	106	91	154	389	313	343	250
LT934125.1	-				0	0	10448	9498	5605	47	34	15	35	52	5	79	87	33	272	467	344	1832	2057	1831	411	5	9	5	23	22	28	3	2	0	16	20	23	8940	11408	8011	33	40	56	76	32	55	94	104	89	507	459	579	1565	2197	2060	3581	3420	280	831	10315	10351	17417	70	36	27	286	236	568	1287	1452	1624	6687	5764	5536	8057	9201	12689	5763
LT934125.1	-		AZURE	E	0	0	1	2	0	0	0	0	0	0	0	0	0	0	0	0	0	0	1	0	0	0	0	0	0	0	0	0	0	0	0	0	0	0	0	0	0	0	0	0	0	0	0	0	0	1	0	0	1	0	1	0	0	0	0	0	1	0	0	0	0	0	0	0	0	0	0	1	0	0	0	0	0	0
LT934125.1	-		CTO-M	L	0	0	19	10	5	0	0	0	0	0	0	0	0	0	0	0	1	4	3	1	0	0	0	0	0	0	0	0	0	0	0	0	0	30	47	18	0	0	0	0	0	0	0	0	0	0	0	1	0	0	1	0	10	1	0	58	79	44	0	0	0	0	0	0	0	0	0	5	2	6	18	21	15	0
LT934125.1	-		CTO-S	L	0	0	2351	2243	611	2	0	2	3	11	1	27	38	20	207	292	272	842	1213	990	2	0	1	0	0	0	4	1	0	0	1	1	0	7976	12035	6829	2	1	1	16	10	6	2	8	5	300	203	221	653	1632	1071	2565	1349	110	7	24097	17997	33229	1	2	2	1	1	348	860	948	335	5812	3887	7724	6322	9124	10245	139
LT934125.1	-		EP0	E	0	0	82	84	65	0	0	0	1	0	0	0	0	0	2	5	0	19	18	12	0	0	0	0	2	1	2	0	0	0	0	0	2	32	23	33	0	2	0	0	0	4	4	2	2	2	2	2	11	8	14	19	21	2	0	34	31	32	1	0	1	3	3	1	53	54	65	118	122	51	101	105	143	0
LT934125.1	-		IE180	IE	0	0	80	59	40	0	1	0	0	0	0	0	0	0	2	4	2	11	11	11	0	0	0	0	0	0	0	0	1	0	0	0	0	49	67	49	1	1	1	0	0	0	0	0	1	2	1	2	8	7	12	16	14	1	0	79	89	64	36	22	9	19	15	7	18	17	16	55	71	26	146	138	114	0
LT934125.1	-		NOIR_2	E	0	0	68	48	19	0	0	0	0	0	0	0	0	0	0	1	2	7	13	5	2	0	0	0	0	0	0	0	0	0	0	0	0	55	50	27	0	0	0	0	0	1	0	0	0	0	0	0	4	3	9	12	11	0	2	59	52	67	0	0	0	1	0	0	5	21	9	38	39	65	76	61	85	5
LT934125.1	-		UL1	L	0	0	151	109	88	0	0	0	0	2	1	1	3	2	8	9	4	18	18	10	0	0	0	0	0	0	0	0	0	0	0	0	0	98	234	113	0	1	0	1	1	2	2	2	1	10	10	19	51	49	60	21	66	3	0	116	163	155	0	0	1	1	1	2	16	13	18	77	80	43	130	133	116	0
LT934125.1	-		UL10	L	0	0	475	341	218	1	0	0	1	1	1	1	2	2	9	16	9	60	43	35	3	0	0	0	1	0	0	0	0	0	0	0	0	218	359	140	0	0	0	0	0	1	0	0	1	4	4	4	22	16	41	32	95	2	4	885	1288	1049	0	0	0	0	0	5	17	24	21	107	124	89	317	367	282	17
LT934125.1	-		UL15	L	0	0	27	19	15	0	0	0	0	0	0	0	0	0	0	0	0	4	4	1	0	0	0	0	0	0	0	0	0	0	0	0	0	12	9	11	0	0	0	0	0	0	0	0	0	0	2	5	6	6	9	4	9	1	1	6	13	7	0	0	0	0	0	0	4	3	2	8	10	3	24	12	18	0
LT934125.1	-		UL2	E	0	0	88	120	84	2	1	0	1	0	0	3	3	0	5	9	6	29	8	11	0	0	0	0	0	0	0	0	0	0	0	0	0	16	13	20	0	0	1	0	0	0	1	0	1	2	3	5	11	6	15	8	4	2	0	7	6	13	0	0	0	1	2	1	7	9	9	25	19	18	18	22	35	0
LT934125.1	-		UL21	L	0	0	123	112	64	0	0	0	0	0	0	0	2	1	2	5	4	20	7	19	0	0	0	0	0	0	0	0	0	0	0	0	1	77	88	57	1	0	0	0	1	0	0	1	0	4	13	3	19	33	22	30	36	2	2	99	103	147	0	0	0	0	0	2	10	10	9	65	37	42	50	70	64	4
LT934125.1	-		UL24	L	0	0	87	58	37	0	0	0	0	0	0	0	1	0	1	2	0	3	4	3	0	0	0	0	0	0	0	0	0	0	0	0	0	32	58	36	0	0	0	0	0	0	0	0	0	3	1	0	3	8	8	4	12	0	0	43	48	43	0	0	0	0	0	0	2	3	13	39	45	15	56	53	50	0
LT934125.1	-		UL25	L	0	0	15	11	11	0	0	0	0	0	0	0	0	0	0	0	1	2	0	1	0	0	0	0	0	0	0	0	0	0	0	0	0	7	5	2	0	0	0	0	0	0	0	0	0	0	0	0	2	1	0	1	2	1	0	6	5	8	0	0	0	0	0	0	0	1	0	5	1	1	4	2	5	0
LT934125.1	-		UL26	L	0	0	328	222	130	0	0	0	0	0	0	0	1	1	3	6	2	20	25	22	0	0	0	0	0	1	0	0	0	0	0	0	0	101	170	112	0	0	0	0	0	0	0	0	0	8	7	13	46	43	54	31	48	2	0	249	389	331	0	0	0	1	0	2	12	16	13	100	91	39	167	153	121	0
LT934125.1	-		UL26.5	L	0	0	2770	2348	1174	4	6	1	3	6	0	5	8	3	25	31	23	332	282	254	0	2	0	1	1	0	0	0	1	0	1	1	4	895	1069	682	3	4	1	9	4	8	5	9	8	21	18	15	49	68	99	232	192	17	0	2369	2695	2952	0	1	1	14	14	15	174	173	241	999	898	393	1447	1303	1572	0
LT934125.1	-		UL27	L	0	0	314	216	127	1	2	1	1	0	0	1	2	1	11	10	14	38	42	20	0	0	0	0	1	0	0	0	0	0	0	0	0	268	518	189	0	0	0	0	0	1	1	0	0	8	14	12	39	52	61	49	104	5	0	520	753	305	0	0	0	0	3	5	16	20	23	64	69	98	353	418	220	0
LT934125.1	-		UL28	E	0	0	4	5	3	0	0	0	0	0	0	0	0	0	0	1	0	0	0	0	0	0	0	0	0	0	0	0	0	0	0	0	0	2	1	3	0	0	0	0	0	0	0	0	0	0	0	0	0	1	0	2	2	0	0	0	1	2	0	0	0	1	0	0	0	1	0	0	0	1	0	2	0	0
LT934125.1	-		UL29	E	0	0	86	65	47	2	3	1	3	1	0	0	0	1	12	11	7	21	11	10	0	0	2	0	1	2	1	0	0	0	0	0	0	10	8	9	0	1	0	0	1	1	3	0	3	1	7	2	12	9	6	5	25	2	3	32	24	22	0	1	0	24	17	16	11	11	25	29	25	79	156	135	117	13
LT934125.1	-		UL3	L	0	0	115	109	42	0	0	0	0	0	0	1	0	0	3	2	3	16	19	16	0	0	0	0	0	0	1	0	0	0	0	0	0	41	73	63	0	0	0	0	0	0	0	0	0	8	6	8	22	32	33	21	12	1	0	67	56	152	0	0	0	0	0	0	19	16	13	71	66	23	36	56	91	0
LT934125.1	-		UL3.5	L	0	0	710	494	233	0	0	0	0	1	0	1	4	2	3	7	2	76	61	40	0	0	0	0	0	0	0	0	0	0	0	0	0	312	400	287	0	0	0	0	0	0	0	1	0	6	9	3	22	28	41	72	46	7	0	642	789	1362	0	0	0	0	0	9	28	30	34	202	160	77	292	247	316	0
LT934125.1	-		UL31	L	0	0	374	326	273	0	0	0	0	0	0	0	2	0	7	19	5	91	66	50	0	0	0	0	0	0	0	0	0	0	0	0	0	218	211	168	0	0	0	0	0	2	0	0	1	3	2	10	14	21	29	80	42	7	0	393	340	596	0	0	0	0	1	3	74	56	32	201	196	130	234	232	311	0
LT934125.1	-		UL32	L	0	0	1	3	0	0	0	0	0	0	0	0	0	0	0	0	0	0	2	0	0	0	0	0	0	0	0	0	0	0	0	0	0	0	0	0	0	0	0	0	0	0	0	0	0	0	0	1	0	0	1	0	1	0	0	0	1	0	0	0	0	0	0	0	0	1	1	1	1	1	0	2	1	0
LT934125.1	-		UL36	L	0	0	54	33	35	0	0	0	0	0	0	0	1	0	0	0	1	2	2	4	0	0	0	0	0	0	0	0	0	0	0	0	0	39	69	21	0	0	0	0	0	0	0	0	0	0	4	0	1	0	4	6	14	0	0	60	71	37	0	0	0	0	0	0	0	0	1	5	5	6	32	38	28	2
LT934125.1	-		UL37	L	0	0	114	99	77	0	0	0	0	0	0	1	0	1	4	2	5	15	14	5	0	0	0	0	0	0	0	0	0	0	0	0	0	50	40	38	0	0	0	0	0	0	0	1	0	4	0	0	8	12	18	8	17	1	0	46	48	82	0	0	0	0	0	0	6	2	4	25	27	12	30	42	34	0
LT934125.1	-		UL41	L	0	0	173	260	165	3	7	3	8	6	0	7	6	2	23	29	29	85	88	94	4	0	0	0	1	0	1	0	0	0	2	1	3	144	157	138	5	4	5	7	3	4	4	2	6	20	18	16	47	80	63	90	113	9	8	493	606	412	0	2	1	8	5	5	68	47	58	340	270	345	549	581	577	58
LT934125.1	-		UL50	L	0	0	39	50	18	0	0	1	1	3	0	1	1	0	13	5	2	19	18	15	0	0	0	0	0	0	0	0	0	0	0	1	2	15	30	12	1	0	0	4	1	1	2	1	4	6	8	2	10	12	6	17	4	0	0	35	40	39	0	1	0	2	2	3	26	31	23	56	40	45	46	54	45	0
LT934125.1	-		UL52	E	0	0	4	5	3	0	0	0	1	0	0	0	0	0	0	0	0	0	0	0	0	0	0	0	0	0	0	0	0	0	0	0	0	2	4	0	0	0	0	0	0	0	0	0	0	0	0	0	1	0	1	1	3	1	0	1	1	2	1	0	0	0	1	0	0	0	4	2	3	3	2	3	4	0
LT934125.1	-		UL53	L	0	0	8	8	2	0	0	0	0	0	0	0	0	0	1	1	0	3	0	0	1	0	0	0	0	0	0	0	0	0	0	0	0	3	3	5	0	0	0	0	0	0	0	0	0	0	0	0	3	0	1	4	4	0	0	16	13	15	0	0	0	0	0	0	0	1	2	13	10	5	14	9	9	0
LT934125.1	-		UL54	E	0	0	11	18	13	0	0	0	1	1	0	0	1	0	1	3	1	12	6	2	0	0	0	0	0	0	0	0	0	0	0	0	1	9	12	8	1	0	2	0	2	0	0	1	2	0	2	0	3	4	5	8	6	1	0	4	5	7	0	0	0	1	2	3	8	7	7	14	18	12	15	14	17	0
LT934125.1	-		UL6	L	0	0	42	23	21	0	0	0	0	0	0	0	0	0	0	2	0	4	6	1	0	0	0	0	0	0	0	0	0	0	0	0	0	2	5	6	0	1	0	0	0	0	0	0	0	0	0	0	3	2	7	2	2	0	0	5	10	21	0	0	0	0	0	0	1	2	1	10	3	4	13	10	7	0
LT934125.1	-		UL7	E	0	0	60	48	21	1	0	0	1	0	0	0	2	0	3	1	0	9	8	7	0	0	0	0	0	0	0	0	0	0	0	0	0	39	48	37	0	0	0	0	0	0	0	0	1	6	2	4	4	3	9	14	10	1	0	34	39	27	0	0	0	0	0	2	8	4	13	16	6	11	47	36	27	0
LT934125.1	-		US1_2	E	0	0	3437	2192	1792	16	14	5	9	38	2	39	54	23	120	259	117	493	481	385	2	0	0	0	4	5	4	0	0	1	2	8	10	1609	2595	1837	7	7	17	28	12	24	40	38	33	286	423	470	1069	1432	1553	785	694	36	0	2426	2527	3373	0	1	3	48	35	69	408	465	872	3558	3788	1938	3358	3972	4944	7
LT934125.1	-	AZURE			0	0	37	33	24	0	0	0	0	0	0	0	0	0	6	2	5	8	9	17	3	0	0	0	0	0	0	0	0	0	0	1	0	15	30	15	0	0	0	0	1	0	0	0	0	4	3	5	7	11	7	7	18	1	5	3	7	5	0	0	0	0	0	0	0	1	0	1	1	4	7	3	2	0
LT934125.1	-	AZURE	AZURE	E	0	0	1	0	5	0	0	0	0	0	0	0	1	0	2	0	1	0	2	0	0	0	0	0	0	0	1	0	0	0	0	0	0	0	2	0	0	0	0	0	0	0	0	0	0	0	0	0	0	0	0	0	2	0	0	0	0	0	0	0	0	0	0	0	0	0	0	0	0	0	0	0	0	0
LT934125.1	-	CTO			0	0	2188	2165	708	3	0	0	2	15	1	28	26	19	172	220	191	905	1213	919	490	0	1	1	1	1	2	1	0	0	1	1	1	8306	10073	7190	4	1	2	1	3	4	5	4	10	339	331	280	842	1971	1124	2739	1356	222	1000	12922	10223	23107	3	1	1	2	2	421	591	683	277	3560	2545	4504	3564	5391	7495	9366
LT934125.1	-	CTO	CTO-M	L	0	0	18	18	6	0	0	0	0	0	0	0	0	1	0	2	1	0	7	6	0	0	0	0	0	0	0	0	0	0	0	0	0	48	74	27	0	0	0	0	0	0	0	0	0	0	1	0	1	9	7	6	11	0	0	79	107	65	0	1	0	0	0	1	0	1	1	8	6	5	22	24	18	3
LT934125.1	-	CTO	CTO-S	L	0	0	3973	3656	1058	3	6	2	12	40	8	84	74	43	605	793	744	1451	2088	1714	13	0	1	0	0	3	4	0	0	0	2	6	3	15131	22683	11764	11	1	3	38	17	37	16	13	32	665	547	490	1647	3874	2634	4621	3467	203	23	49286	39488	49089	5	3	5	5	5	951	1270	1383	470	8563	5214	15754	12586	19333	19217	290
LT934125.1	-	EP0			0	0	1131	1525	1135	55	47	33	47	56	5	22	27	16	96	152	127	534	676	538	74	18	32	21	61	37	79	5	1	1	15	29	29	755	781	904	42	38	44	53	32	53	75	74	92	104	113	152	388	459	354	609	759	86	192	192	288	212	20	28	20	452	369	364	590	641	733	1419	1291	994	1466	1247	1428	791
LT934125.1	-	EP0	EP0	E	0	0	112	164	80	4	0	0	11	4	1	7	1	2	11	22	23	41	25	34	2	0	3	0	0	1	2	0	0	0	3	5	1	42	42	35	7	3	1	9	2	8	9	4	11	12	11	15	28	65	50	15	64	3	3	90	129	33	0	3	2	45	35	24	70	52	95	162	124	162	349	254	239	6
LT934125.1	-	IE180			0	0	1243	1318	982	8	5	4	3	4	0	5	6	2	15	26	30	195	248	235	37	4	5	6	2	3	3	2	1	1	2	4	1	1020	1032	947	8	12	11	9	2	3	5	8	11	64	44	80	237	298	259	333	498	48	128	401	444	605	231	123	66	132	103	82	145	187	217	814	734	449	1282	1017	1233	337
LT934125.1	-	IE180	IE180	IE	0	0	6	1	6	0	0	0	0	0	0	0	0	0	1	0	0	2	0	0	0	0	0	0	0	0	0	0	0	0	0	0	0	0	0	0	0	0	0	0	0	0	0	0	0	0	0	0	0	0	0	0	2	0	0	2	0	1	0	3	2	3	1	0	1	0	0	0	1	3	9	5	10	1
LT934125.1	-	NOIR_2			0	0	412	303	155	0	0	0	0	5	0	10	9	3	26	28	35	118	212	159	50	0	0	0	0	0	0	0	0	0	0	0	0	1051	1016	704	1	1	5	2	1	3	3	1	6	58	77	61	125	301	257	231	364	23	219	1204	1434	2245	1	1	0	0	2	60	186	208	179	812	762	1147	1109	1382	1306	1252
LT934125.1	-	NOIR_2	NOIR_2	E	0	0	74	51	22	0	0	0	1	0	0	0	0	0	10	7	4	20	28	20	6	0	0	0	0	0	0	0	0	0	0	0	0	176	209	103	0	0	1	2	0	1	1	0	2	7	12	7	16	76	23	31	82	3	25	270	250	213	0	0	0	1	1	6	23	30	24	107	99	246	297	295	292	158
LT934125.1	-	UL1-2-3-3.5			0	0	6007	5883	3138	7	5	1	10	12	1	11	29	16	84	150	107	900	958	831	395	1	2	0	1	6	7	1	0	0	1	4	7	5312	6162	5262	10	6	6	20	3	16	25	26	27	190	179	207	822	1088	915	1432	1443	189	1336	5297	6571	12860	3	6	0	27	21	130	419	473	471	2273	2164	1152	3536	2980	3795	5618
LT934125.1	-	UL1-2-3-3.5	UL1	L	0	0	89	132	87	0	0	0	3	2	0	1	0	0	5	8	10	32	22	19	0	0	0	0	1	1	0	0	0	0	0	1	0	86	29	51	2	1	0	0	0	0	1	0	1	9	11	12	24	56	44	10	41	4	0	187	97	192	0	0	0	1	4	2	20	21	17	72	57	110	304	156	155	1
LT934125.1	-	UL1-2-3-3.5	UL2	E	0	0	68	137	103	1	0	2	0	2	0	0	2	2	10	10	10	42	33	25	0	0	0	0	0	0	0	0	0	0	0	0	0	22	6	11	0	0	0	1	1	1	0	1	1	1	2	0	1	12	7	7	17	4	1	20	17	15	0	0	1	1	0	0	8	8	1	19	17	34	74	40	38	0
LT934125.1	-	UL1-2-3-3.5	UL3	L	0	0	95	146	63	1	0	0	0	1	0	2	3	1	5	9	20	34	20	16	0	0	0	0	0	0	0	0	0	0	0	0	0	66	44	54	0	0	0	0	0	0	0	0	1	1	0	2	8	9	18	13	24	1	1	85	47	105	0	0	0	1	0	3	7	3	5	28	27	47	90	61	88	1
LT934125.1	-	UL1-2-3-3.5	UL3.5	L	0	0	2364	2111	985	4	0	0	3	2	0	17	17	7	63	124	87	271	240	228	40	0	0	0	2	0	0	0	0	0	1	0	0	1934	1900	1604	0	0	1	1	0	2	1	0	0	34	59	39	178	332	269	320	489	34	57	3597	4721	4080	0	0	1	2	1	59	70	53	68	568	412	403	1646	1230	1390	355
LT934125.1	-	UL10			0	0	6054	5060	2940	5	7	2	15	17	1	17	21	9	97	151	129	739	781	777	230	0	0	0	0	2	1	0	0	1	2	2	3	4157	4770	3513	1	0	3	7	4	5	10	10	8	72	75	96	391	568	518	1006	1135	73	589	7423	8908	14045	2	1	0	1	4	174	235	323	240	1486	1485	1404	3451	3657	3514	3786
LT934125.1	-	UL10	UL10	L	0	0	1273	1121	639	2	0	0	1	1	0	20	13	4	76	117	86	158	174	114	186	0	0	0	0	1	1	0	0	0	1	0	1	898	1104	512	0	0	0	0	1	2	3	2	7	16	21	19	87	161	134	104	442	8	426	4912	8396	2298	0	1	0	0	0	58	43	42	34	270	212	600	1633	1873	1054	3561
LT934125.1	-	UL15			0	0	471	415	308	0	0	0	1	1	0	3	4	5	12	21	14	100	101	73	25	1	0	0	0	0	1	0	0	0	0	1	1	380	442	303	1	0	0	3	2	1	4	1	0	11	17	14	61	107	99	120	190	15	77	261	378	334	0	0	0	3	2	14	32	37	39	143	134	165	340	354	276	267
LT934125.1	-	UL15	UL15	L	0	0	19	18	13	0	0	0	2	1	0	0	0	0	1	1	1	2	5	0	0	0	0	0	0	0	0	0	0	0	1	0	0	12	5	4	0	0	0	0	0	0	1	0	0	0	1	0	4	2	0	4	8	1	0	9	15	6	0	0	0	2	0	0	0	1	3	1	2	8	32	24	10	0
LT934125.1	-	UL21			0	0	1063	1082	567	4	3	4	6	5	1	10	8	4	28	40	36	235	211	208	86	0	1	0	2	1	6	0	0	0	2	2	0	995	1232	986	3	3	0	9	3	5	12	6	6	102	88	96	292	454	347	438	373	35	329	753	879	2009	1	1	0	4	1	28	94	104	76	564	417	376	591	596	652	919
LT934125.1	-	UL21	UL21	L	0	0	224	179	111	2	3	1	2	3	0	7	2	5	17	22	15	56	32	36	2	1	0	0	0	0	0	0	0	0	0	0	0	195	136	121	1	0	1	2	2	0	1	1	6	21	11	16	27	50	60	46	102	6	10	235	220	327	0	0	0	3	1	11	23	14	16	88	59	136	174	127	139	35
LT934125.1	-	UL24-25-26-26.5			0	0	10864	10480	6464	18	20	8	41	40	1	41	47	21	126	215	143	1151	1262	1095	483	1	1	0	8	3	11	0	0	0	4	4	2	5587	6367	5502	13	10	6	30	7	17	33	32	38	251	222	310	885	1274	1232	1398	1993	197	1165	6702	9379	12879	7	5	4	79	69	248	585	579	673	3339	3091	1710	4856	4234	4636	5850
LT934125.1	-	UL24-25-26-26.5	UL24	L	0	0	19	12	17	0	0	0	0	0	0	0	0	0	0	0	1	1	1	2	0	0	0	0	0	0	0	0	0	0	0	0	0	3	2	0	0	0	0	0	0	0	0	0	0	0	0	0	0	0	0	0	4	0	1	5	2	7	0	0	0	0	0	0	2	1	0	3	2	5	17	5	7	4
LT934125.1	-	UL24-25-26-26.5	UL25	L	0	0	37	36	75	0	0	0	0	0	0	0	1	0	0	0	1	3	3	2	9	0	0	0	0	0	0	0	0	0	0	0	0	4	3	4	0	0	0	0	0	0	0	0	0	2	2	0	2	3	2	0	1	0	31	12	12	53	0	0	0	0	0	1	3	3	1	7	20	8	21	9	15	141
LT934125.1	-	UL24-25-26-26.5	UL26	L	0	0	466	439	301	0	1	0	2	1	0	11	3	2	19	27	25	42	41	25	2	0	0	0	0	0	0	0	0	0	0	0	0	189	189	138	1	0	0	1	0	0	2	1	1	22	6	15	24	45	45	27	104	7	12	551	1088	413	0	1	0	0	0	9	13	13	13	77	69	106	422	252	205	37
LT934125.1	-	UL24-25-26-26.5	UL26.5	L	0	0	5527	4532	2590	31	23	12	53	38	5	52	56	25	199	293	223	564	602	459	53	4	0	1	11	8	14	2	1	1	6	3	7	2687	3252	2060	7	8	4	14	16	24	42	20	44	131	96	142	372	688	542	424	1454	66	146	6848	12290	4770	1	5	1	76	67	187	235	234	242	1330	1137	1429	4128	3491	3061	931
LT934125.1	-	UL29-28-27			0	0	4608	3945	2446	11	4	6	13	19	3	41	17	19	103	154	124	610	692	599	272	1	4	0	1	2	7	0	0	0	2	2	2	4121	3925	2894	5	6	6	14	7	17	18	18	28	101	93	126	374	519	490	920	1649	128	800	5287	7868	5797	2	3	0	11	17	146	195	185	182	1089	932	1401	3818	3757	3167	5116
LT934125.1	-	UL29-28-27	UL27	L	0	0	354	212	215	1	5	1	2	2	0	12	18	3	47	55	58	39	47	18	0	0	0	1	1	0	3	0	0	0	2	0	0	150	225	57	1	1	1	1	1	0	5	5	4	24	11	18	28	62	57	8	215	13	7	1189	2511	166	0	0	0	4	4	9	8	9	6	29	28	246	781	707	342	44
LT934125.1	-	UL29-28-27	UL28	E	0	0	2	1	0	0	0	0	0	0	0	0	0	1	0	0	1	0	0	0	1	0	0	0	0	0	0	0	0	0	0	0	0	2	0	0	0	0	0	0	0	0	0	0	0	0	0	0	0	0	0	0	1	0	0	1	0	0	0	0	0	0	0	0	0	0	0	0	0	2	5	1	3	0
LT934125.1	-	UL29-28-27	UL29	E	0	0	0	0	0	0	0	0	0	0	0	0	0	0	0	0	0	0	0	0	0	0	0	0	0	0	0	0	0	0	0	0	0	0	0	0	0	0	0	0	0	0	0	0	0	0	0	0	0	0	0	0	0	0	0	1	0	0	0	0	0	0	0	0	0	0	0	0	0	0	0	0	0	0
LT934125.1	-	UL32-31			0	0	2803	2499	1224	1	5	0	7	7	2	21	23	14	92	116	109	445	535	401	333	0	1	0	3	5	1	0	0	0	1	2	1	2762	3787	2784	4	0	3	8	2	5	9	9	7	108	113	131	322	631	463	943	1116	77	835	3010	3760	3622	1	0	0	5	7	103	252	253	177	1176	949	1229	2072	2170	2024	4216
LT934125.1	-	UL32-31	UL31	L	0	0	2440	2018	740	3	3	3	12	10	0	25	31	19	118	145	137	406	495	370	6	1	1	1	4	2	4	0	0	0	3	3	2	2559	3453	1913	2	0	0	12	7	6	10	7	10	79	80	65	194	429	336	679	1214	45	12	6180	7208	3122	0	0	0	6	4	51	280	306	217	1179	902	1876	3207	3542	3135	58
LT934125.1	-	UL32-31	UL32	L	0	0	4	3	2	0	0	0	0	0	0	0	0	0	0	0	0	0	0	1	0	0	0	0	0	0	0	0	0	0	0	0	0	1	1	1	0	0	0	0	0	0	0	0	0	0	1	0	0	1	3	0	1	0	0	0	6	0	0	0	0	1	1	0	0	0	1	0	0	2	6	5	2	0
LT934125.1	-	UL37-36			0	0	3270	2874	1914	18	15	18	13	11	1	18	10	9	60	96	95	405	487	434	231	2	4	3	9	4	13	2	0	1	3	7	10	2798	3173	2582	25	17	29	10	15	15	30	26	26	104	92	104	449	644	495	794	998	86	841	2395	3257	3799	14	18	10	91	104	129	119	126	143	1037	899	633	1803	1563	1537	2581
LT934125.1	-	UL37-36	UL36	L	0	0	8	1	4	0	0	0	0	0	0	0	0	0	0	0	0	1	0	1	0	0	0	0	0	0	0	0	0	0	0	0	0	0	0	0	0	0	0	0	0	0	0	0	0	0	0	0	0	0	0	0	0	0	0	23	8	4	0	0	0	0	0	0	0	0	0	1	1	1	25	10	7	1
LT934125.1	-	UL37-36	UL37	L	0	0	226	240	171	0	0	0	0	0	0	1	1	0	2	6	13	27	23	20	9	0	0	0	0	1	0	0	0	0	0	0	0	96	53	42	0	0	0	0	0	1	0	0	0	7	3	1	4	20	18	16	48	6	27	155	135	236	0	0	0	0	0	1	6	9	5	46	45	56	157	102	96	105
LT934125.1	-	UL41			0	0	22	14	7	0	0	2	0	0	0	0	1	0	1	1	0	3	5	5	3	0	0	0	0	0	0	0	0	0	0	0	0	8	10	10	0	1	0	0	0	0	0	0	0	2	0	2	3	7	7	5	7	0	4	16	11	20	0	1	0	0	0	1	1	5	2	10	7	4	5	13	8	10
LT934125.1	-	UL41	UL41	L	0	0	4	6	6	0	0	1	0	0	0	0	0	0	3	2	1	1	3	7	0	0	0	0	0	0	0	0	0	0	0	0	0	5	5	1	0	0	0	0	0	0	0	0	0	0	0	0	3	2	0	2	2	1	1	17	15	10	0	0	0	0	0	1	1	4	0	11	12	8	16	14	12	3
LT934125.1	-	UL50			0	0	418	498	285	9	8	0	9	10	1	6	14	6	22	44	38	188	171	153	35	1	2	2	9	5	11	0	0	0	2	1	1	338	407	346	6	8	0	4	5	2	7	7	13	41	40	54	114	164	145	190	184	9	76	279	320	492	1	2	0	24	18	57	214	161	119	354	316	318	263	315	406	375
LT934125.1	-	UL50	UL50	L	0	0	172	238	110	3	6	3	12	9	2	9	7	4	38	41	49	77	91	86	5	3	3	1	8	6	3	0	0	0	5	3	3	124	139	75	1	2	5	5	3	11	4	9	23	31	41	34	48	104	59	41	79	8	4	142	192	109	0	1	0	25	14	61	65	68	41	114	105	249	228	247	213	55
LT934125.1	-	UL52-53-54			0	0	1016	1134	846	20	11	8	19	26	2	13	15	5	63	112	74	406	413	427	98	3	3	1	9	7	13	1	0	1	2	8	4	829	829	827	10	8	20	20	17	13	31	26	36	70	70	95	253	436	314	594	564	42	247	652	854	1002	3	7	3	63	47	147	311	295	253	851	771	811	1080	1107	1186	1207
LT934125.1	-	UL52-53-54	UL52	E	0	0	0	2	2	0	0	0	0	0	0	0	0	0	0	0	1	0	1	0	1	0	0	0	0	0	0	0	0	0	0	0	0	0	0	0	0	0	0	0	0	0	0	0	0	0	0	0	0	0	0	0	2	0	0	0	0	0	0	0	0	0	0	0	0	0	0	0	0	0	4	1	0	0
LT934125.1	-	UL52-53-54	UL53	L	0	0	40	31	36	0	0	0	2	0	0	0	1	1	4	0	4	9	5	5	5	0	0	0	0	0	0	0	0	0	0	0	0	23	11	8	0	0	0	0	0	0	1	0	2	0	0	2	1	0	4	3	14	3	8	36	56	22	0	0	0	0	0	1	1	5	2	9	9	20	38	39	43	79
LT934125.1	-	UL52-53-54	UL54	E	0	0	72	98	70	7	4	4	6	3	1	6	8	4	24	38	37	52	57	43	2	0	0	1	3	2	4	0	0	0	3	6	7	72	45	46	5	3	0	3	4	8	11	11	14	8	7	21	25	62	27	40	104	12	16	42	43	23	1	3	2	27	30	45	26	26	21	57	50	120	109	108	147	53
LT934125.1	-	UL7-6			0	0	1195	1085	756	1	2	2	5	8	0	9	9	4	19	39	33	193	210	196	96	0	0	0	0	2	1	0	0	0	0	0	0	698	811	654	0	4	1	0	3	5	3	2	6	31	34	50	135	188	185	245	322	32	249	408	501	606	1	0	0	2	4	10	74	70	98	280	260	192	449	426	432	754
LT934125.1	-	UL7-6	UL6	L	0	0	56	49	30	0	0	0	0	0	0	2	1	0	1	1	1	11	12	8	1	0	0	0	0	0	0	0	0	0	0	0	0	14	12	8	0	0	0	0	0	0	0	0	0	0	0	0	1	1	1	5	9	1	0	36	52	23	0	0	0	0	0	0	1	0	3	5	5	22	58	32	32	2
LT934125.1	-	UL7-6	UL7	E	0	0	235	204	122	1	2	0	0	3	0	4	3	3	11	23	13	45	47	30	1	0	0	0	2	2	0	0	0	0	0	0	0	173	178	130	1	0	0	1	2	2	4	0	1	6	13	21	36	48	41	49	114	8	4	225	263	153	0	0	0	0	0	1	24	20	26	60	56	88	202	154	150	13
LT934125.1	-	US1_2			0	0	6964	6142	4561	21	15	8	24	24	3	62	70	42	172	331	225	1481	1591	1505	12	1	5	2	21	15	18	0	0	1	6	8	13	3640	4014	4095	30	14	23	44	17	39	76	56	62	344	347	450	1203	1728	1592	1814	1537	186	43	2602	3080	6179	12	4	4	99	111	237	1000	1019	1075	4623	4900	3685	5373	5637	6672	198
LT934125.1	-	US1_2	US1_2	E	0	0	1103	1112	1227	15	18	6	27	38	2	66	45	32	145	305	206	422	225	285	0	1	0	0	1	0	1	0	0	0	4	1	2	558	308	404	3	1	5	6	6	15	23	18	16	209	99	173	198	571	459	166	233	28	0	550	549	1360	1	1	1	33	35	47	272	195	170	923	847	1064	1634	1037	1408	2
