seqnames	strand	gene	cluster	TC.start	TC.end	TC.width	support	score	mean_shape	min_shape	max_shape	consensus_peak	min_peak	max_peak	hpi_samples	cell_lines	dcDNA_TC_significance
LT934125.1	+	TC_1	1	1789	1789	0	1	54.540496	0	0	0	1789	1789	1789	6h	C6	*
LT934125.1	+	TC_10	10	11996	12012	12	9	565.806258	0	0	8.67836846429158	12001	11996	12008	12h, 6h, 4h, 8h	C6, PC_12, PK_15	**
LT934125.1	+	TC_100	100	115391	115410	19	2	63.649237	0	0	0	115400	115391	115410	12h, 4h	C6, PC_12	*
LT934125.1	+	TC_101	101	115495	115528	33	5	145.337811	0	0	0	115518	115495	115528	6h, 4h, 12h, 8h	C6, PC_12, PK_15	**
LT934125.1	+	TC_102	102	115569	115569	0	1	430.663221	0	0	0	115569	115569	115569	2.5h	PC_12	*
LT934125.1	+	TC_103	103	115633	115633	0	1	508.388409	0	0	0	115633	115633	115633	2h	C6	*
LT934125.1	+	TC_104	104	115663	115676	8	2	59.6198	0	0	2.54677779500805	115667	115663	115671	8h, 6h	C6, PK_15	*
LT934125.1	+	TC_105	105	115700	115731	22	6	1964.4418	0	0	10.354479562543	115714	115700	115722	12h, 2h, 4h, 6h, 2.5h	C6, PC_12	**
LT934125.1	+	TC_106	106	115754	115775	21	2	338.147983	0	0	0	115764	115754	115775	4h, 6h	C6	**
LT934125.1	+	TC_107	107	115863	115885	22	5	282.061363	0	0	3.58496250072116	115876	115863	115885	12h, 6h, 4h, 2h	C6, PC_12, PK_15	**
LT934125.1	+	TC_108	108	115924	115929	5	2	160.555744	0	0	1	115926	115924	115929	6h, 4h	C6, PC_12	**
LT934125.1	+	TC_109	109	115968	116003	0	1	218.161984	10.3398500028846	10.3398500028846	10.3398500028846	115968	115968	115968	6h	C6	*
LT934125.1	+	TC_11	11	12077	12092	10	10	838.873126	0	0	7.9238883329054	12085	12077	12087	12h, 6h, 4h, 8h	C6, PC_12, PK_15	***
LT934125.1	+	TC_110	110	116075	116075	0	1	54.540496	0	0	0	116075	116075	116075	6h	C6	*
LT934125.1	+	TC_111	111	116108	116108	0	1	51.474752	0	0	0	116108	116108	116108	4h	PC_12	*
LT934125.1	+	TC_112	112	116189	116189	0	1	54.540496	0	0	0	116189	116189	116189	6h	C6	*
LT934125.1	+	TC_113	113	116257	116257	0	1	54.540496	0	0	0	116257	116257	116257	6h	C6	*
LT934125.1	+	TC_114	114	116378	116470	45	19	18578.302421	0	0	23.1592042162047	116439	116417	116462	12h, 2h, 4h, 6h, 8h, 1h, 2.5h	C6, NRK, PC_12, PK_15	***
LT934125.1	+	TC_115	115	116494	116512	18	5	555.200565	0	0	8.9854435874247	116502	116494	116512	12h, 2h, 4h, 6h	PC_12, PK_15	**
LT934125.1	+	TC_116	116	116558	116572	5	13	2288.015798	0	0	4.982892159347	116564	116560	116565	12h, 1h, 8h, 2h, 4h, 6h	C6, PC_12, PK_15	***
LT934125.1	+	TC_117	117	116615	116707	18	10	53884.603204	0	0	25.0635536518426	116629	116621	116639	1h, 2h, 4h, 6h, 2.5h	C6, PC_12, PK_15	***
LT934125.1	+	TC_118	118	116619	116754	15	13	85682.472622	0	0	33.2200704461739	116674	116669	116684	12h, 4h, 8h, 1.5h, 1h, 2.5h, 2h	C6, PC_12, PK_15	***
LT934125.1	+	TC_119	119	116619	116754	22	17	85696.817641	0	0	32.9799973178004	116735	116728	116750	12h, 1h, 4h, 6h, 8h, 0.5h, 1.5h, 2.5h, 2h	C6, PC_12, PK_15	***
LT934125.1	+	TC_12	12	12166	12177	3	9	1459.583808	0	0	6.20724918161967	12169	12168	12171	12h, 8h, 4h, 6h	C6, PC_12, PK_15	***
LT934125.1	+	TC_120	120	116837	116837	0	1	54.540496	0	0	0	116837	116837	116837	6h	C6	*
LT934125.1	+	TC_121	121	116937	116962	0	23	1187622.083052	0	0	1.16852966640376	116962	116962	116962	12h, 1h, 2h, 4h, 6h, 8h, 0.5h, 1.5h, 2.5h	C6, NRK, PC_12, PK_15	***
LT934125.1	+	TC_122	122	117026	117026	0	1	51.474752	0	0	0	117026	117026	117026	4h	PC_12	*
LT934125.1	+	TC_123	123	119498	119498	0	1	54.540496	0	0	0	119498	119498	119498	6h	C6	*
LT934125.1	+	TC_124	124	119923	119923	0	1	13.527004	0	0	0	119923	119923	119923	12h	PC_12	*
LT934125.1	+	TC_125	125	120049	120049	0	1	261.437908	0	0	0	120049	120049	120049	2h	PC_12	*
LT934125.1	+	TC_126	126	120404	120404	0	1	54.540496	0	0	0	120404	120404	120404	6h	C6	*
LT934125.1	+	TC_127	127	120462	120478	0	23	1683816.66367	1.83659166810231	1.83659166810231	4.06785387158416	120477	120477	120477	12h, 1h, 2h, 4h, 6h, 8h, 0.5h, 1.5h, 2.5h	C6, NRK, PC_12, PK_15	***
LT934125.1	+	TC_128	128	120564	120564	0	1	261.437908	0	0	0	120564	120564	120564	2h	PC_12	*
LT934125.1	+	TC_129	129	122409	122409	0	1	54.540496	0	0	0	122409	122409	122409	6h	C6	*
LT934125.1	+	TC_13	13	12221	12235	8	2	115.992027	0	0	2.69853231353071	12231	12227	12235	12h, 2h	C6, PK_15	**
LT934125.1	+	TC_130	130	122462	122462	0	1	283.607487	0	0	0	122462	122462	122462	4h	C6	*
LT934125.1	+	TC_131	131	122898	122916	0	22	340294.670944	1.33315671595076	1.33315671595076	4.06116642219662	122915	122915	122915	12h, 1h, 2h, 4h, 6h, 8h, 1.5h, 2.5h	C6, NRK, PC_12, PK_15	***
LT934125.1	+	TC_132	132	122956	122956	0	1	430.663221	0	0	0	122956	122956	122956	2.5h	PC_12	*
LT934125.1	+	TC_133	133	124451	124451	0	1	51.474752	0	0	0	124451	124451	124451	4h	PC_12	*
LT934125.1	+	TC_134	134	124808	124808	0	1	25.623615	0	0	0	124808	124808	124808	6h	PC_12	*
LT934125.1	+	TC_135	135	125131	125131	0	3	156.640526	0	0	0	125131	125131	125131	6h, 8h, 12h	C6, PC_12, PK_15	**
LT934125.1	+	TC_136	136	125220	125242	0	22	308634.390524	0	0	5.6398948456454	125230	125230	125230	12h, 1h, 2h, 4h, 6h, 8h, 1.5h, 2.5h	C6, NRK, PC_12, PK_15	***
LT934125.1	+	TC_137	137	125618	125618	0	1	84.338366	0	0	0	125618	125618	125618	2h	PK_15	*
LT934125.1	+	TC_138	138	125876	125876	0	1	51.474752	0	0	0	125876	125876	125876	4h	PC_12	*
LT934125.1	+	TC_139	139	126137	126154	0	23	1064303.084284	0	0	4.26519146781086	126151	126151	126151	12h, 1h, 2h, 4h, 6h, 8h, 0.5h, 1.5h, 2.5h	C6, NRK, PC_12, PK_15	***
LT934125.1	+	TC_14	14	15554	15554	0	1	22.858188	0	0	0	15554	15554	15554	8h	PC_12	*
LT934125.1	+	TC_140	140	126457	126467	0	9	2661.372417	0	0	4.68266711174451	126462	126462	126462	12h, 1h, 8h, 1.5h, 4h, 6h	C6, PC_12, PK_15	***
LT934125.1	+	TC_141	141	127001	127001	0	1	51.474752	0	0	0	127001	127001	127001	4h	PC_12	*
LT934125.1	+	TC_142	142	127069	127069	0	1	261.437908	0	0	0	127069	127069	127069	2h	PC_12	*
LT934125.1	+	TC_143	143	127109	127131	21	17	8432.035269	0	0	5.56999985547025	127116	127110	127131	12h, 1h, 2h, 4h, 6h, 8h, 2.5h	C6, PC_12, PK_15	***
LT934125.1	+	TC_144	144	127174	127189	15	5	379.142863	0	0	0	127177	127174	127189	12h, 2h, 4h, 8h	C6, PC_12, PK_15	**
LT934125.1	+	TC_145	145	127252	127252	0	1	25.623615	0	0	0	127252	127252	127252	6h	PC_12	*
LT934125.1	+	TC_146	146	127362	127362	0	1	51.474752	0	0	0	127362	127362	127362	4h	PC_12	*
LT934125.1	+	TC_147	147	127464	127464	0	3	49.342415	0	0	0	127464	127464	127464	12h, 6h, 8h	PK_15	*
LT934125.1	+	TC_148	148	127553	127553	0	1	84.338366	0	0	0	127553	127553	127553	2h	PK_15	*
LT934125.1	+	TC_149	149	127618	127642	24	2	67.012714	0	0	0	127630	127618	127642	6h, 8h	C6, PK_15	*
LT934125.1	+	TC_15	15	15608	15612	0	1	38.958351	2.21612714257854	2.21612714257854	2.21612714257854	15612	15612	15612	12h	C6	*
LT934125.1	+	TC_150	150	127693	127693	0	1	84.338366	0	0	0	127693	127693	127693	2h	PK_15	*
LT934125.1	+	TC_151	151	127750	127750	0	1	25.154828	0	0	0	127750	127750	127750	6h	PK_15	*
LT934125.1	+	TC_152	152	127837	127837	0	1	261.437908	0	0	0	127837	127837	127837	2h	PC_12	*
LT934125.1	+	TC_153	153	128130	128130	0	1	54.540496	0	0	0	128130	128130	128130	6h	C6	*
LT934125.1	+	TC_154	154	128732	128732	0	1	15.092897	0	0	0	128732	128732	128732	6h	PK_15	*
LT934125.1	+	TC_155	155	131296	131296	0	1	51.474752	0	0	0	131296	131296	131296	4h	PC_12	
LT934125.1	+	TC_156	156	131952	131952	0	1	430.663221	0	0	0	131952	131952	131952	2.5h	PC_12	
LT934125.1	+	TC_157	157	133508	133515	6	13	21962.283193	0	0	4.44955227767627	133510	133508	133514	6h, 8h, 0.5h, 12h, 1h, 2h, 4h	C6, PC_12, PK_15	
LT934125.1	+	TC_158	158	134958	134958	0	1	51.474752	0	0	0	134958	134958	134958	4h	PC_12	
LT934125.1	+	TC_159	159	135216	135216	0	1	51.474752	0	0	0	135216	135216	135216	4h	PC_12	
LT934125.1	+	TC_16	16	15744	15744	0	3	38.54121	0	0	0	15744	15744	15744	12h, 8h	C6, PK_15	*
LT934125.1	+	TC_160	160	135580	135580	0	1	25.623615	0	0	0	135580	135580	135580	6h	PC_12	
LT934125.1	+	TC_161	161	136215	136215	0	1	54.540496	0	0	0	136215	136215	136215	6h	C6	*
LT934125.1	+	TC_162	162	136599	136599	0	1	54.540496	0	0	0	136599	136599	136599	6h	C6	*
LT934125.1	+	TC_163	163	136688	136688	0	1	84.338366	0	0	0	136688	136688	136688	2h	PK_15	*
LT934125.1	+	TC_164	164	137655	137655	0	1	54.540496	0	0	0	137655	137655	137655	6h	C6	*
LT934125.1	+	TC_165	165	138326	138326	0	1	748.502994	0	0	0	138326	138326	138326	1h	PK_15	*
LT934125.1	+	TC_166	166	141344	141360	2	23	569518.064749	0	0	4.09706862941342	141356	141354	141356	12h, 1h, 2h, 4h, 6h, 8h, 0.5h, 1.5h, 2.5h	C6, NRK, PC_12, PK_15	***
LT934125.1	+	TC_167	167	141404	141404	0	1	84.338366	0	0	0	141404	141404	141404	2h	PK_15	*
LT934125.1	+	TC_168	168	142452	142452	0	1	51.474752	0	0	0	142452	142452	142452	4h	PC_12	*
LT934125.1	+	TC_17	17	15782	15782	0	1	748.502994	0	0	0	15782	15782	15782	1h	PK_15	*
LT934125.1	+	TC_18	18	16209	16228	0	23	759674.267904	0	0	3.6476343209443	16224	16224	16224	12h, 1h, 2h, 4h, 6h, 8h, 0.5h, 1.5h, 2.5h	C6, NRK, PC_12, PK_15	***
LT934125.1	+	TC_19	19	28614	28633	1	21	39727.818003	0	0	2.51210612869226	28632	28631	28632	12h, 1h, 2h, 4h, 6h, 8h, 1.5h, 2.5h	C6, NRK, PC_12, PK_15	***
LT934125.1	+	TC_2	2	2259	2275	1	23	469991.551327	0.743340428785194	0.743340428785194	3.73964455027798	2273	2272	2273	12h, 1h, 2h, 4h, 6h, 8h, 0.5h, 1.5h, 2.5h	C6, NRK, PC_12, PK_15	***
LT934125.1	+	TC_20	20	28877	28877	0	1	54.540496	0	0	0	28877	28877	28877	6h	C6	*
LT934125.1	+	TC_21	21	28947	28947	0	1	84.338366	0	0	0	28947	28947	28947	2h	PK_15	*
LT934125.1	+	TC_22	22	32187	32187	0	1	84.338366	0	0	0	32187	32187	32187	2h	PK_15	*
LT934125.1	+	TC_23	23	32276	32276	0	1	25.623615	0	0	0	32276	32276	32276	6h	PC_12	*
LT934125.1	+	TC_24	24	32402	32416	0	22	1127627.341637	0	0	1.70910005974331	32415	32415	32415	12h, 1h, 2h, 4h, 6h, 8h, 1.5h, 2.5h	C6, NRK, PC_12, PK_15	***
LT934125.1	+	TC_25	25	32516	32516	0	1	84.338366	0	0	0	32516	32516	32516	2h	PK_15	*
LT934125.1	+	TC_26	26	32704	32704	0	1	24.403041	0	0	0	32704	32704	32704	8h	C6	*
LT934125.1	+	TC_27	27	35560	35560	0	1	51.474752	0	0	0	35560	35560	35560	4h	PC_12	
LT934125.1	+	TC_28	28	44777	44777	0	1	54.540496	0	0	0	44777	44777	44777	6h	C6	
LT934125.1	+	TC_29	29	45056	45056	0	1	25.623615	0	0	0	45056	45056	45056	6h	PC_12	*
LT934125.1	+	TC_3	3	7254	7254	0	1	54.540496	0	0	0	7254	7254	7254	6h	C6	*
LT934125.1	+	TC_30	30	45890	45890	0	2	40.716512	0	0	0	45890	45890	45890	6h	PC_12, PK_15	*
LT934125.1	+	TC_31	31	46021	46040	4	22	245317.60168	0	0	2.32192809488736	46038	46034	46038	12h, 1h, 2h, 4h, 6h, 8h, 1.5h, 2.5h	C6, NRK, PC_12, PK_15	***
LT934125.1	+	TC_32	32	49161	49161	0	2	40.716512	0	0	0	49161	49161	49161	6h	PC_12, PK_15	*
LT934125.1	+	TC_33	33	49636	49649	0	23	1216962.159449	0	0	1.66829136646861	49647	49647	49647	12h, 1h, 2h, 4h, 6h, 8h, 0.5h, 1.5h, 2.5h	C6, NRK, PC_12, PK_15	***
LT934125.1	+	TC_34	34	50248	50248	0	1	283.607487	0	0	0	50248	50248	50248	4h	C6	*
LT934125.1	+	TC_35	35	51338	51338	0	1	283.607487	0	0	0	51338	51338	51338	4h	C6	*
LT934125.1	+	TC_36	36	51840	51840	0	1	51.474752	0	0	0	51840	51840	51840	4h	PC_12	*
LT934125.1	+	TC_37	37	52420	52443	2	23	308606.953114	1.39153684928489	1.39153684928489	7.30363308574996	52437	52435	52437	12h, 1h, 2h, 4h, 6h, 8h, 0.5h, 1.5h, 2.5h	C6, NRK, PC_12, PK_15	***
LT934125.1	+	TC_38	38	53413	53413	0	1	430.663221	0	0	0	53413	53413	53413	2.5h	PC_12	*
LT934125.1	+	TC_39	39	53577	53607	6	23	404580.46576	0	0	11.962302533691	53594	53592	53598	12h, 1h, 2h, 4h, 6h, 8h, 0.5h, 1.5h, 2.5h	C6, NRK, PC_12, PK_15	***
LT934125.1	+	TC_4	4	8509	8528	0	21	77380.566775	0	0	5.7977921798273	8523	8523	8523	12h, 1h, 2h, 4h, 6h, 8h, 1.5h, 2.5h	C6, NRK, PC_12, PK_15	***
LT934125.1	+	TC_40	40	54100	54100	0	1	13.894507	0	0	0	54100	54100	54100	12h	PK_15	*
LT934125.1	+	TC_41	41	54804	54804	0	2	30.047723	0	0	0	54804	54804	54804	12h	C6, PK_15	*
LT934125.1	+	TC_42	42	55146	55161	3	22	310850.886885	0	0	3.34184433855595	55161	55158	55161	12h, 1h, 2h, 4h, 6h, 8h, 1.5h, 2.5h	C6, NRK, PC_12, PK_15	***
LT934125.1	+	TC_43	43	55262	55279	17	15	5074.815935	0	0	9.12255624629123	55270	55262	55279	12h, 4h, 6h, 8h, 1h, 2.5h, 2h	C6, PC_12, PK_15	***
LT934125.1	+	TC_44	44	55471	55474	3	7	948.713997	0	0	0	55471	55471	55474	12h, 4h, 2h, 8h, 6h	C6, PC_12, PK_15	***
LT934125.1	+	TC_45	45	56189	56189	0	5	167.324543	0	0	0	56189	56189	56189	12h, 6h, 8h	C6, PC_12, PK_15	**
LT934125.1	+	TC_46	46	59788	59795	7	2	63.649237	0	0	0	59792	59788	59795	12h, 4h	C6, PC_12	*
LT934125.1	+	TC_47	47	60240	60256	0	22	487534.872193	0	0	2.44633855118237	60251	60251	60251	12h, 1h, 2h, 4h, 6h, 8h, 1.5h, 2.5h	C6, NRK, PC_12, PK_15	***
LT934125.1	+	TC_48	48	61262	61262	0	2	28.619901	0	0	0	61262	61262	61262	12h, 6h	PC_12, PK_15	*
LT934125.1	+	TC_49	49	62133	62133	0	1	51.474752	0	0	0	62133	62133	62133	4h	PC_12	*
LT934125.1	+	TC_5	5	9272	9279	7	3	101.2033	0	0	2.95568441820438	9277	9272	9279	8h, 4h, 6h	C6, PK_15	**
LT934125.1	+	TC_50	50	62328	62343	2	21	169879.883627	0	0	2.76924993245003	62340	62338	62340	12h, 1h, 2h, 4h, 6h, 8h, 1.5h, 2.5h	C6, NRK, PC_12, PK_15	***
LT934125.1	+	TC_51	51	63160	63160	0	1	27.789013	0	0	0	63160	63160	63160	12h	PK_15	*
LT934125.1	+	TC_52	52	63412	63421	0	11	1600.538923	0	0	4.75488750686169	63420	63420	63420	12h, 6h, 8h, 4h, 2h	C6, PC_12, PK_15	***
LT934125.1	+	TC_53	53	65742	65742	0	1	51.474752	0	0	0	65742	65742	65742	4h	PC_12	*
LT934125.1	+	TC_54	54	67067	67067	0	1	84.338366	0	0	0	67067	67067	67067	2h	PK_15	*
LT934125.1	+	TC_55	55	68749	68749	0	2	39.134539	0	0	0	68749	68749	68749	12h	C6, PK_15	*
LT934125.1	+	TC_56	56	70083	70083	0	1	261.437908	0	0	0	70083	70083	70083	2h	PC_12	*
LT934125.1	+	TC_57	57	70512	70521	3	22	211664.741109	0	0	2.68595916787363	70521	70518	70521	12h, 1h, 2h, 4h, 6h, 8h, 1.5h, 2.5h	C6, NRK, PC_12, PK_15	***
LT934125.1	+	TC_58	58	71516	71546	9	22	341527.247706	0	0	8.92057939767715	71543	71535	71544	12h, 1h, 2h, 4h, 6h, 8h, 1.5h, 2.5h	C6, NRK, PC_12, PK_15	***
LT934125.1	+	TC_59	59	75633	75669	21	15	5632.952412	0	0	8.68380238339028	75651	75648	75669	12h, 4h, 6h, 8h, 2h, 1.5h	C6, NRK, PC_12, PK_15	***
LT934125.1	+	TC_6	6	9934	9934	0	1	261.437908	0	0	0	9934	9934	9934	2h	PC_12	*
LT934125.1	+	TC_60	60	77133	77133	0	1	54.540496	0	0	0	77133	77133	77133	6h	C6	*
LT934125.1	+	TC_61	61	79982	80001	0	23	954960.005264	0.683145415826468	0.683145415826468	2.75325693640152	79996	79996	79996	12h, 1h, 2h, 4h, 6h, 8h, 0.5h, 1.5h, 2.5h	C6, NRK, PC_12, PK_15	***
LT934125.1	+	TC_62	62	80858	80858	0	1	54.540496	0	0	0	80858	80858	80858	6h	C6	*
LT934125.1	+	TC_63	63	81796	81806	4	7	334.225262	0	0	7.86870370725247	81798	81797	81801	8h, 12h, 4h, 6h	C6, PC_12, PK_15	**
LT934125.1	+	TC_64	64	86151	86169	0	22	141399.143852	0	0	3.48289214233104	86167	86167	86167	12h, 1h, 2h, 4h, 6h, 8h, 1.5h, 2.5h	C6, NRK, PC_12, PK_15	***
LT934125.1	+	TC_65	65	87215	87215	0	1	54.540496	0	0	0	87215	87215	87215	6h	C6	*
LT934125.1	+	TC_66	66	91544	91562	18	18	7918.845348	0	0	7.99914976408009	91555	91544	91562	12h, 1h, 4h, 6h, 8h, 1.5h, 2h	C6, NRK, PC_12, PK_15	***
LT934125.1	+	TC_67	67	92045	92059	0	22	113643.629086	0	0	5.01707192617326	92059	92059	92059	12h, 1h, 2h, 4h, 6h, 8h, 1.5h, 2.5h	C6, NRK, PC_12, PK_15	***
LT934125.1	+	TC_68	68	92304	92304	0	2	77.098367	0	0	0	92304	92304	92304	4h, 6h	PC_12	*
LT934125.1	+	TC_69	69	92467	92467	0	1	51.474752	0	0	0	92467	92467	92467	4h	PC_12	*
LT934125.1	+	TC_7	7	9986	9986	0	1	51.474752	0	0	0	9986	9986	9986	4h	PC_12	*
LT934125.1	+	TC_70	70	92496	92496	0	3	58.09815	0	0	0	92496	92496	92496	6h, 12h	PC_12, PK_15	*
LT934125.1	+	TC_71	71	92614	92621	7	3	146.619957	0	0	0	92616	92614	92621	4h, 12h, 2h	PC_12, PK_15	**
LT934125.1	+	TC_72	72	92906	92906	0	1	84.338366	0	0	0	92906	92906	92906	2h	PK_15	*
LT934125.1	+	TC_73	73	93375	93375	0	1	84.338366	0	0	0	93375	93375	93375	2h	PK_15	*
LT934125.1	+	TC_74	74	93408	93408	0	1	508.388409	0	0	0	93408	93408	93408	2h	C6	*
LT934125.1	+	TC_75	75	94428	94428	0	1	54.540496	0	0	0	94428	94428	94428	6h	C6	*
LT934125.1	+	TC_76	76	95020	95020	0	1	25.623615	0	0	0	95020	95020	95020	6h	PC_12	
LT934125.1	+	TC_77	77	95869	95869	0	2	47.814286	0	0	0	95869	95869	95869	12h, 8h	PC_12	*
LT934125.1	+	TC_78	78	96005	96029	24	3	718.302262	0	0	0	96019	96005	96029	1h, 8h, 4h	C6, PK_15	
LT934125.1	+	TC_79	79	96906	96906	0	8	699.530262	0	0	0	96906	96906	96906	6h, 8h, 2h, 4h	C6, PC_12, PK_15	
LT934125.1	+	TC_8	8	10332	10332	0	1	816.993464	0	0	0	10332	10332	10332	2h	NRK	*
LT934125.1	+	TC_80	80	99189	99189	0	1	17.044279	0	0	0	99189	99189	99189	12h	C6	
LT934125.1	+	TC_81	81	99507	99515	8	2	76.454568	0	0	0	99511	99507	99515	12h, 6h	C6	
LT934125.1	+	TC_82	82	99869	99869	0	2	104.75464	0	0	0	99869	99869	99869	12h, 8h	C6	
LT934125.1	+	TC_83	83	101312	101312	0	1	54.540496	0	0	0	101312	101312	101312	6h	C6	*
LT934125.1	+	TC_84	84	102385	102393	3	10	3033.819758	0	0	4.16727921661601	102392	102390	102393	6h, 2h, 1.5h, 12h, 8h	C6, NRK, PC_12, PK_15	***
LT934125.1	+	TC_85	85	102419	102422	3	5	1186.893285	0	0	1.4554644705856	102421	102419	102422	12h, 8h, 2.5h, 4h, 6h	C6, PC_12, PK_15	**
LT934125.1	+	TC_86	86	103071	103071	0	1	54.540496	0	0	0	103071	103071	103071	6h	C6	*
LT934125.1	+	TC_87	87	107969	107989	20	2	108.108229	0	0	1.69070188765352	107979	107969	107989	12h, 6h	C6	**
LT934125.1	+	TC_88	88	108051	108079	20	4	166.597853	0	0	4.32247883612704	108066	108051	108071	12h, 8h	C6, PC_12	**
LT934125.1	+	TC_89	89	108120	108152	32	5	204.584324	0	0	0	108144	108120	108152	12h, 8h, 4h	C6, PC_12	**
LT934125.1	+	TC_9	9	10412	10431	5	23	782038.383693	1.23677972418411	1.23677972418411	6.99540802087286	10426	10421	10426	12h, 1h, 2h, 4h, 6h, 8h, 0.5h, 1.5h, 2.5h	C6, NRK, PC_12, PK_15	***
LT934125.1	+	TC_90	90	108206	108252	27	7	348.691894	0	0	5.55458885167764	108228	108206	108233	12h, 6h, 8h, 4h	C6, PC_12	**
LT934125.1	+	TC_91	91	108505	108506	0	1	31.653661	0.961236604722876	0.961236604722876	0.961236604722876	108506	108506	108506	12h	C6	*
LT934125.1	+	TC_92	92	108698	108698	0	1	51.474752	0	0	0	108698	108698	108698	4h	PC_12	*
LT934125.1	+	TC_93	93	108816	108832	0	18	125236.100132	0	0	4.62538946333354	108829	108829	108829	12h, 2h, 4h, 6h, 8h, 1h, 2.5h	C6, PC_12, PK_15	***
LT934125.1	+	TC_94	94	113804	113804	0	1	261.437908	0	0	0	113804	113804	113804	2h	PC_12	*
LT934125.1	+	TC_95	95	114067	114067	0	1	54.540496	0	0	0	114067	114067	114067	6h	C6	*
LT934125.1	+	TC_96	96	115079	115113	34	3	115.521063	0	0	1	115094	115079	115113	12h, 6h, 8h	C6	**
LT934125.1	+	TC_97	97	115186	115235	42	12	4364.562941	0	0	10.1864825477502	115211	115186	115228	12h, 2h, 4h, 6h, 8h, 1h, 2.5h	C6, NRK, PC_12, PK_15	***
LT934125.1	+	TC_98	98	115335	115335	0	1	508.388409	0	0	0	115335	115335	115335	2h	C6	*
LT934125.1	+	TC_99	99	115366	115366	0	1	54.540496	0	0	0	115366	115366	115366	6h	C6	*
LT934125.1	-	TC_169	169	990	990	0	4	103.891566	0	0	0	990	990	990	12h, 8h, 6h	C6, PC_12	**
LT934125.1	-	TC_170	170	1521	1521	0	1	51.474752	0	0	0	1521	1521	1521	4h	PC_12	*
LT934125.1	-	TC_171	171	2440	2440	0	1	84.338366	0	0	0	2440	2440	2440	2h	PK_15	*
LT934125.1	-	TC_172	172	2576	2576	0	1	652.315721	0	0	0	2576	2576	2576	1h	C6	*
LT934125.1	-	TC_173	173	2776	2790	0	23	473004.717011	0	0	3.09758988122536	2778	2778	2778	12h, 1h, 2h, 4h, 6h, 8h, 0.5h, 1.5h, 2.5h	C6, NRK, PC_12, PK_15	***
LT934125.1	-	TC_174	174	5410	5410	0	1	54.540496	0	0	0	5410	5410	5410	6h	C6	*
LT934125.1	-	TC_175	175	8486	8502	0	22	276086.28433	0.175565025743017	0.175565025743017	3.49293159689966	8487	8487	8487	12h, 1h, 2h, 4h, 6h, 8h, 1.5h, 2.5h	C6, NRK, PC_12, PK_15	***
LT934125.1	-	TC_176	176	9270	9270	0	4	103.961562	0	0	0	9270	9270	9270	8h, 12h, 4h	C6, PK_15	**
LT934125.1	-	TC_177	177	9644	9644	0	2	25.899736	0	0	0	9644	9644	9644	12h, 6h	PK_15	
LT934125.1	-	TC_178	178	12905	12905	0	1	54.540496	0	0	0	12905	12905	12905	6h	C6	
LT934125.1	-	TC_179	179	16417	16417	0	1	1283.697047	0	0	0	16417	16417	16417	1.5h	PC_12	*
LT934125.1	-	TC_180	180	16511	16511	0	1	51.474752	0	0	0	16511	16511	16511	4h	PC_12	*
LT934125.1	-	TC_181	181	16579	16599	0	22	438345.207477	1.45546446151108	1.45546446151108	4.98289214233104	16581	16581	16581	12h, 1h, 2h, 4h, 6h, 8h, 1.5h, 2.5h	C6, NRK, PC_12, PK_15	***
LT934125.1	-	TC_182	182	17685	17685	0	1	51.474752	0	0	0	17685	17685	17685	4h	PC_12	*
LT934125.1	-	TC_183	183	18040	18044	2	5	191.518779	0	0	1.58496250072116	18040	18040	18042	6h, 8h, 12h	C6, PC_12, PK_15	**
LT934125.1	-	TC_184	184	18580	18584	4	4	62.962979	0	0	0	18582	18580	18584	12h, 8h	C6, PC_12, PK_15	*
LT934125.1	-	TC_185	185	21472	21492	2	23	438844.794904	0	0	3.80286123746612	21477	21475	21477	12h, 1h, 2h, 4h, 6h, 8h, 0.5h, 1.5h, 2.5h	C6, NRK, PC_12, PK_15	***
LT934125.1	-	TC_186	186	21598	21598	0	2	35.032673	0	0	0	21598	21598	21598	12h, 8h	C6, PC_12	*
LT934125.1	-	TC_187	187	22416	22416	0	1	51.474752	0	0	0	22416	22416	22416	4h	PC_12	*
LT934125.1	-	TC_188	188	26603	26603	0	1	54.540496	0	0	0	26603	26603	26603	6h	C6	*
LT934125.1	-	TC_189	189	28415	28445	0	22	546234.552414	0	0	5.6481761216813	28429	28429	28429	12h, 1h, 2h, 4h, 6h, 8h, 1.5h, 2.5h	C6, NRK, PC_12, PK_15	***
LT934125.1	-	TC_190	190	30522	30522	0	1	51.474752	0	0	0	30522	30522	30522	4h	PC_12	*
LT934125.1	-	TC_191	191	31685	31685	0	1	51.474752	0	0	0	31685	31685	31685	4h	PC_12	*
LT934125.1	-	TC_192	192	31899	31899	0	1	51.474752	0	0	0	31899	31899	31899	4h	PC_12	*
LT934125.1	-	TC_193	193	32036	32040	2	12	1580.344919	0	0	3.12255625191463	32038	32036	32038	12h, 6h, 8h, 4h, 2h	C6, PC_12, PK_15	***
LT934125.1	-	TC_194	194	32135	32135	0	1	54.540496	0	0	0	32135	32135	32135	6h	C6	*
LT934125.1	-	TC_195	195	32170	32185	15	2	107.196554	0	0	0	32178	32170	32185	8h, 2h	PC_12, PK_15	**
LT934125.1	-	TC_196	196	32685	32696	0	23	414518.927567	0	0	3.68016895976738	32686	32686	32686	12h, 1h, 2h, 4h, 6h, 8h, 0.5h, 1.5h, 2.5h	C6, NRK, PC_12, PK_15	***
LT934125.1	-	TC_197	197	35870	35870	0	1	54.540496	0	0	0	35870	35870	35870	6h	C6	*
LT934125.1	-	TC_198	198	42005	42012	0	21	88092.327434	0	0	3.52192809435073	42005	42005	42005	12h, 1h, 2h, 4h, 6h, 8h, 1.5h, 2.5h	C6, NRK, PC_12, PK_15	***
LT934125.1	-	TC_199	199	50025	50062	37	16	5767.087778	0	0	11.0114583460178	50030	50025	50062	12h, 1h, 2h, 6h, 8h, 2.5h, 4h	C6, NRK, PC_12, PK_15	***
LT934125.1	-	TC_200	200	50375	50375	0	1	51.474752	0	0	0	50375	50375	50375	4h	PC_12	*
LT934125.1	-	TC_201	201	52392	52410	18	3	1987.48752	0	0	0	52398	52392	52410	1h, 1.5h, 4h	C6, PC_12	**
LT934125.1	-	TC_202	202	52444	52445	1	4	139.705754	0	0	0	52445	52444	52445	6h, 12h, 4h	C6, PC_12, PK_15	**
LT934125.1	-	TC_203	203	52695	52695	0	1	51.474752	0	0	0	52695	52695	52695	4h	PC_12	
LT934125.1	-	TC_204	204	52799	52799	0	1	51.474752	0	0	0	52799	52799	52799	4h	PC_12	*
LT934125.1	-	TC_205	205	53649	53649	0	1	10.806839	0	0	0	53649	53649	53649	12h	PK_15	*
LT934125.1	-	TC_206	206	53788	53792	4	2	32.075072	0	0	0	53790	53788	53792	12h, 6h	PK_15	*
LT934125.1	-	TC_207	207	53842	53842	0	1	54.540496	0	0	0	53842	53842	53842	6h	C6	*
LT934125.1	-	TC_208	208	54067	54067	0	1	51.474752	0	0	0	54067	54067	54067	4h	PC_12	*
LT934125.1	-	TC_209	209	54124	54126	2	3	115.278252	0	0	0	54125	54124	54126	6h, 4h, 12h	C6, PC_12, PK_15	**
LT934125.1	-	TC_210	210	54341	54342	0	9	418.062318	0	0	0.970950596280992	54341	54341	54341	12h, 6h, 8h, 4h, 2h	C6, PC_12, PK_15	**
LT934125.1	-	TC_211	211	54494	54494	0	2	35.208861	0	0	0	54494	54494	54494	8h, 12h	PC_12, PK_15	*
LT934125.1	-	TC_212	212	54719	54719	0	2	36.430454	0	0	0	54719	54719	54719	6h, 12h	PC_12, PK_15	*
LT934125.1	-	TC_213	213	55151	55151	0	1	84.338366	0	0	0	55151	55151	55151	2h	PK_15	*
LT934125.1	-	TC_214	214	55262	55286	0	23	1311637.994768	0.396054063628161	0.396054063628161	4.48837208781599	55270	55270	55270	12h, 1h, 2h, 4h, 6h, 8h, 0.5h, 1.5h, 2.5h	C6, NRK, PC_12, PK_15	***
LT934125.1	-	TC_215	215	55363	55363	0	1	15.092897	0	0	0	55363	55363	55363	6h	PK_15	*
LT934125.1	-	TC_216	216	55639	55639	0	5	224.644862	0	0	0	55639	55639	55639	4h, 12h, 6h, 8h	PC_12, PK_15	**
LT934125.1	-	TC_217	217	55720	55720	0	1	51.474752	0	0	0	55720	55720	55720	4h	PC_12	*
LT934125.1	-	TC_218	218	55837	55837	0	2	28.861169	0	0	0	55837	55837	55837	12h, 8h	PK_15	*
LT934125.1	-	TC_219	219	55988	55988	0	1	84.338366	0	0	0	55988	55988	55988	2h	PK_15	*
LT934125.1	-	TC_220	220	56317	56318	0	9	798.109099	0	0	0.5665095109892	56318	56318	56318	12h, 6h, 8h, 4h	C6, PC_12, PK_15	***
LT934125.1	-	TC_221	221	56526	56526	0	1	12.174485	0	0	0	56526	56526	56526	12h	C6	*
LT934125.1	-	TC_222	222	58863	58863	0	1	12.472218	0	0	0	58863	58863	58863	8h	PK_15	*
LT934125.1	-	TC_223	223	59087	59087	0	3	747.103942	0	0	0	59087	59087	59087	1h, 6h	C6, PK_15	**
LT934125.1	-	TC_224	224	60234	60234	0	1	14.609382	0	0	0	60234	60234	60234	12h	C6	*
LT934125.1	-	TC_225	225	62344	62344	0	1	16.982175	0	0	0	62344	62344	62344	12h	PK_15	*
LT934125.1	-	TC_226	226	62542	62564	22	2	78.943537	0	0	0	62553	62542	62564	6h, 8h	C6	*
LT934125.1	-	TC_227	227	63149	63188	14	23	300598.305374	0	0	9.7150145922339	63162	63153	63167	12h, 1h, 2h, 4h, 6h, 8h, 0.5h, 1.5h, 2.5h	C6, NRK, PC_12, PK_15	***
LT934125.1	-	TC_228	228	63307	63319	0	1	65.742218	5.71662131756949	5.71662131756949	5.71662131756949	63308	63308	63308	12h	C6	*
LT934125.1	-	TC_229	229	64131	64151	5	22	83403.875919	0	0	5.86770352477795	64134	64133	64138	12h, 1h, 2h, 4h, 6h, 8h, 1.5h, 2.5h	C6, NRK, PC_12, PK_15	***
LT934125.1	-	TC_230	230	67868	67868	0	1	54.540496	0	0	0	67868	67868	67868	6h	C6	
LT934125.1	-	TC_231	231	70190	70190	0	1	25.154828	0	0	0	70190	70190	70190	6h	PK_15	*
LT934125.1	-	TC_232	232	70314	70314	0	4	100.563959	0	0	0	70314	70314	70314	12h, 4h, 6h	PC_12, PK_15	**
LT934125.1	-	TC_233	233	70531	70531	0	1	9.263004	0	0	0	70531	70531	70531	12h	PK_15	*
LT934125.1	-	TC_234	234	71544	71554	3	20	49265.513213	0	0	4.34660495711308	71549	71546	71549	12h, 2h, 4h, 6h, 8h, 1h, 1.5h, 2.5h	C6, NRK, PC_12, PK_15	***
LT934125.1	-	TC_235	235	71627	71635	8	2	138.878862	0	0	0	71631	71627	71635	6h, 2h	C6, PK_15	**
LT934125.1	-	TC_236	236	71860	71860	0	1	25.623615	0	0	0	71860	71860	71860	6h	PC_12	*
LT934125.1	-	TC_237	237	75637	75653	15	14	2601.061578	0	0	11.4749589261117	75644	75637	75652	12h, 4h, 6h, 8h, 2h	C6, NRK, PC_12, PK_15	***
LT934125.1	-	TC_238	238	76252	76252	0	1	51.474752	0	0	0	76252	76252	76252	4h	PC_12	*
LT934125.1	-	TC_239	239	80350	80365	0	22	488335.28549	0	0	2.33030600623731	80352	80352	80352	12h, 1h, 2h, 4h, 6h, 8h, 0.5h, 1.5h, 2.5h	C6, NRK, PC_12, PK_15	***
LT934125.1	-	TC_240	240	86123	86143	5	18	24584.598015	0	0	7.48397506123742	86132	86128	86133	12h, 2h, 4h, 6h, 8h, 1h, 2.5h	C6, NRK, PC_12, PK_15	***
LT934125.1	-	TC_241	241	91403	91403	0	1	762.195122	0	0	0	91403	91403	91403	1h	PC_12	*
LT934125.1	-	TC_242	242	92064	92085	2	23	535839.342756	0	0	5.75821624651764	92069	92069	92071	12h, 1h, 2h, 4h, 6h, 8h, 0.5h, 1.5h, 2.5h	C6, NRK, PC_12, PK_15	***
LT934125.1	-	TC_243	243	93202	93274	42	15	6607.417583	0	0	17.0868654310772	93239	93211	93253	12h, 1h, 4h, 6h, 8h, 2h	C6, PC_12, PK_15	***
LT934125.1	-	TC_244	244	94764	94764	0	1	25.623615	0	0	0	94764	94764	94764	6h	PC_12	*
LT934125.1	-	TC_245	245	95881	95898	0	23	1304327.558596	0	0	5.1445142926267	95889	95889	95889	12h, 1h, 2h, 4h, 6h, 8h, 0.5h, 1.5h, 2.5h	C6, NRK, PC_12, PK_15	***
LT934125.1	-	TC_246	246	97402	97402	0	1	283.607487	0	0	0	97402	97402	97402	4h	C6	
LT934125.1	-	TC_247	247	101265	101265	0	1	51.474752	0	0	0	101265	101265	101265	4h	PC_12	*
LT934125.1	-	TC_248	248	102313	102313	0	1	84.338366	0	0	0	102313	102313	102313	2h	PK_15	*
LT934125.1	-	TC_249	249	102356	102373	4	23	600373.000271	0	0	5.61470984411521	102361	102357	102361	12h, 1h, 2h, 4h, 6h, 8h, 0.5h, 1.5h, 2.5h	C6, NRK, PC_12, PK_15	***
LT934125.1	-	TC_250	250	105391	105391	0	1	748.502994	0	0	0	105391	105391	105391	1h	PK_15	*
LT934125.1	-	TC_251	251	106062	106062	0	1	54.540496	0	0	0	106062	106062	106062	6h	C6	*
LT934125.1	-	TC_252	252	107029	107029	0	1	84.338366	0	0	0	107029	107029	107029	2h	PK_15	*
LT934125.1	-	TC_253	253	107118	107118	0	1	54.540496	0	0	0	107118	107118	107118	6h	C6	*
LT934125.1	-	TC_254	254	107502	107502	0	1	54.540496	0	0	0	107502	107502	107502	6h	C6	*
LT934125.1	-	TC_255	255	108137	108137	0	1	25.623615	0	0	0	108137	108137	108137	6h	PC_12	
LT934125.1	-	TC_256	256	108501	108501	0	1	51.474752	0	0	0	108501	108501	108501	4h	PC_12	
LT934125.1	-	TC_257	257	108759	108759	0	1	51.474752	0	0	0	108759	108759	108759	4h	PC_12	
LT934125.1	-	TC_258	258	110202	110209	7	13	21908.498173	0	0	4.44955227767627	110206	110202	110209	6h, 8h, 0.5h, 12h, 1h, 2h, 4h	C6, PC_12, PK_15	
LT934125.1	-	TC_259	259	111765	111765	0	1	430.663221	0	0	0	111765	111765	111765	2.5h	PC_12	
LT934125.1	-	TC_260	260	112421	112421	0	1	51.474752	0	0	0	112421	112421	112421	4h	PC_12	
LT934125.1	-	TC_261	261	114985	114985	0	1	15.092897	0	0	0	114985	114985	114985	6h	PK_15	*
LT934125.1	-	TC_262	262	115587	115587	0	1	54.540496	0	0	0	115587	115587	115587	6h	C6	*
LT934125.1	-	TC_263	263	115880	115880	0	1	261.437908	0	0	0	115880	115880	115880	2h	PC_12	*
LT934125.1	-	TC_264	264	115967	115967	0	1	25.154828	0	0	0	115967	115967	115967	6h	PK_15	*
LT934125.1	-	TC_265	265	116024	116024	0	1	84.338366	0	0	0	116024	116024	116024	2h	PK_15	*
LT934125.1	-	TC_266	266	116075	116099	24	2	67.012714	0	0	0	116087	116075	116099	6h, 8h	C6, PK_15	*
LT934125.1	-	TC_267	267	116164	116164	0	1	84.338366	0	0	0	116164	116164	116164	2h	PK_15	*
LT934125.1	-	TC_268	268	116253	116253	0	3	49.342415	0	0	0	116253	116253	116253	12h, 6h, 8h	PK_15	*
LT934125.1	-	TC_269	269	116355	116355	0	1	51.474752	0	0	0	116355	116355	116355	4h	PC_12	*
LT934125.1	-	TC_270	270	116465	116465	0	1	25.623615	0	0	0	116465	116465	116465	6h	PC_12	*
LT934125.1	-	TC_271	271	116528	116543	15	5	381.637307	0	0	0	116540	116528	116543	12h, 2h, 4h, 8h	C6, PC_12, PK_15	**
LT934125.1	-	TC_272	272	116586	116608	21	17	8429.540826	0	0	5.56999985547025	116600	116586	116607	12h, 1h, 2h, 4h, 6h, 8h, 2.5h	C6, PC_12, PK_15	***
LT934125.1	-	TC_273	273	116648	116648	0	1	261.437908	0	0	0	116648	116648	116648	2h	PC_12	*
LT934125.1	-	TC_274	274	116716	116716	0	1	51.474752	0	0	0	116716	116716	116716	4h	PC_12	*
LT934125.1	-	TC_275	275	116948	116952	4	2	80.164111	0	0	0	116950	116948	116952	6h	C6, PC_12	*
LT934125.1	-	TC_276	276	117056	117056	0	1	283.607487	0	0	0	117056	117056	117056	4h	C6	*
LT934125.1	-	TC_277	277	117185	117185	0	1	24.403041	0	0	0	117185	117185	117185	8h	C6	*
LT934125.1	-	TC_278	278	117248	117258	2	13	5222.691197	0	0	4.90258560549658	117253	117253	117255	12h, 6h, 8h, 2h, 1.5h, 2.5h, 4h	C6, NRK, PC_12, PK_15	***
LT934125.1	-	TC_279	279	118861	118864	3	7	773.908238	0	0	0	118863	118861	118864	1h, 8h, 12h, 6h	C6, PC_12, PK_15	
LT934125.1	-	TC_280	280	119561	119561	0	1	54.540496	0	0	0	119561	119561	119561	6h	C6	
LT934125.1	-	TC_281	281	120491	120491	0	1	283.607487	0	0	0	120491	120491	120491	4h	C6	
LT934125.1	-	TC_282	282	122306	122309	3	3	305.964811	0	0	0	122307	122306	122309	8h, 2h, 6h	C6, PC_12, PK_15	**
LT934125.1	-	TC_283	283	122907	122916	6	8	6759.473855	0	0	2.75488750216347	122912	122907	122913	12h, 6h, 8h, 2h, 1.5h, 2.5h, 4h	C6, NRK, PC_12, PK_15	***
LT934125.1	-	TC_284	284	124386	124386	0	1	24.403041	0	0	0	124386	124386	124386	8h	C6	*
LT934125.1	-	TC_285	285	124542	124542	0	1	762.195122	0	0	0	124542	124542	124542	1h	PC_12	*
LT934125.1	-	TC_286	286	124595	124614	19	3	56.100859	0	0	0	124601	124595	124614	12h, 6h, 8h	PC_12, PK_15	*
LT934125.1	-	TC_287	287	124707	124707	0	1	84.338366	0	0	0	124707	124707	124707	2h	PK_15	*
LT934125.1	-	TC_288	288	124757	124757	0	6	235.323887	0	0	0	124757	124757	124757	6h, 8h, 12h	C6, PC_12, PK_15	**
LT934125.1	-	TC_289	289	124979	124979	0	1	54.540496	0	0	0	124979	124979	124979	6h	C6	*
LT934125.1	-	TC_290	290	125140	125153	12	9	546.840377	0	0	5.6122000247437	125145	125141	125153	12h, 4h, 6h, 8h	C6, PC_12, PK_15	**
LT934125.1	-	TC_291	291	125350	125350	0	1	51.474752	0	0	0	125350	125350	125350	4h	PC_12	*
LT934125.1	-	TC_292	292	125415	125415	0	1	51.474752	0	0	0	125415	125415	125415	4h	PC_12	*
LT934125.1	-	TC_293	293	125935	125936	1	2	75.877793	0	0	0	125936	125935	125936	8h, 4h	C6, PC_12	*
LT934125.1	-	TC_294	294	126005	126006	1	2	703.790473	0	0	0	126006	126005	126006	1h, 4h	C6, PC_12	**
LT934125.1	-	TC_295	295	126689	126689	0	1	51.474752	0	0	0	126689	126689	126689	4h	PC_12	*
LT934125.1	-	TC_296	296	126753	126778	0	23	1185446.573556	0	0	0.804816501901996	126753	126753	126753	12h, 1h, 2h, 4h, 6h, 8h, 0.5h, 1.5h, 2.5h	C6, NRK, PC_12, PK_15	***
LT934125.1	-	TC_297	297	126879	126879	0	1	54.540496	0	0	0	126879	126879	126879	6h	C6	*
LT934125.1	-	TC_298	298	126963	127098	22	17	84857.792769	0	0	33.0139362836712	126980	126967	126989	12h, 1h, 4h, 6h, 8h, 0.5h, 1.5h, 2.5h, 2h	C6, PC_12, PK_15	***
LT934125.1	-	TC_299	299	126963	127102	59	18	139902.776088	4.75488750216347	4.75488750216347	33.1931340672791	127049	127025	127084	12h, 1h, 2h, 4h, 6h, 8h, 1.5h, 2.5h	C6, PC_12, PK_15	***
LT934125.1	-	TC_300	300	127145	127159	5	13	2300.827605	0	0	4.982892159347	127153	127152	127157	12h, 1h, 8h, 2h, 4h, 6h	C6, PC_12, PK_15	***
LT934125.1	-	TC_301	301	127205	127223	18	8	716.937615	0	0	8.9854435874247	127214	127205	127223	6h, 12h, 2h, 4h, 8h	C6, PC_12, PK_15	**
LT934125.1	-	TC_302	302	127247	127339	43	19	18070.483801	0	0	23.0609574411057	127276	127255	127298	12h, 2h, 4h, 6h, 8h, 1h, 2.5h	C6, NRK, PC_12, PK_15	***
LT934125.1	-	TC_303	303	127324	127324	0	2	214.433151	0	0	0	127324	127324	127324	6h, 4h	PC_12, PK_15	**
LT934125.1	-	TC_304	304	127460	127460	0	1	54.540496	0	0	0	127460	127460	127460	6h	C6	*
LT934125.1	-	TC_305	305	127528	127528	0	1	54.540496	0	0	0	127528	127528	127528	6h	C6	*
LT934125.1	-	TC_306	306	127609	127609	0	1	51.474752	0	0	0	127609	127609	127609	4h	PC_12	*
LT934125.1	-	TC_307	307	127642	127642	0	1	54.540496	0	0	0	127642	127642	127642	6h	C6	*
LT934125.1	-	TC_308	308	127714	127749	0	1	218.161984	10.3398500028846	10.3398500028846	10.3398500028846	127714	127714	127714	6h	C6	*
LT934125.1	-	TC_309	309	127788	127793	4	2	160.555744	0	0	1	127790	127788	127792	6h, 4h	C6, PC_12	**
LT934125.1	-	TC_310	310	127832	127854	12	5	282.061363	0	0	3.58496250072116	127839	127832	127844	12h, 6h, 4h, 2h	C6, PC_12, PK_15	**
LT934125.1	-	TC_311	311	127942	128017	74	7	2326.992824	0	0	15.6245321381211	127983	127942	128016	12h, 2h, 4h, 6h, 8h, 2.5h	C6, PC_12	***
LT934125.1	-	TC_312	312	128041	128046	0	1	35.216759	2.54677779500805	2.54677779500805	2.54677779500805	128046	128046	128046	6h	PK_15	*
LT934125.1	-	TC_313	313	128084	128084	0	1	508.388409	0	0	0	128084	128084	128084	2h	C6	*
LT934125.1	-	TC_314	314	128148	128148	0	1	430.663221	0	0	0	128148	128148	128148	2.5h	PC_12	*
LT934125.1	-	TC_315	315	128185	128189	4	4	90.797315	0	0	0	128188	128185	128189	4h, 12h, 6h, 8h	PC_12, PK_15	**
LT934125.1	-	TC_316	316	128222	128222	0	1	54.540496	0	0	0	128222	128222	128222	6h	C6	*
LT934125.1	-	TC_317	317	128307	128326	19	3	118.189733	0	0	0	128317	128307	128326	12h, 6h, 4h	C6, PC_12	**
LT934125.1	-	TC_318	318	128382	128382	0	1	508.388409	0	0	0	128382	128382	128382	2h	C6	*
LT934125.1	-	TC_319	319	128479	128531	29	12	4419.103437	0	0	10.1864825477502	128494	128479	128508	12h, 2h, 4h, 6h, 8h, 1h, 2.5h	C6, NRK, PC_12, PK_15	***
LT934125.1	-	TC_320	320	128604	128626	21	3	115.521063	0	0	1	128616	128604	128625	12h, 6h, 8h	C6	**
LT934125.1	-	TC_321	321	129650	129650	0	1	54.540496	0	0	0	129650	129650	129650	6h	C6	*
LT934125.1	-	TC_322	322	129913	129913	0	1	261.437908	0	0	0	129913	129913	129913	2h	PC_12	*
LT934125.1	-	TC_323	323	133657	133657	0	1	51.474752	0	0	0	133657	133657	133657	4h	PC_12	*
LT934125.1	-	TC_324	324	134885	134901	0	18	124297.351925	0	0	2.91285178322593	134888	134888	134888	12h, 2h, 4h, 6h, 8h, 1h, 2.5h	C6, PC_12, PK_15	***
LT934125.1	-	TC_325	325	135019	135019	0	1	51.474752	0	0	0	135019	135019	135019	4h	PC_12	*
LT934125.1	-	TC_326	326	135211	135212	0	1	31.653661	0.961236604722876	0.961236604722876	0.961236604722876	135211	135211	135211	12h	C6	*
LT934125.1	-	TC_327	327	135465	135511	27	7	348.691894	0	0	5.55458885167764	135483	135465	135492	12h, 6h, 8h, 4h	C6, PC_12	**
LT934125.1	-	TC_328	328	135565	135597	32	5	207.019221	0	0	0	135573	135565	135597	12h, 8h, 4h	C6, PC_12	**
LT934125.1	-	TC_329	329	135638	135666	20	4	166.597853	0	0	4.32247883612704	135651	135646	135666	12h, 8h	C6, PC_12	**
LT934125.1	-	TC_330	330	135728	135748	20	2	108.108229	0	0	1.69070188765352	135738	135728	135748	12h, 6h	C6	**
LT934125.1	-	TC_331	331	140646	140646	0	1	54.540496	0	0	0	140646	140646	140646	6h	C6	
LT934125.1	-	TC_332	332	141295	141298	3	7	3287.583796	0	0	1.4554644705856	141296	141295	141298	12h, 8h, 2h, 1.5h, 2.5h, 4h, 6h	C6, NRK, PC_12, PK_15	
LT934125.1	-	TC_333	333	141324	141327	2	8	834.338714	0	0	1.77595264240836	141324	141324	141326	6h, 12h, 2h, 8h	C6, PC_12, PK_15	
LT934125.1	-	TC_334	334	142405	142405	0	1	54.540496	0	0	0	142405	142405	142405	6h	C6	
