seqnames	strand	start.TR	end.TR	transcript_id	score	support	exon_number	start.exon	end.exon	start	end	prime5.TR	prime5.ex	prime3.TR	prime3.ex	last_exon	source	CAGE.cluster.start	CAGE.cluster.end	CAGE_ID	dominant_tss	CAGE_significance
LT934125.1	+	227	2273	ORF-1L2			1	227	2273	227	2273	227	227	2273	2273	TRUE	NAGATA					
LT934125.1	+	419	2273	ORF-1L1			1	419	2273	419	2273	419	419	2273	2273	TRUE	NAGATA					
LT934125.1	+	779	2273	ORF-1L1-S			1	779	2273	779	2273	779	779	2273	2273	TRUE	NAGATA					
LT934125.1	+	990	2273	ORF-1M2	2014	6	1	990	2273	990	2273	990	990	2273	2273	TRUE	NAGATA	985	992	CAGE_cluster_1	987	*
LT934125.1	+	1335	2273	ORF-1M1	354	6	1	1335	2273	1335	2273	1335	1335	2273	2273	TRUE	NAGATA	1332	1340	CAGE_cluster_2	1334	*
LT934125.1	+	1496	2273	ORF-1M1-S			1	1496	2273	1496	2273	1496	1496	2273	2273	TRUE	NAGATA					
LT934125.1	+	1600	2273	ORF-1	741	6	1	1600	2273	1600	2273	1600	1600	2273	2273	TRUE	NAGATA	1600	1604	CAGE_cluster_3	1600	*
LT934125.1	+	1725	2273	ORF-1.5			1	1725	2273	1725	2273	1725	1725	2273	2273	TRUE	NAGATA					
LT934125.1	+	1806	2273	ORF-1.5-S			1	1806	2273	1806	2273	1806	1806	2273	2273	TRUE	NAGATA					
LT934125.1	+	7475	10426	UL51L-50-49.5-49			1	7475	10426	7475	10426	7475	7475	10426	10426	TRUE	NAGATA					
LT934125.1	+	7588	8523	UL51	665	5	1	7588	8523	7588	8523	7588	7588	8523	8523	TRUE	NAGATA	7585	7592	CAGE_cluster_12	7591	*
LT934125.1	+	7588	10426	UL51-50-49.5-49	665	5	1	7588	10426	7588	10426	7588	7588	10426	10426	TRUE	NAGATA	7585	7592	CAGE_cluster_12	7591	*
LT934125.1	+	7811	8523	UL51.5	52	4	1	7811	8523	7811	8523	7811	7811	8523	8523	TRUE	NAGATA	7811	7811	CAGE_cluster_13	7811	*
LT934125.1	+	8352	10426	UL50-49.5-49-L			1	8352	10426	8352	10426	8352	8352	10426	10426	TRUE	NAGATA					
LT934125.1	+	8597	10426	UL50-49.5-49			1	8597	10426	8597	10426	8597	8597	10426	10426	TRUE	NAGATA					
LT934125.1	+	8899	10426	UL49.5L-49			1	8899	10426	8899	10426	8899	8899	10426	10426	TRUE	NAGATA					
LT934125.1	+	9113	16224	UL49.5-49-48-47-46	6844	6	1	9113	16224	9113	16224	9113	9113	16224	16224	TRUE	NAGATA	9108	9116	CAGE_cluster_14	9113	**
LT934125.1	+	9208	10426	UL49.5-49			1	9208	10426	9208	10426	9208	9208	10426	10426	TRUE	NAGATA					
LT934125.1	+	9270	10426	UL49.5-S-49	12716	6	1	9270	10426	9270	10426	9270	9270	10426	10426	TRUE	NAGATA	9265	9271	CAGE_cluster_15	9270	***
LT934125.1	+	9338	10426	UL49-L3			1	9338	10426	9338	10426	9338	9338	10426	10426	TRUE	NAGATA					
LT934125.1	+	9412	10426	UL49-L2			1	9412	10426	9412	10426	9412	9412	10426	10426	TRUE	NAGATA					
LT934125.1	+	9548	10426	UL49-L			1	9548	10426	9548	10426	9548	9548	10426	10426	TRUE	NAGATA					
LT934125.1	+	9646	10426	UL49	24793	6	1	9646	10426	9646	10426	9646	9646	10426	10426	TRUE	NAGATA	9592	9647	CAGE_cluster_17	9643	***
LT934125.1	+	9699	10426	UL49.1			1	9699	10426	9699	10426	9699	9699	10426	10426	TRUE	NAGATA					
LT934125.1	+	9930	10426	UL49.1-S	1540	6	1	9930	10426	9930	10426	9930	9930	10426	10426	TRUE	NAGATA	9750	10014	CAGE_cluster_18	9933	*
LT934125.1	+	10075	10426	UL49.1-S2			1	10075	10426	10075	10426	10075	10075	10426	10426	TRUE	NAGATA					
LT934125.1	+	10105	10426	UL49.1-S3			1	10105	10426	10105	10426	10105	10105	10426	10426	TRUE	NAGATA					
LT934125.1	+	10135	10426	UL49.1-S4			1	10135	10426	10135	10426	10135	10135	10426	10426	TRUE	NAGATA					
LT934125.1	+	10159	10426	UL49.1-S5			1	10159	10426	10159	10426	10159	10159	10426	10426	TRUE	NAGATA					
LT934125.1	+	10252	10426	UL49.1-S6			1	10252	10426	10252	10426	10252	10252	10426	10426	TRUE	NAGATA					
LT934125.1	+	10431	12084	UL48-L-AT	6983	5	1	10431	12084	10431	12084	10431	10431	12084	12084	TRUE	NAGATA	10426	10435	CAGE_cluster_20	10428	**
LT934125.1	+	10431	16224	UL48-47-46	6983	5	1	10431	16224	10431	16224	10431	10431	16224	16224	TRUE	NAGATA	10426	10435	CAGE_cluster_20	10428	**
LT934125.1	+	10467	11912	UL48			1	10467	11912	10467	11912	10467	10467	11912	11912	TRUE	NAGATA					
LT934125.1	+	11793	12084	nc-UL47	61597	6	1	11793	12084	11793	12084	11793	11793	12084	12084	TRUE	NAGATA	11756	11797	CAGE_cluster_25	11793	***
LT934125.1	+	11793	16224	UL47-46	61597	6	1	11793	16224	11793	16224	11793	11793	16224	16224	TRUE	NAGATA	11756	11797	CAGE_cluster_25	11793	***
LT934125.1	+	12406	16224	UL46-L9			1	12406	16224	12406	16224	12406	12406	16224	16224	TRUE	NAGATA					
LT934125.1	+	12812	16224	UL46-L8			1	12812	16224	12812	16224	12812	12812	16224	16224	TRUE	NAGATA					
LT934125.1	+	13166	14176	UL47.3			1	13166	14176	13166	14176	13166	13166	14176	14176	TRUE	NAGATA					
LT934125.1	+	13177	16224	UL46-L7			1	13177	16224	13177	16224	13177	13177	16224	16224	TRUE	NAGATA					
LT934125.1	+	13521	16224	UL46-L6			1	13521	16224	13521	16224	13521	13521	16224	16224	TRUE	NAGATA					
LT934125.1	+	13539	16224	UL46-L5			1	13539	16224	13539	16224	13539	13539	16224	16224	TRUE	NAGATA					
LT934125.1	+	13569	16224	UL46-L4			1	13569	16224	13569	16224	13569	13569	16224	16224	TRUE	NAGATA					
LT934125.1	+	13746	16224	UL46-L3			1	13746	16224	13746	16224	13746	13746	16224	16224	TRUE	NAGATA					
LT934125.1	+	13793	16224	UL46-L2			1	13793	16224	13793	16224	13793	13793	16224	16224	TRUE	NAGATA					
LT934125.1	+	13944	16224	UL46-L			1	13944	16224	13944	16224	13944	13944	16224	16224	TRUE	NAGATA					
LT934125.1	+	14048	16224	UL46	11627	6	1	14048	16224	14048	16224	14048	14048	16224	16224	TRUE	NAGATA	14044	14051	CAGE_cluster_29	14046	**
LT934125.1	+	14307	16224	UL46.10			1	14307	16224	14307	16224	14307	14307	16224	16224	TRUE	NAGATA					
LT934125.1	+	14439	16224	UL46.10-S			1	14439	16224	14439	16224	14439	14439	16224	16224	TRUE	NAGATA					
LT934125.1	+	14560	16224	UL46.9			1	14560	16224	14560	16224	14560	14560	16224	16224	TRUE	NAGATA					
LT934125.1	+	14724	16224	UL46.6			1	14724	16224	14724	16224	14724	14724	16224	16224	TRUE	NAGATA					
LT934125.1	+	14782	16224	UL46.6-S			1	14782	16224	14782	16224	14782	14782	16224	16224	TRUE	NAGATA					
LT934125.1	+	14818	16224	UL46.5			1	14818	16224	14818	16224	14818	14818	16224	16224	TRUE	NAGATA					
LT934125.1	+	14930	16224	UL46.5-S2			1	14930	16224	14930	16224	14930	14930	16224	16224	TRUE	NAGATA					
LT934125.1	+	15028	16224	UL46.5-S3			1	15028	16224	15028	16224	15028	15028	16224	16224	TRUE	NAGATA					
LT934125.1	+	15249	16224	UL46.2			1	15249	16224	15249	16224	15249	15249	16224	16224	TRUE	NAGATA					
LT934125.1	+	15597	16224	UL46.1	428	6	1	15597	16224	15597	16224	15597	15597	16224	16224	TRUE	NAGATA	15591	15649	CAGE_cluster_36	15599	*
LT934125.1	+	15646	16224	UL46.1-S2	428	6	1	15646	16224	15646	16224	15646	15646	16224	16224	TRUE	NAGATA	15591	15649	CAGE_cluster_36	15599	*
LT934125.1	+	15750	16224	UL46.1-S3			1	15750	16224	15750	16224	15750	15750	16224	16224	TRUE	NAGATA					
LT934125.1	+	15787	16224	UL46.1-S4			1	15787	16224	15787	16224	15787	15787	16224	16224	TRUE	NAGATA					
LT934125.1	+	15883	16224	nc-UL46			1	15883	16224	15883	16224	15883	15883	16224	16224	TRUE	NAGATA					
LT934125.1	+	16014	16224	nc-UL46-S			1	16014	16224	16014	16224	16014	16014	16224	16224	TRUE	NAGATA					
LT934125.1	+	25420	28632	UL30	222	5	1	25420	28632	25420	28632	25420	25420	28632	28632	TRUE	NAGATA	25418	25422	CAGE_cluster_39	25420	*
LT934125.1	+	28636	32415	UL32-33-34-35			1	28636	32415	28636	32415	28636	28636	32415	32415	TRUE	NAGATA					
LT934125.1	+	29338	32415	UL33L3-34-35	11	3	1	29338	32415	29338	32415	29338	29338	32415	32415	TRUE	NAGATA	29338	29338	CAGE_cluster_43	29338	*
LT934125.1	+	29468	32415	UL33-L2-34-35			1	29468	32415	29468	32415	29468	29468	32415	32415	TRUE	NAGATA					
LT934125.1	+	30240	31198	UL33	514	4	1	30240	31198	30240	31198	30240	30240	31198	31198	TRUE	NAGATA	30234	30241	CAGE_cluster_45	30236	*
LT934125.1	+	30298	32415	UL33-34-35			1	30298	32415	30298	32415	30298	30298	32415	32415	TRUE	NAGATA					
LT934125.1	+	30932	32415	UL34L2-35			1	30932	32415	30932	32415	30932	30932	32415	32415	TRUE	NAGATA					
LT934125.1	+	31042	32415	UL34L-35			1	31042	32415	31042	32415	31042	31042	32415	32415	TRUE	NAGATA					
LT934125.1	+	31098	32415	UL34-35	7146	6	1	31098	32415	31098	32415	31098	31098	32415	32415	TRUE	NAGATA	31093	31099	CAGE_cluster_46	31098	**
LT934125.1	+	31349	32415	UL35-L6			1	31349	32415	31349	32415	31349	31349	32415	32415	TRUE	NAGATA					
LT934125.1	+	31410	32415	UL35-L5			1	31410	32415	31410	32415	31410	31410	32415	32415	TRUE	NAGATA					
LT934125.1	+	31474	32415	UL35-L4	136	6	1	31474	32415	31474	32415	31474	31474	32415	32415	TRUE	NAGATA	31455	31475	CAGE_cluster_48	31457	*
LT934125.1	+	31690	32415	UL35-L3			1	31690	32415	31690	32415	31690	31690	32415	32415	TRUE	NAGATA					
LT934125.1	+	31847	32415	UL35-L2			1	31847	32415	31847	32415	31847	31847	32415	32415	TRUE	NAGATA					
LT934125.1	+	31930	32415	UL35-L	882	6	1	31930	32415	31930	32415	31930	31930	32415	32415	TRUE	NAGATA	31859	31973	CAGE_cluster_50	31933	*
LT934125.1	+	32037	32709	UL35-AT	46479	6	1	32037	32709	32037	32709	32037	32037	32709	32709	TRUE	NAGATA	32007	32040	CAGE_cluster_51	32038	***
LT934125.1	+	32038	32415	UL35	46479	6	1	32038	32415	32038	32415	32038	32038	32415	32415	TRUE	NAGATA	32007	32040	CAGE_cluster_51	32038	***
LT934125.1	+	32092	32415	UL35.2			1	32092	32415	32092	32415	32092	32092	32415	32415	TRUE	NAGATA					
LT934125.1	+	32163	32415	TRL35			1	32163	32415	32163	32415	32163	32163	32415	32415	TRUE	NAGATA					
LT934125.1	+	39430	46038	UL37-38			1	39430	46038	39430	46038	39430	39430	46038	46038	TRUE	NAGATA					
LT934125.1	+	44812	46038	UL38	10053	6	1	44812	46038	44812	46038	44812	44812	46038	46038	TRUE	NAGATA	44779	44812	CAGE_cluster_54	44812	**
LT934125.1	+	44812	49647	UL38-39-40	10053	6	1	44812	49647	44812	49647	44812	44812	49647	49647	TRUE	NAGATA	44779	44812	CAGE_cluster_54	44812	**
LT934125.1	+	44946	46038	UL38.3	21	2	1	44946	46038	44946	46038	44946	44946	46038	46038	TRUE	NAGATA	44946	44946	CAGE_cluster_55	44946	*
LT934125.1	+	45302	46038	UL38.4			1	45302	46038	45302	46038	45302	45302	46038	46038	TRUE	NAGATA					
LT934125.1	+	45415	46038	UL38.5			1	45415	46038	45415	46038	45415	45415	46038	46038	TRUE	NAGATA					
LT934125.1	+	45445	46038	UL38.6			1	45445	46038	45445	46038	45445	45445	46038	46038	TRUE	NAGATA					
LT934125.1	+	45525	46038	UL38.6-S			1	45525	46038	45525	46038	45525	45525	46038	46038	TRUE	NAGATA					
LT934125.1	+	45911	49647	UL39L-40			1	45911	49647	45911	49647	45911	45911	49647	49647	TRUE	NAGATA					
LT934125.1	+	46026	49647	UL39-40-L	1380	6	1	46026	49647	46026	49647	46026	46026	49647	49647	TRUE	NAGATA	46019	46029	CAGE_cluster_58	46024	*
LT934125.1	+	46233	49647	UL39-40			1	46233	49647	46233	49647	46233	46233	49647	49647	TRUE	NAGATA					
LT934125.1	+	46489	49647	UL40-L23	21	4	1	46489	49647	46489	49647	46489	46489	49647	49647	TRUE	NAGATA	46489	46489	CAGE_cluster_60	46489	*
LT934125.1	+	46717	49647	UL40-L22			1	46717	49647	46717	49647	46717	46717	49647	49647	TRUE	NAGATA					
LT934125.1	+	46754	49647	UL40-L21			1	46754	49647	46754	49647	46754	46754	49647	49647	TRUE	NAGATA					
LT934125.1	+	47168	49647	UL40-L20			1	47168	49647	47168	49647	47168	47168	49647	49647	TRUE	NAGATA					
LT934125.1	+	47188	49647	UL40-L19			1	47188	49647	47188	49647	47188	47188	49647	49647	TRUE	NAGATA					
LT934125.1	+	47203	49647	UL40-L18			1	47203	49647	47203	49647	47203	47203	49647	49647	TRUE	NAGATA					
LT934125.1	+	47288	49647	UL40-L17			1	47288	49647	47288	49647	47288	47288	49647	49647	TRUE	NAGATA					
LT934125.1	+	47315	49647	UL40-L16	138	6	1	47315	49647	47315	49647	47315	47315	49647	49647	TRUE	NAGATA	47313	47320	CAGE_cluster_62	47315	*
LT934125.1	+	47411	49647	UL40-L15			1	47411	49647	47411	49647	47411	47411	49647	49647	TRUE	NAGATA					
LT934125.1	+	47486	49647	UL40-L14			1	47486	49647	47486	49647	47486	47486	49647	49647	TRUE	NAGATA					
LT934125.1	+	47521	49647	UL40-L13			1	47521	49647	47521	49647	47521	47521	49647	49647	TRUE	NAGATA					
LT934125.1	+	47567	49647	UL40-L12			1	47567	49647	47567	49647	47567	47567	49647	49647	TRUE	NAGATA					
LT934125.1	+	47628	49647	UL40-L11			1	47628	49647	47628	49647	47628	47628	49647	49647	TRUE	NAGATA					
LT934125.1	+	47642	49647	UL40-L10	14	3	1	47642	49647	47642	49647	47642	47642	49647	49647	TRUE	NAGATA	47642	47642	CAGE_cluster_63	47642	*
LT934125.1	+	47655	49647	UL40-L9			1	47655	49647	47655	49647	47655	47655	49647	49647	TRUE	NAGATA					
LT934125.1	+	47699	49647	UL40-L8			1	47699	49647	47699	49647	47699	47699	49647	49647	TRUE	NAGATA					
LT934125.1	+	47785	49647	UL40-L7			1	47785	49647	47785	49647	47785	47785	49647	49647	TRUE	NAGATA					
LT934125.1	+	47872	49647	UL40-L6			1	47872	49647	47872	49647	47872	47872	49647	49647	TRUE	NAGATA					
LT934125.1	+	47933	49647	UL40-L5			1	47933	49647	47933	49647	47933	47933	49647	49647	TRUE	NAGATA					
LT934125.1	+	48069	49647	UL40-L4			1	48069	49647	48069	49647	48069	48069	49647	49647	TRUE	NAGATA					
LT934125.1	+	48294	49647	UL40-L3			1	48294	49647	48294	49647	48294	48294	49647	49647	TRUE	NAGATA					
LT934125.1	+	48412	49647	UL40-L2			1	48412	49647	48412	49647	48412	48412	49647	49647	TRUE	NAGATA					
LT934125.1	+	48455	49647	UL40-L1			1	48455	49647	48455	49647	48455	48455	49647	49647	TRUE	NAGATA					
LT934125.1	+	48505	49647	UL40-S			1	48505	49647	48505	49647	48505	48505	49647	49647	TRUE	NAGATA					
LT934125.1	+	48567	49647	UL40	6469	6	1	48567	49647	48567	49647	48567	48567	49647	49647	TRUE	NAGATA	48563	48571	CAGE_cluster_66	48567	**
LT934125.1	+	48691	49647	UL40.2			1	48691	49647	48691	49647	48691	48691	49647	49647	TRUE	NAGATA					
LT934125.1	+	48726	49647	UL40.3			1	48726	49647	48726	49647	48726	48726	49647	49647	TRUE	NAGATA					
LT934125.1	+	48803	49647	UL40.3-S			1	48803	49647	48803	49647	48803	48803	49647	49647	TRUE	NAGATA					
LT934125.1	+	48931	49647	UL40.3-S2			1	48931	49647	48931	49647	48931	48931	49647	49647	TRUE	NAGATA					
LT934125.1	+	48957	49647	UL40.3-S3			1	48957	49647	48957	49647	48957	48957	49647	49647	TRUE	NAGATA					
LT934125.1	+	49115	49647	TRL40			1	49115	49647	49115	49647	49115	49115	49647	49647	TRUE	NAGATA					
LT934125.1	+	49196	49647	UL40.6	107	6	1	49196	49647	49196	49647	49196	49196	49647	49647	TRUE	NAGATA	49175	49224	CAGE_cluster_68	49196	*
LT934125.1	+	49263	49647	UL40.6-S			1	49263	49647	49263	49647	49263	49263	49647	49647	TRUE	NAGATA					
LT934125.1	+	49894	52434	UL41-42			1	49894	52434	49894	52434	49894	49894	52434	52434	TRUE	NAGATA					
LT934125.1	+	50133	53594	UL42-43-L			1	50133	53594	50133	53594	50133	50133	53594	53594	TRUE	NAGATA					
LT934125.1	+	51148	52437	UL42-L1			1	51148	52437	51148	52437	51148	51148	52437	52437	TRUE	NAGATA					
LT934125.1	+	51148	53594	UL42L-43			1	51148	53594	51148	53594	51148	51148	53594	53594	TRUE	NAGATA					
LT934125.1	+	51148	55161	UL42L-43-44			1	51148	55161	51148	55161	51148	51148	55161	55161	TRUE	NAGATA					
LT934125.1	+	51235	52437	UL42	8361	6	1	51235	52437	51235	52437	51235	51235	52437	52437	TRUE	NAGATA	51232	51239	CAGE_cluster_74	51235	**
LT934125.1	+	51235	55161	UL42-43-44	8361	6	1	51235	55161	51235	55161	51235	51235	55161	55161	TRUE	NAGATA	51232	51239	CAGE_cluster_74	51235	**
LT934125.1	+	51495	52437	UL42.3			1	51495	52437	51495	52437	51495	51495	52437	52437	TRUE	NAGATA					
LT934125.1	+	51495	53594	UL43-L3			1	51495	53594	51495	53594	51495	51495	53594	53594	TRUE	NAGATA					
LT934125.1	+	52121	52437	UL42.5			1	52121	52437	52121	52437	52121	52121	52437	52437	TRUE	NAGATA					
LT934125.1	+	52121	53594	UL43-L2			1	52121	53594	52121	53594	52121	52121	53594	53594	TRUE	NAGATA					
LT934125.1	+	52306	52437	UL42.5-S			1	52306	52437	52306	52437	52306	52306	52437	52437	TRUE	NAGATA					
LT934125.1	+	52306	53594	UL43-L			1	52306	53594	52306	53594	52306	52306	53594	53594	TRUE	NAGATA					
LT934125.1	+	52444	53594	UL43	2598	6	1	52444	53594	52444	53594	52444	52444	53594	53594	TRUE	NAGATA	52436	52462	CAGE_cluster_78	52460	*
LT934125.1	+	52460	53594	UL43-S	2598	6	1	52460	53594	52460	53594	52460	52460	53594	53594	TRUE	NAGATA	52436	52462	CAGE_cluster_78	52460	*
LT934125.1	+	52460	55161	UL43-44	2598	6	1	52460	55161	52460	55161	52460	52460	55161	55161	TRUE	NAGATA	52436	52462	CAGE_cluster_78	52460	*
LT934125.1	+	52649	53594	UL43.6			1	52649	53594	52649	53594	52649	52649	53594	53594	TRUE	NAGATA					
LT934125.1	+	52649	55161	UL44-L6			1	52649	55161	52649	55161	52649	52649	55161	55161	TRUE	NAGATA					
LT934125.1	+	52789	53594	UL43.9			1	52789	53594	52789	53594	52789	52789	53594	53594	TRUE	NAGATA					
LT934125.1	+	52789	55161	UL44-L5			1	52789	55161	52789	55161	52789	52789	55161	55161	TRUE	NAGATA					
LT934125.1	+	52806	53594	UL43.9-S			1	52806	53594	52806	53594	52806	52806	53594	53594	TRUE	NAGATA					
LT934125.1	+	52806	55161	UL44-L4			1	52806	55161	52806	55161	52806	52806	55161	55161	TRUE	NAGATA					
LT934125.1	+	53421	53594	UL43.13			1	53421	53594	53421	53594	53421	53421	53594	53594	TRUE	NAGATA					
LT934125.1	+	53421	55161	UL44-L3			1	53421	55161	53421	55161	53421	53421	55161	55161	TRUE	NAGATA					
LT934125.1	+	53648	55161	UL44	12512	6	1	53648	55161	53648	55161	53648	53648	55161	55161	TRUE	NAGATA	53642	53652	CAGE_cluster_81	53648	***
LT934125.1	+	53648	55271	UL44-AT	12512	6	1	53648	55271	53648	55271	53648	53648	55271	55271	TRUE	NAGATA	53642	53652	CAGE_cluster_81	53648	***
LT934125.1	+	53736	55161	UL44.4			1	53736	55161	53736	55161	53736	53736	55161	55161	TRUE	NAGATA					
LT934125.1	+	53863	55161	UL44.4-S			1	53863	55161	53863	55161	53863	53863	55161	55161	TRUE	NAGATA					
LT934125.1	+	53910	55161	UL44.4-S2			1	53910	55161	53910	55161	53910	53910	55161	55161	TRUE	NAGATA					
LT934125.1	+	53910	55271	UL44.4-S2-AT			1	53910	55271	53910	55271	53910	53910	55271	55271	TRUE	NAGATA					
LT934125.1	+	53934	55161	UL44.4-S3			1	53934	55161	53934	55161	53934	53934	55161	55161	TRUE	NAGATA					
LT934125.1	+	53971	55161	UL44.4-S4			1	53971	55161	53971	55161	53971	53971	55161	55161	TRUE	NAGATA					
LT934125.1	+	53996	55161	UL44.4-S5			1	53996	55161	53996	55161	53996	53996	55161	55161	TRUE	NAGATA					
LT934125.1	+	53996	55271	UL44.4-S5-AT			1	53996	55271	53996	55271	53996	53996	55271	55271	TRUE	NAGATA					
LT934125.1	+	54053	55161	UL44.4-S6			1	54053	55161	54053	55161	54053	54053	55161	55161	TRUE	NAGATA					
LT934125.1	+	54165	55161	UL44.4-S7			1	54165	55161	54165	55161	54165	54165	55161	55161	TRUE	NAGATA					
LT934125.1	+	54209	55161	UL44.4-S8			1	54209	55161	54209	55161	54209	54209	55161	55161	TRUE	NAGATA					
LT934125.1	+	54245	55161	UL44.4-S9			1	54245	55161	54245	55161	54245	54245	55161	55161	TRUE	NAGATA					
LT934125.1	+	54245	55271	UL44.4-S9-AT			1	54245	55271	54245	55271	54245	54245	55271	55271	TRUE	NAGATA					
LT934125.1	+	54290	55161	UL44.4-S10			1	54290	55161	54290	55161	54290	54290	55161	55161	TRUE	NAGATA					
LT934125.1	+	54306	55161	UL44.4-S11			1	54306	55161	54306	55161	54306	54306	55161	55161	TRUE	NAGATA					
LT934125.1	+	54337	55161	UL44.4-S12			1	54337	55161	54337	55161	54337	54337	55161	55161	TRUE	NAGATA					
LT934125.1	+	54366	55161	UL44.4-S13			1	54366	55161	54366	55161	54366	54366	55161	55161	TRUE	NAGATA					
LT934125.1	+	54421	55161	UL44.4-S14			1	54421	55161	54421	55161	54421	54421	55161	55161	TRUE	NAGATA					
LT934125.1	+	54454	55161	UL44.4-S15			1	54454	55161	54454	55161	54454	54454	55161	55161	TRUE	NAGATA					
LT934125.1	+	54475	55161	UL44.4-S16	28	5	1	54475	55161	54475	55161	54475	54475	55161	55161	TRUE	NAGATA	54472	54475	CAGE_cluster_84	54472	*
LT934125.1	+	54497	55161	UL44.4-S17			1	54497	55161	54497	55161	54497	54497	55161	55161	TRUE	NAGATA					
LT934125.1	+	54519	55161	UL44.4-S18			1	54519	55161	54519	55161	54519	54519	55161	55161	TRUE	NAGATA					
LT934125.1	+	54561	55161	UL44.4-S19			1	54561	55161	54561	55161	54561	54561	55161	55161	TRUE	NAGATA					
LT934125.1	+	54723	55161	UL44.4-S20			1	54723	55161	54723	55161	54723	54723	55161	55161	TRUE	NAGATA					
LT934125.1	+	54834	55161	UL44.4-S21			1	54834	55161	54834	55161	54834	54834	55161	55161	TRUE	NAGATA					
LT934125.1	+	54901	55161	UL44.4-S22			1	54901	55161	54901	55161	54901	54901	55161	55161	TRUE	NAGATA					
LT934125.1	+	54960	55161	UL44.4-S23			1	54960	55161	54960	55161	54960	54960	55161	55161	TRUE	NAGATA					
LT934125.1	+	55896	60251	UL25-24-23			1	55896	60251	55896	60251	55896	55896	60251	60251	TRUE	NAGATA					
LT934125.1	+	58002	60251	UL23-L4			1	58002	60251	58002	60251	58002	58002	60251	60251	TRUE	NAGATA					
LT934125.1	+	58478	60251	UL23-L3			1	58478	60251	58478	60251	58478	58478	60251	60251	TRUE	NAGATA					
LT934125.1	+	58625	60251	UL23-L2	43	4	1	58625	60251	58625	60251	58625	58625	60251	60251	TRUE	NAGATA	58622	58625	CAGE_cluster_91	58622	*
LT934125.1	+	58625	62340	UL23L-22	43	4	1	58625	62340	58625	62340	58625	58625	62340	62340	TRUE	NAGATA	58622	58625	CAGE_cluster_91	58622	*
LT934125.1	+	59044	60251	UL23-L1	3416	6	1	59044	60251	59044	60251	59044	59044	60251	60251	TRUE	NAGATA	59038	59070	CAGE_cluster_92	59068	**
LT934125.1	+	59068	60251	UL23	3416	6	1	59068	60251	59068	60251	59068	59068	60251	60251	TRUE	NAGATA	59038	59070	CAGE_cluster_92	59068	**
LT934125.1	+	59068	62340	UL23-22	3416	6	1	59068	62340	59068	62340	59068	59068	62340	62340	TRUE	NAGATA	59038	59070	CAGE_cluster_92	59068	**
LT934125.1	+	59069	60354	UL23-AT	3416	6	1	59069	60354	59069	60354	59069	59069	60354	60354	TRUE	NAGATA	59038	59070	CAGE_cluster_92	59068	**
LT934125.1	+	59287	60251	UL23.4			1	59287	60251	59287	60251	59287	59287	60251	60251	TRUE	NAGATA					
LT934125.1	+	59412	60251	UL23.4-S			1	59412	60251	59412	60251	59412	59412	60251	60251	TRUE	NAGATA					
LT934125.1	+	59793	60251	UL23.6	43	4	1	59793	60251	59793	60251	59793	59793	60251	60251	TRUE	NAGATA	59793	59794	CAGE_cluster_95	59793	*
LT934125.1	+	59793	62340	UL22-L	43	4	1	59793	62340	59793	62340	59793	59793	62340	62340	TRUE	NAGATA	59793	59794	CAGE_cluster_95	59793	*
LT934125.1	+	60234	62340	UL22	1497	5	1	60234	62340	60234	62340	60234	60234	62340	62340	TRUE	NAGATA	60232	60239	CAGE_cluster_96	60235	*
LT934125.1	+	60235	63051	UL22-AT	1497	5	1	60235	63051	60235	63051	60235	60235	63051	63051	TRUE	NAGATA	60232	60239	CAGE_cluster_96	60235	*
LT934125.1	+	61078	62340	UL22.5			1	61078	62340	61078	62340	61078	61078	62340	62340	TRUE	NAGATA					
LT934125.1	+	61621	62340	UL22.8			1	61621	62340	61621	62340	61621	61621	62340	62340	TRUE	NAGATA					
LT934125.1	+	62000	62340	UL22.11			1	62000	62340	62000	62340	62000	62000	62340	62340	TRUE	NAGATA					
LT934125.1	+	62144	62340	UL22.13			1	62144	62340	62144	62340	62144	62144	62340	62340	TRUE	NAGATA					
LT934125.1	+	63176	63421	nc-CTO-S			1	63176	63421	63176	63421	63176	63176	63421	63421	TRUE	NAGATA					
LT934125.1	+	63850	65656	UL21-as			1	63850	65656	63850	65656	63850	63850	65656	65656	TRUE	NAGATA					
LT934125.1	+	65805	70521	UL20-19	988	6	1	65805	70521	65805	70521	65805	65805	70521	70521	TRUE	NAGATA	65805	65809	CAGE_cluster_102	65807	*
LT934125.1	+	65806	66392	UL20	988	6	1	65806	66392	65806	66392	65806	65806	66392	66392	TRUE	NAGATA	65805	65809	CAGE_cluster_102	65807	*
LT934125.1	+	66338	70521	UL19	28487	6	1	66338	70521	66338	70521	66338	66338	70521	70521	TRUE	NAGATA	66334	66339	CAGE_cluster_104	66338	***
LT934125.1	+	66338	71544	UL19-18	28487	6	1	66338	71544	66338	71544	66338	66338	71544	71544	TRUE	NAGATA	66334	66339	CAGE_cluster_104	66338	***
LT934125.1	+	66753	71544	UL18-L17			1	66753	71544	66753	71544	66753	66753	71544	71544	TRUE	NAGATA					
LT934125.1	+	66797	70521	UL19.9			1	66797	70521	66797	70521	66797	66797	70521	70521	TRUE	NAGATA					
LT934125.1	+	66959	70521	UL19.11			1	66959	70521	66959	70521	66959	66959	70521	70521	TRUE	NAGATA					
LT934125.1	+	67406	70521	UL19.12			1	67406	70521	67406	70521	67406	67406	70521	70521	TRUE	NAGATA					
LT934125.1	+	67505	70521	UL19.12-S			1	67505	70521	67505	70521	67505	67505	70521	70521	TRUE	NAGATA					
LT934125.1	+	67731	70521	UL19.16			1	67731	70521	67731	70521	67731	67731	70521	70521	TRUE	NAGATA					
LT934125.1	+	68001	70521	UL19.18			1	68001	70521	68001	70521	68001	68001	70521	70521	TRUE	NAGATA					
LT934125.1	+	68058	70521	UL19.19			1	68058	70521	68058	70521	68058	68058	70521	70521	TRUE	NAGATA					
LT934125.1	+	68121	70521	UL19.19-S			1	68121	70521	68121	70521	68121	68121	70521	70521	TRUE	NAGATA					
LT934125.1	+	68267	70521	UL19.20	38	6	1	68267	70521	68267	70521	68267	68267	70521	70521	TRUE	NAGATA	68267	68293	CAGE_cluster_109	68292	*
LT934125.1	+	68357	70521	UL19.22			1	68357	70521	68357	70521	68357	68357	70521	70521	TRUE	NAGATA					
LT934125.1	+	68457	70521	UL19.24-S			1	68457	70521	68457	70521	68457	68457	70521	70521	TRUE	NAGATA					
LT934125.1	+	68536	70521	UL19.24-S2			1	68536	70521	68536	70521	68536	68536	70521	70521	TRUE	NAGATA					
LT934125.1	+	68626	71544	UL18-L16			1	68626	71544	68626	71544	68626	68626	71544	71544	TRUE	NAGATA					
LT934125.1	+	68667	70521	UL19.25			1	68667	70521	68667	70521	68667	68667	70521	70521	TRUE	NAGATA					
LT934125.1	+	68667	71544	UL18-L15			1	68667	71544	68667	71544	68667	68667	71544	71544	TRUE	NAGATA					
LT934125.1	+	68783	70521	UL19.25-S			1	68783	70521	68783	70521	68783	68783	70521	70521	TRUE	NAGATA					
LT934125.1	+	68873	71544	UL18-L14			1	68873	71544	68873	71544	68873	68873	71544	71544	TRUE	NAGATA					
LT934125.1	+	68910	70521	UL19.27			1	68910	70521	68910	70521	68910	68910	70521	70521	TRUE	NAGATA					
LT934125.1	+	69032	70521	UL19.29			1	69032	70521	69032	70521	69032	69032	70521	70521	TRUE	NAGATA					
LT934125.1	+	69182	70521	UL19.30			1	69182	70521	69182	70521	69182	69182	70521	70521	TRUE	NAGATA					
LT934125.1	+	69244	71544	UL18-L13			1	69244	71544	69244	71544	69244	69244	71544	71544	TRUE	NAGATA					
LT934125.1	+	69259	70521	UL19.31			1	69259	70521	69259	70521	69259	69259	70521	70521	TRUE	NAGATA					
LT934125.1	+	69311	70521	UL19.31-S			1	69311	70521	69311	70521	69311	69311	70521	70521	TRUE	NAGATA					
LT934125.1	+	69393	70521	UL19.32			1	69393	70521	69393	70521	69393	69393	70521	70521	TRUE	NAGATA					
LT934125.1	+	69488	70521	UL19.33			1	69488	70521	69488	70521	69488	69488	70521	70521	TRUE	NAGATA					
LT934125.1	+	69488	71544	UL18-L12			1	69488	71544	69488	71544	69488	69488	71544	71544	TRUE	NAGATA					
LT934125.1	+	69530	71544	UL18-L11			1	69530	71544	69530	71544	69530	69530	71544	71544	TRUE	NAGATA					
LT934125.1	+	69555	70521	UL19.35			1	69555	70521	69555	70521	69555	69555	70521	70521	TRUE	NAGATA					
LT934125.1	+	69555	71544	UL18-L10			1	69555	71544	69555	71544	69555	69555	71544	71544	TRUE	NAGATA					
LT934125.1	+	69611	71544	UL18-L9			1	69611	71544	69611	71544	69611	69611	71544	71544	TRUE	NAGATA					
LT934125.1	+	69671	70521	UL19.35-S			1	69671	70521	69671	70521	69671	69671	70521	70521	TRUE	NAGATA					
LT934125.1	+	69671	71544	UL18-L8			1	69671	71544	69671	71544	69671	69671	71544	71544	TRUE	NAGATA					
LT934125.1	+	69713	71544	UL18-L7			1	69713	71544	69713	71544	69713	69713	71544	71544	TRUE	NAGATA					
LT934125.1	+	69765	70521	UL19.37	28	6	1	69765	70521	69765	70521	69765	69765	70521	70521	TRUE	NAGATA	69765	69765	CAGE_cluster_113	69765	*
LT934125.1	+	69765	71544	UL18-L6	28	6	1	69765	71544	69765	71544	69765	69765	71544	71544	TRUE	NAGATA	69765	69765	CAGE_cluster_113	69765	*
LT934125.1	+	69821	70521	UL19.38			1	69821	70521	69821	70521	69821	69821	70521	70521	TRUE	NAGATA					
LT934125.1	+	69947	70521	UL19.38-S			1	69947	70521	69947	70521	69947	69947	70521	70521	TRUE	NAGATA					
LT934125.1	+	69947	71544	UL18-L5			1	69947	71544	69947	71544	69947	69947	71544	71544	TRUE	NAGATA					
LT934125.1	+	70012	71544	UL18-L4			1	70012	71544	70012	71544	70012	70012	71544	71544	TRUE	NAGATA					
LT934125.1	+	70090	71544	UL18-L3	299	6	1	70090	71544	70090	71544	70090	70090	71544	71544	TRUE	NAGATA	70087	70090	CAGE_cluster_115	70090	*
LT934125.1	+	70132	70521	nc-UL19			1	70132	70521	70132	70521	70132	70132	70521	70521	TRUE	NAGATA					
LT934125.1	+	70132	71544	UL18-L2			1	70132	71544	70132	71544	70132	70132	71544	71544	TRUE	NAGATA					
LT934125.1	+	70311	70521	nc-UL19-S			1	70311	70521	70311	70521	70311	70311	70521	70521	TRUE	NAGATA					
LT934125.1	+	70311	71544	UL18-L			1	70311	71544	70311	71544	70311	70311	71544	71544	TRUE	NAGATA					
LT934125.1	+	70529	71518	UL18-AT	13166	6	1	70529	71518	70529	71518	70529	70529	71518	71518	TRUE	NAGATA	70526	70534	CAGE_cluster_116	70531	***
LT934125.1	+	70529	71544	UL18	13166	6	1	70529	71544	70529	71544	70529	70529	71544	71544	TRUE	NAGATA	70526	70534	CAGE_cluster_116	70531	***
LT934125.1	+	70529	75645	UL18-17-16	13166	6	1	70529	75645	70529	75645	70529	70529	75645	75645	TRUE	NAGATA	70526	70534	CAGE_cluster_116	70531	***
LT934125.1	+	71035	71544	UL18.5			1	71035	71544	71035	71544	71035	71035	71544	71544	TRUE	NAGATA					
LT934125.1	+	72652	75645	UL17L-16			1	72652	75645	72652	75645	72652	72652	75645	75645	TRUE	NAGATA					
LT934125.1	+	72759	75645	UL17-16	1229	5	1	72759	75645	72759	75645	72759	72759	75645	75645	TRUE	NAGATA	72756	72764	CAGE_cluster_122	72759	*
LT934125.1	+	74327	75645	UL16-L			1	74327	75645	74327	75645	74327	74327	75645	75645	TRUE	NAGATA					
LT934125.1	+	74400	75645	UL16	5093	6	1	74400	75645	74400	75645	74400	74400	75645	75645	TRUE	NAGATA	74398	74405	CAGE_cluster_124	74400	**
LT934125.1	+	75139	75645	UL16.2			1	75139	75645	75139	75645	75139	75139	75645	75645	TRUE	NAGATA					
LT934125.1	+	75154	75645	UL16.2-S			1	75154	75645	75154	75645	75154	75154	75645	75645	TRUE	NAGATA					
LT934125.1	+	75311	75645	UL16.2-S2			1	75311	75645	75311	75645	75311	75311	75645	75645	TRUE	NAGATA					
LT934125.1	+	75675	79955	UL14L-13-12			1	75675	79955	75675	79955	75675	75675	79955	79955	TRUE	NAGATA					
LT934125.1	+	76683	79996	UL14-13-12-11	382	6	1	76683	79996	76683	79996	76683	76683	79996	79996	TRUE	NAGATA	76677	76685	CAGE_cluster_127	76685	*
LT934125.1	+	76990	79996	UL13-12-11	83	4	1	76990	79996	76990	79996	76990	76990	79996	79996	TRUE	NAGATA	76990	76990	CAGE_cluster_128	76990	*
LT934125.1	+	78035	79996	UL12-11			1	78035	79996	78035	79996	78035	78035	79996	79996	TRUE	NAGATA					
LT934125.1	+	78278	79996	UL12S-11			1	78278	79996	78278	79996	78278	78278	79996	79996	TRUE	NAGATA					
LT934125.1	+	78329	79996	UL12S2-11			1	78329	79996	78329	79996	78329	78329	79996	79996	TRUE	NAGATA					
LT934125.1	+	78825	79996	UL-11-L6			1	78825	79996	78825	79996	78825	78825	79996	79996	TRUE	NAGATA					
LT934125.1	+	78969	79996	UL-11-L5			1	78969	79996	78969	79996	78969	78969	79996	79996	TRUE	NAGATA					
LT934125.1	+	79024	79996	UL-11-L4			1	79024	79996	79024	79996	79024	79024	79996	79996	TRUE	NAGATA					
LT934125.1	+	79062	79996	UL-11-L3			1	79062	79996	79062	79996	79062	79062	79996	79996	TRUE	NAGATA					
LT934125.1	+	79143	79996	UL-11-L7			1	79143	79996	79143	79996	79143	79143	79996	79996	TRUE	NAGATA					
LT934125.1	+	79315	79996	UL-11-L2			1	79315	79996	79315	79996	79315	79315	79996	79996	TRUE	NAGATA					
LT934125.1	+	79444	79996	UL11	12201	6	1	79444	79996	79444	79996	79444	79444	79996	79996	TRUE	NAGATA	79439	79447	CAGE_cluster_131	79444	***
LT934125.1	+	79517	79996	UL-11-S			1	79517	79996	79517	79996	79517	79517	79996	79996	TRUE	NAGATA					
LT934125.1	+	79789	79996	UL11.5			1	79789	79996	79789	79996	79789	79789	79996	79996	TRUE	NAGATA					
LT934125.1	+	81082	86167	UL9L-8	272	6	1	81082	86167	81082	86167	81082	81082	86167	86167	TRUE	NAGATA	81081	81083	CAGE_cluster_135	81082	*
LT934125.1	+	82509	86167	UL8-L2			1	82509	86167	82509	86167	82509	82509	86167	86167	TRUE	NAGATA					
LT934125.1	+	83792	86167	UL8-L			1	83792	86167	83792	86167	83792	83792	86167	86167	TRUE	NAGATA					
LT934125.1	+	83975	86167	UL8	105	3	1	83975	86167	83975	86167	83975	83975	86167	86167	TRUE	NAGATA	83973	83978	CAGE_cluster_137	83978	*
LT934125.1	+	85104	86167	UL8.5			1	85104	86167	85104	86167	85104	85104	86167	86167	TRUE	NAGATA					
LT934125.1	+	85607	86167	UL8.5-S			1	85607	86167	85607	86167	85607	85607	86167	86167	TRUE	NAGATA					
LT934125.1	+	85676	86167	UL8.5-S2			1	85676	86167	85676	86167	85676	85676	86167	86167	TRUE	NAGATA					
LT934125.1	+	88155	92059	UL5L2-4			1	88155	92059	88155	92059	88155	88155	92059	92059	TRUE	NAGATA					
LT934125.1	+	88883	91559	UL5			1	88883	91559	88883	91559	88883	88883	91559	91559	TRUE	NAGATA					
LT934125.1	+	88885	92058	UL5-4	672	6	1	88885	92058	88885	92058	88885	88885	92058	92058	TRUE	NAGATA	88884	88889	CAGE_cluster_139	88885	*
LT934125.1	+	89133	91559	UL5.3	59	3	1	89133	91559	89133	91559	89133	89133	91559	91559	TRUE	NAGATA	89131	89133	CAGE_cluster_140	89131	*
LT934125.1	+	89133	92059	UL5-4-M	59	3	1	89133	92059	89133	92059	89133	89133	92059	92059	TRUE	NAGATA	89131	89133	CAGE_cluster_140	89131	*
LT934125.1	+	89883	91559	UL5.5			1	89883	91559	89883	91559	89883	89883	91559	91559	TRUE	NAGATA					
LT934125.1	+	89883	92059	UL4-L5			1	89883	92059	89883	92059	89883	89883	92059	92059	TRUE	NAGATA					
LT934125.1	+	90249	91559	UL5.6			1	90249	91559	90249	91559	90249	90249	91559	91559	TRUE	NAGATA					
LT934125.1	+	90249	92059	UL4-L4			1	90249	92059	90249	92059	90249	90249	92059	92059	TRUE	NAGATA					
LT934125.1	+	90381	92055	UL-5-4-S	19	2	1	90381	92055	90381	92055	90381	90381	92055	92055	TRUE	NAGATA	90381	90381	CAGE_cluster_141	90381	*
LT934125.1	+	90381	92059	UL5-4-S	19	2	1	90381	92059	90381	92059	90381	90381	92059	92059	TRUE	NAGATA	90381	90381	CAGE_cluster_141	90381	*
LT934125.1	+	90932	92059	UL4-L3			1	90932	92059	90932	92059	90932	90932	92059	92059	TRUE	NAGATA					
LT934125.1	+	91154	92059	UL4-L2			1	91154	92059	91154	92059	91154	91154	92059	92059	TRUE	NAGATA					
LT934125.1	+	91360	92059	UL4-L			1	91360	92059	91360	92059	91360	91360	92059	92059	TRUE	NAGATA					
LT934125.1	+	91409	92059	UL4	1002	6	1	91409	92059	91409	92059	91409	91409	92059	92059	TRUE	NAGATA	91408	91412	CAGE_cluster_142	91412	*
LT934125.1	+	91548	92059	UL4.2	255	5	1	91548	92059	91548	92059	91548	91548	92059	92059	TRUE	NAGATA	91542	91548	CAGE_cluster_143	91548	*
LT934125.1	+	92069	95694	UL1L-2-3-3.5			1	92069	95694	92069	95694	92069	92069	95694	95694	TRUE	NAGATA					
LT934125.1	+	100549	102393	ELIE-1			1	100549	102393	100549	102393	100549	100549	102393	102393	TRUE	NAGATA					
LT934125.1	+	101291	102383	ELIE-2-L	521	2	1	101291	102383	101291	102383	101291	101291	102383	102383	TRUE	NAGATA	101290	101296	CAGE_cluster_157	101293	*
LT934125.1	+	101661	102393	ELIE-2			1	101661	102393	101661	102393	101661	101661	102393	102393	TRUE	NAGATA					
LT934125.1	+	105212	108829	NOIR1-L			1	105212	108829	105212	108829	105212	105212	108829	108829	TRUE	NAGATA					
LT934125.1	+	107309	108830	NOIR-L3			1	107309	108830	107309	108830	107309	107309	108830	108830	TRUE	NAGATA					
LT934125.1	+	107482	108829	NOIR-1M-splice	9448	6	1	107482	107615	107482	108829	107482	107482	108829	107615	FALSE	NAGATA	107473	107483	CAGE_cluster_162	107482	**
LT934125.1	+	107482	108829	NOIR-1M-splice	9448	6	2	108460	108829	107482	108829	107482	108460	108829	108829	TRUE	NAGATA	107473	107483	CAGE_cluster_162	107482	**
LT934125.1	+	107483	108830	NOIR-1M	9448	6	1	107483	108830	107483	108830	107483	107483	108830	108830	TRUE	NAGATA	107473	107483	CAGE_cluster_162	107482	**
LT934125.1	+	107615	108830	NOIR-1S			1	107615	108830	107615	108830	107615	107615	108830	108830	TRUE	NAGATA					
LT934125.1	+	107819	108830	NOIR-1S2			1	107819	108830	107819	108830	107819	107819	108830	108830	TRUE	NAGATA					
LT934125.1	+	108030	108830	NOIR-1S3			1	108030	108830	108030	108830	108030	108030	108830	108830	TRUE	NAGATA					
LT934125.1	+	108228	108830	NOIR-1S4			1	108228	108830	108228	108830	108228	108228	108830	108830	TRUE	NAGATA					
LT934125.1	+	112883	116961	PTO-US1-sp			1	112883	115138	112883	116961	112883	112883	116961	115138	FALSE	NAGATA					
LT934125.1	+	112883	116961	PTO-US1-sp			2	115256	115308	112883	116961	112883	115256	116961	115308	FALSE	NAGATA					
LT934125.1	+	112883	116961	PTO-US1-sp			3	115464	116961	112883	116961	112883	115464	116961	116961	TRUE	NAGATA					
LT934125.1	+	112884	116962	PTO-US1-nonsp	165	5	1	112884	116962	112884	116962	112884	112884	116962	116962	TRUE	NAGATA	112884	112888	CAGE_cluster_168	112884	*
LT934125.1	+	114001	116961	US1-splice-L			1	114001	115138	114001	116961	114001	114001	116961	115138	FALSE	NAGATA					
LT934125.1	+	114001	116961	US1-splice-L			2	115256	115308	114001	116961	114001	115256	116961	115308	FALSE	NAGATA					
LT934125.1	+	114001	116961	US1-splice-L			3	115464	116961	114001	116961	114001	115464	116961	116961	TRUE	NAGATA					
LT934125.1	+	114832	116961	US1-splice-L2	117	2	1	114832	115138	114832	116961	114832	114832	116961	115138	FALSE	NAGATA	114832	114837	CAGE_cluster_171	114835	*
LT934125.1	+	114832	116961	US1-splice-L2	117	2	2	115256	115308	114832	116961	114832	115256	116961	115308	FALSE	NAGATA	114832	114837	CAGE_cluster_171	114835	*
LT934125.1	+	114832	116961	US1-splice-L2	117	2	3	115464	116961	114832	116961	114832	115464	116961	116961	TRUE	NAGATA	114832	114837	CAGE_cluster_171	114835	*
LT934125.1	+	114984	116961	US1-splice	18750	6	1	114984	115138	114984	116961	114984	114984	116961	115138	FALSE	NAGATA	114980	114988	CAGE_cluster_172	114985	***
LT934125.1	+	114984	116961	US1-splice	18750	6	2	115256	115308	114984	116961	114984	115256	116961	115308	FALSE	NAGATA	114980	114988	CAGE_cluster_172	114985	***
LT934125.1	+	114984	116961	US1-splice	18750	6	3	115464	116961	114984	116961	114984	115464	116961	116961	TRUE	NAGATA	114980	114988	CAGE_cluster_172	114985	***
LT934125.1	+	114985	116962	US1	18750	6	1	114985	116962	114985	116962	114985	114985	116962	116962	TRUE	NAGATA	114980	114988	CAGE_cluster_172	114985	***
LT934125.1	+	114985	116962	US1-splice-2	18750	6	1	114985	115139	114985	116962	114985	114985	116962	115139	FALSE	NAGATA	114980	114988	CAGE_cluster_172	114985	***
LT934125.1	+	114985	116962	US1-splice-2	18750	6	2	115257	116962	114985	116962	114985	115257	116962	116962	TRUE	NAGATA	114980	114988	CAGE_cluster_172	114985	***
LT934125.1	+	114985	116962	US1-splice-3	18750	6	1	114985	115186	114985	116962	114985	114985	116962	115186	FALSE	NAGATA	114980	114988	CAGE_cluster_172	114985	***
LT934125.1	+	114985	116962	US1-splice-3	18750	6	2	115474	116962	114985	116962	114985	115474	116962	116962	TRUE	NAGATA	114980	114988	CAGE_cluster_172	114985	***
LT934125.1	+	114985	116962	US1-splice-4	18750	6	1	114985	115169	114985	116962	114985	114985	116962	115169	FALSE	NAGATA	114980	114988	CAGE_cluster_172	114985	***
LT934125.1	+	114985	116962	US1-splice-4	18750	6	2	115465	116962	114985	116962	114985	115465	116962	116962	TRUE	NAGATA	114980	114988	CAGE_cluster_172	114985	***
LT934125.1	+	114985	116962	US1-splice-5	18750	6	1	114985	115180	114985	116962	114985	114985	116962	115180	FALSE	NAGATA	114980	114988	CAGE_cluster_172	114985	***
LT934125.1	+	114985	116962	US1-splice-5	18750	6	2	115465	116962	114985	116962	114985	115465	116962	116962	TRUE	NAGATA	114980	114988	CAGE_cluster_172	114985	***
LT934125.1	+	114985	116962	US1-splice-6	18750	6	1	114985	115309	114985	116962	114985	114985	116962	115309	FALSE	NAGATA	114980	114988	CAGE_cluster_172	114985	***
LT934125.1	+	114985	116962	US1-splice-6	18750	6	2	115465	116962	114985	116962	114985	115465	116962	116962	TRUE	NAGATA	114980	114988	CAGE_cluster_172	114985	***
LT934125.1	+	115012	116628	nc-US1			1	115012	116628	115012	116628	115012	115012	116628	116628	TRUE	NAGATA					
LT934125.1	+	116541	116962	TRS1-L3	18903	6	1	116541	116962	116541	116962	116541	116541	116962	116962	TRUE	NAGATA	116010	116720	CAGE_cluster_175	116431	***
LT934125.1	+	116552	116962	TRS1-L2	18903	6	1	116552	116962	116552	116962	116552	116552	116962	116962	TRUE	NAGATA	116010	116720	CAGE_cluster_175	116431	***
LT934125.1	+	116600	116962	TRS1-L	18903	6	1	116600	116962	116600	116962	116600	116600	116962	116962	TRUE	NAGATA	116010	116720	CAGE_cluster_175	116431	***
LT934125.1	+	116628	116962	TRS1	18903	6	1	116628	116962	116628	116962	116628	116628	116962	116962	TRUE	NAGATA	116010	116720	CAGE_cluster_175	116431	***
LT934125.1	+	116715	116962	TRS1-S	18903	6	1	116715	116962	116715	116962	116715	116715	116962	116962	TRUE	NAGATA	116010	116720	CAGE_cluster_175	116431	***
LT934125.1	+	117607	120477	US3-L-4	808	6	1	117607	120477	117607	120477	117607	117607	120477	120477	TRUE	NAGATA	117603	117608	CAGE_cluster_177	117607	*
LT934125.1	+	117769	120477	US3-4	1423	6	1	117769	120477	117769	120477	117769	117769	120477	120477	TRUE	NAGATA	117767	117796	CAGE_cluster_178	117769	*
LT934125.1	+	118807	120477	US4-L			1	118807	120477	118807	120477	118807	118807	120477	120477	TRUE	NAGATA					
LT934125.1	+	118864	120477	US4	45259	6	1	118864	120477	118864	120477	118864	118864	120477	120477	TRUE	NAGATA	118858	118866	CAGE_cluster_183	118864	***
LT934125.1	+	118864	121347	US4-AT	45259	6	1	118864	121347	118864	121347	118864	118864	121347	121347	TRUE	NAGATA	118858	118866	CAGE_cluster_183	118864	***
LT934125.1	+	118864	122915	US4-6-7	45259	6	1	118864	122915	118864	122915	118864	118864	122915	122915	TRUE	NAGATA	118858	118866	CAGE_cluster_183	118864	***
LT934125.1	+	119002	120477	US4.2			1	119002	120477	119002	120477	119002	119002	120477	120477	TRUE	NAGATA					
LT934125.1	+	119127	120477	US4.3			1	119127	120477	119127	120477	119127	119127	120477	120477	TRUE	NAGATA					
LT934125.1	+	119221	120477	US4.3-S			1	119221	120477	119221	120477	119221	119221	120477	120477	TRUE	NAGATA					
LT934125.1	+	119344	120477	US4.5			1	119344	120477	119344	120477	119344	119344	120477	120477	TRUE	NAGATA					
LT934125.1	+	119404	120477	US4.5-S			1	119404	120477	119404	120477	119404	119404	120477	120477	TRUE	NAGATA					
LT934125.1	+	119436	120477	US4.5-S2			1	119436	120477	119436	120477	119436	119436	120477	120477	TRUE	NAGATA					
LT934125.1	+	119500	120477	US4.6			1	119500	120477	119500	120477	119500	119500	120477	120477	TRUE	NAGATA					
LT934125.1	+	119632	120477	US4.6-S			1	119632	120477	119632	120477	119632	119632	120477	120477	TRUE	NAGATA					
LT934125.1	+	120081	120477	US4.7			1	120081	120477	120081	120477	120081	120081	120477	120477	TRUE	NAGATA					
LT934125.1	+	120256	120477	US4.7-S			1	120256	120477	120256	120477	120256	120256	120477	120477	TRUE	NAGATA					
LT934125.1	+	120555	121842	US6	6993	6	1	120555	121842	120555	121842	120555	120555	121842	121842	TRUE	NAGATA	120552	120558	CAGE_cluster_191	120552	**
LT934125.1	+	120555	122915	US6-7	6993	6	1	120555	122915	120555	122915	120555	120555	122915	122915	TRUE	NAGATA	120552	120558	CAGE_cluster_191	120552	**
LT934125.1	+	120555	126151	US6-7-8-9-2	6993	6	1	120555	126151	120555	126151	120555	120555	126151	126151	TRUE	NAGATA	120552	120558	CAGE_cluster_191	120552	**
LT934125.1	+	120934	122915	US7-L	124	6	1	120934	122915	120934	122915	120934	120934	122915	122915	TRUE	NAGATA	120930	120937	CAGE_cluster_193	120934	*
LT934125.1	+	121058	122915	US7-L2			1	121058	122915	121058	122915	121058	121058	122915	122915	TRUE	NAGATA					
LT934125.1	+	121715	122915	US7-L3			1	121715	122915	121715	122915	121715	121715	122915	122915	TRUE	NAGATA					
LT934125.1	+	121783	126191	US7-8-9-2-AT1	9620	6	1	121783	126191	121783	126191	121783	121783	126191	126191	TRUE	NAGATA	121782	121787	CAGE_cluster_194	121784	**
LT934125.1	+	121784	122915	US7	9620	6	1	121784	122915	121784	122915	121784	121784	122915	122915	TRUE	NAGATA	121782	121787	CAGE_cluster_194	121784	**
LT934125.1	+	121784	125230	US7-8-9	9620	6	1	121784	125230	121784	125230	121784	121784	125230	125230	TRUE	NAGATA	121782	121787	CAGE_cluster_194	121784	**
LT934125.1	+	121784	126151	US7-8-9-2	9620	6	1	121784	126151	121784	126151	121784	121784	126151	126151	TRUE	NAGATA	121782	121787	CAGE_cluster_194	121784	**
LT934125.1	+	121886	122915	US7.3			1	121886	122915	121886	122915	121886	121886	122915	122915	TRUE	NAGATA					
LT934125.1	+	122258	122915	US7.3-S			1	122258	122915	122258	122915	122258	122258	122915	122915	TRUE	NAGATA					
LT934125.1	+	122463	122915	US7.3-S2			1	122463	122915	122463	122915	122463	122463	122915	122915	TRUE	NAGATA					
LT934125.1	+	122698	122915	US7.1			1	122698	122915	122698	122915	122698	122698	122915	122915	TRUE	NAGATA					
LT934125.1	+	122698	125230	US8-L-US9			1	122698	125230	122698	125230	122698	122698	125230	125230	TRUE	NAGATA					
LT934125.1	+	122979	125230	US8-9	3363	6	1	122979	125230	122979	125230	122979	122979	125230	125230	TRUE	NAGATA	122973	122983	CAGE_cluster_198	122979	**
LT934125.1	+	122979	126151	US8-9-2	3363	6	1	122979	126151	122979	126151	122979	122979	126151	126151	TRUE	NAGATA	122973	122983	CAGE_cluster_198	122979	**
LT934125.1	+	122979	126191	US8-9-2-AT1	3363	6	1	122979	126191	122979	126191	122979	122979	126191	126191	TRUE	NAGATA	122973	122983	CAGE_cluster_198	122979	**
LT934125.1	+	123314	126151	US9-US2-L4			1	123314	126151	123314	126151	123314	123314	126151	126151	TRUE	NAGATA					
LT934125.1	+	123560	125230	US9-L6			1	123560	125230	123560	125230	123560	123560	125230	125230	TRUE	NAGATA					
LT934125.1	+	123587	126151	US9-US2-L3			1	123587	126151	123587	126151	123587	123587	126151	126151	TRUE	NAGATA					
LT934125.1	+	123780	125230	US9-L5			1	123780	125230	123780	125230	123780	123780	125230	125230	TRUE	NAGATA					
LT934125.1	+	123824	126151	US9-US2-L2			1	123824	126151	123824	126151	123824	123824	126151	126151	TRUE	NAGATA					
LT934125.1	+	123878	125230	US9-L4			1	123878	125230	123878	125230	123878	123878	125230	125230	TRUE	NAGATA					
LT934125.1	+	124180	125230	US9-L3			1	124180	125230	124180	125230	124180	124180	125230	125230	TRUE	NAGATA					
LT934125.1	+	124286	125230	US9-L2			1	124286	125230	124286	125230	124286	124286	125230	125230	TRUE	NAGATA					
LT934125.1	+	124402	126151	US9-US2-L	203	6	1	124402	126151	124402	126151	124402	124402	126151	126151	TRUE	NAGATA	124371	124412	CAGE_cluster_201	124409	*
LT934125.1	+	124677	125230	US9-L1			1	124677	125230	124677	125230	124677	124677	125230	125230	TRUE	NAGATA					
LT934125.1	+	124756	125230	US9	6658	6	1	124756	125230	124756	125230	124756	124756	125230	125230	TRUE	NAGATA	124737	124757	CAGE_cluster_202	124756	**
LT934125.1	+	124756	126151	US9-2	6658	6	1	124756	126151	124756	126151	124756	124756	126151	126151	TRUE	NAGATA	124737	124757	CAGE_cluster_202	124756	**
LT934125.1	+	124872	125230	US9.3			1	124872	125230	124872	125230	124872	124872	125230	125230	TRUE	NAGATA					
LT934125.1	+	125105	126151	US2-L			1	125105	126151	125105	126151	125105	125105	126151	126151	TRUE	NAGATA					
LT934125.1	+	125225	126151	US2	3162	6	1	125225	126151	125225	126151	125225	125225	126151	126151	TRUE	NAGATA	125219	125228	CAGE_cluster_203	125225	*
LT934125.1	+	125225	126191	US2-AT	3162	6	1	125225	126191	125225	126191	125225	125225	126191	126191	TRUE	NAGATA	125219	125228	CAGE_cluster_203	125225	*
LT934125.1	+	125373	126151	US2.3			1	125373	126151	125373	126151	125373	125373	126151	126151	TRUE	NAGATA					
LT934125.1	+	125430	126151	US2.3-S			1	125430	126151	125430	126151	125430	125430	126151	126151	TRUE	NAGATA					
LT934125.1	+	125609	126151	US2.3-S2			1	125609	126151	125609	126151	125609	125609	126151	126151	TRUE	NAGATA					
LT934125.1	+	125729	126151	US2.3-S3			1	125729	126151	125729	126151	125729	125729	126151	126151	TRUE	NAGATA					
LT934125.1	+	132614	133513	NOIR_2-2	47	4	1	132614	133513	132614	133513	132614	132614	133513	133513	TRUE	NAGATA	132611	132614	CAGE_cluster_217	132614	*
LT934125.1	+	136158	141356	IE180_2	1356	6	1	136158	141356	136158	141356	136158	136158	141356	141356	TRUE	NAGATA	136156	136159	CAGE_cluster_224	136158	*
LT934125.1	+	136348	141356	IE180_2-S	959	6	1	136348	141356	136348	141356	136348	136348	141356	141356	TRUE	NAGATA	136335	136351	CAGE_cluster_225	136348	*
LT934125.1	-	2778	3141	UL54.3-S2			1	2778	3141	2778	3141	3141	3141	2778	2778	TRUE	NAGATA					
LT934125.1	-	2778	3172	UL54.3-S			1	2778	3172	2778	3172	3172	3172	2778	2778	TRUE	NAGATA					
LT934125.1	-	2778	3281	UL54.3			1	2778	3281	2778	3281	3281	3281	2778	2778	TRUE	NAGATA					
LT934125.1	-	2778	3351	UL54.4			1	2778	3351	2778	3351	3351	3351	2778	2778	TRUE	NAGATA					
LT934125.1	-	2778	3429	UL54.5-S2			1	2778	3429	2778	3429	3429	3429	2778	2778	TRUE	NAGATA					
LT934125.1	-	2778	3640	UL54.5-S			1	2778	3640	2778	3640	3640	3640	2778	2778	TRUE	NAGATA					
LT934125.1	-	2778	3753	UL54.5			1	2778	3753	2778	3753	3753	3753	2778	2778	TRUE	NAGATA					
LT934125.1	-	2778	3910	UL54			1	2778	3910	2778	3910	3910	3910	2778	2778	TRUE	NAGATA					
LT934125.1	-	2778	4687	UL54-L			1	2778	4687	2778	4687	4687	4687	2778	2778	TRUE	NAGATA					
LT934125.1	-	2778	4925	UL53-54			1	2778	4925	2778	4925	4925	4925	2778	2778	TRUE	NAGATA					
LT934125.1	-	2778	5969	UL53L-54			1	2778	5969	2778	5969	5969	5969	2778	2778	TRUE	NAGATA					
LT934125.1	-	2778	7758	UL52-53-54			1	2778	7758	2778	7758	7758	7758	2778	2778	TRUE	NAGATA					
LT934125.1	-	4648	8526	UL51-52			1	4648	8526	4648	8526	8526	8526	4648	4648	TRUE	NAGATA					
LT934125.1	-	8487	8997	UL50.1-S			1	8487	8997	8487	8997	8997	8997	8487	8487	TRUE	NAGATA					
LT934125.1	-	8487	9058	UL50.1	71	4	1	8487	9058	8487	9058	9058	9058	8487	8487	TRUE	NAGATA	9058	9062	CAGE_cluster_243	9062	*
LT934125.1	-	8487	9214	UL50S			1	8487	9214	8487	9214	9214	9214	8487	8487	TRUE	NAGATA					
LT934125.1	-	8487	9494	UL50			1	8487	9494	8487	9494	9494	9494	8487	8487	TRUE	NAGATA					
LT934125.1	-	8487	9590	UL50L			1	8487	9590	8487	9590	9590	9590	8487	8487	TRUE	NAGATA					
LT934125.1	-	8487	9752	UL50-L3			1	8487	9752	8487	9752	9752	9752	8487	8487	TRUE	NAGATA					
LT934125.1	-	8487	9800	UL50-L4			1	8487	9800	8487	9800	9800	9800	8487	8487	TRUE	NAGATA					
LT934125.1	-	16259	19473	UL27-AT1			1	16259	19473	16259	19473	19473	19473	16259	16259	TRUE	NAGATA					
LT934125.1	-	16582	25312	UL29-28-27			1	16582	25312	16582	25312	25312	25312	16582	16582	TRUE	NAGATA					
LT934125.1	-	16583	16878	UL27.2			1	16583	16878	16583	16878	16878	16878	16583	16583	TRUE	NAGATA					
LT934125.1	-	16583	16928	UL27.3-L			1	16583	16928	16583	16928	16928	16928	16583	16583	TRUE	NAGATA					
LT934125.1	-	16583	16970	UL27.3			1	16583	16970	16583	16970	16970	16970	16583	16583	TRUE	NAGATA					
LT934125.1	-	16583	17024	UL27.4-S4			1	16583	17024	16583	17024	17024	17024	16583	16583	TRUE	NAGATA					
LT934125.1	-	16583	17059	UL27.4-S3			1	16583	17059	16583	17059	17059	17059	16583	16583	TRUE	NAGATA					
LT934125.1	-	16583	17132	UL27.4-S2			1	16583	17132	16583	17132	17132	17132	16583	16583	TRUE	NAGATA					
LT934125.1	-	16583	17159	UL27.4-S			1	16583	17159	16583	17159	17159	17159	16583	16583	TRUE	NAGATA					
LT934125.1	-	16583	17223	UL27.4			1	16583	17223	16583	17223	17223	17223	16583	16583	TRUE	NAGATA					
LT934125.1	-	16583	17341	UL27.5-S3			1	16583	17341	16583	17341	17341	17341	16583	16583	TRUE	NAGATA					
LT934125.1	-	16583	17363	UL27.5-S2	421	6	1	16583	17363	16583	17363	17363	17363	16583	16583	TRUE	NAGATA	17344	17379	CAGE_cluster_253	17345	*
LT934125.1	-	16583	17407	UL27.5-S			1	16583	17407	16583	17407	17407	17407	16583	16583	TRUE	NAGATA					
LT934125.1	-	16583	17497	UL27.5			1	16583	17497	16583	17497	17497	17497	16583	16583	TRUE	NAGATA					
LT934125.1	-	16583	17530	UL27.6-S			1	16583	17530	16583	17530	17530	17530	16583	16583	TRUE	NAGATA					
LT934125.1	-	16583	17568	UL27.6			1	16583	17568	16583	17568	17568	17568	16583	16583	TRUE	NAGATA					
LT934125.1	-	16583	17599	UL27.8			1	16583	17599	16583	17599	17599	17599	16583	16583	TRUE	NAGATA					
LT934125.1	-	16583	17636	UL27.9			1	16583	17636	16583	17636	17636	17636	16583	16583	TRUE	NAGATA					
LT934125.1	-	16583	17670	UL27.10-S			1	16583	17670	16583	17670	17670	17670	16583	16583	TRUE	NAGATA					
LT934125.1	-	16583	17723	UL27.10			1	16583	17723	16583	17723	17723	17723	16583	16583	TRUE	NAGATA					
LT934125.1	-	16583	17751	UL27.11-S7			1	16583	17751	16583	17751	17751	17751	16583	16583	TRUE	NAGATA					
LT934125.1	-	16583	17792	UL27.11-S6			1	16583	17792	16583	17792	17792	17792	16583	16583	TRUE	NAGATA					
LT934125.1	-	16583	17871	UL27.11-S5			1	16583	17871	16583	17871	17871	17871	16583	16583	TRUE	NAGATA					
LT934125.1	-	16583	17900	UL27.11-S4			1	16583	17900	16583	17900	17900	17900	16583	16583	TRUE	NAGATA					
LT934125.1	-	16583	17951	UL27.5-L			1	16583	17951	16583	17951	17951	17951	16583	16583	TRUE	NAGATA					
LT934125.1	-	16583	17981	UL27.11-S3			1	16583	17981	16583	17981	17981	17981	16583	16583	TRUE	NAGATA					
LT934125.1	-	16583	18086	UL27.11-S2			1	16583	18086	16583	18086	18086	18086	16583	16583	TRUE	NAGATA					
LT934125.1	-	16583	18107	UL27.11-S			1	16583	18107	16583	18107	18107	18107	16583	16583	TRUE	NAGATA					
LT934125.1	-	16583	18161	UL27.11			1	16583	18161	16583	18161	18161	18161	16583	16583	TRUE	NAGATA					
LT934125.1	-	16583	18270	UL27.13			1	16583	18270	16583	18270	18270	18270	16583	16583	TRUE	NAGATA					
LT934125.1	-	16583	18464	UL27.14-S			1	16583	18464	16583	18464	18464	18464	16583	16583	TRUE	NAGATA					
LT934125.1	-	16583	18523	UL27.14			1	16583	18523	16583	18523	18523	18523	16583	16583	TRUE	NAGATA					
LT934125.1	-	16583	19473	UL27			1	16583	19473	16583	19473	19473	19473	16583	16583	TRUE	NAGATA					
LT934125.1	-	16583	21635	UL28L-27			1	16583	21635	16583	21635	21635	21635	16583	16583	TRUE	NAGATA					
LT934125.1	-	18583	21472	UL28			1	18583	21472	18583	21472	21472	21472	18583	18583	TRUE	NAGATA					
LT934125.1	-	21477	21941	TRL29.2			1	21477	21941	21477	21941	21941	21941	21477	21477	TRUE	NAGATA					
LT934125.1	-	21477	22441	UL29.2			1	21477	22441	21477	22441	22441	22441	21477	21477	TRUE	NAGATA					
LT934125.1	-	21477	23258	UL29.11			1	21477	23258	21477	23258	23258	23258	21477	21477	TRUE	NAGATA					
LT934125.1	-	21477	23660	UL29.14			1	21477	23660	21477	23660	23660	23660	21477	21477	TRUE	NAGATA					
LT934125.1	-	21477	25313	UL29			1	21477	25313	21477	25313	25313	25313	21477	21477	TRUE	NAGATA					
LT934125.1	-	28429	28794	UL31.3-S			1	28429	28794	28429	28794	28794	28794	28429	28429	TRUE	NAGATA					
LT934125.1	-	28429	29046	UL31.3	224	6	1	28429	29046	28429	29046	29046	29046	28429	28429	TRUE	NAGATA	29026	29116	CAGE_cluster_276	29061	*
LT934125.1	-	28429	29086	UL31.2	224	6	1	28429	29086	28429	29086	29086	29086	28429	28429	TRUE	NAGATA	29026	29116	CAGE_cluster_276	29061	*
LT934125.1	-	28429	29154	UL31-L			1	28429	29154	28429	29154	29154	29154	28429	28429	TRUE	NAGATA					
LT934125.1	-	28429	29414	UL31	12500	6	1	28429	29414	28429	29414	29414	29414	28429	28429	TRUE	NAGATA	29411	29421	CAGE_cluster_278	29416	***
LT934125.1	-	28429	29507	UL31.5			1	28429	29507	28429	29507	29507	29507	28429	28429	TRUE	NAGATA					
LT934125.1	-	28429	30877	UL32-S-31			1	28429	30877	28429	30877	30877	30877	28429	28429	TRUE	NAGATA					
LT934125.1	-	28429	31043	UL32-31			1	28429	31043	28429	31043	31043	31043	28429	28429	TRUE	NAGATA					
LT934125.1	-	32686	32842	nc-UL36			1	32686	32842	32686	32842	32842	32842	32686	32686	TRUE	NAGATA					
LT934125.1	-	32686	32935	UL36.40-S2			1	32686	32935	32686	32935	32935	32935	32686	32686	TRUE	NAGATA					
LT934125.1	-	32686	33035	UL36.40-S			1	32686	33035	32686	33035	33035	33035	32686	32686	TRUE	NAGATA					
LT934125.1	-	32686	33215	UL36.40			1	32686	33215	32686	33215	33215	33215	32686	32686	TRUE	NAGATA					
LT934125.1	-	32686	33242	UL36.38-S			1	32686	33242	32686	33242	33242	33242	32686	32686	TRUE	NAGATA					
LT934125.1	-	32686	33356	UL36.38			1	32686	33356	32686	33356	33356	33356	32686	32686	TRUE	NAGATA					
LT934125.1	-	32686	34330	UL36.43-S			1	32686	34330	32686	34330	34330	34330	32686	32686	TRUE	NAGATA					
LT934125.1	-	32686	34474	UL36.5			1	32686	34474	32686	34474	34474	34474	32686	32686	TRUE	NAGATA					
LT934125.1	-	32686	34532	UL36.43			1	32686	34532	32686	34532	34532	34532	32686	32686	TRUE	NAGATA					
LT934125.1	-	32686	41995	UL36-UL36.5			1	32686	41995	32686	41995	41995	41995	32686	32686	TRUE	NAGATA					
LT934125.1	-	32686	44889	UL37-36			1	32686	44889	32686	44889	44889	44889	32686	32686	TRUE	NAGATA					
LT934125.1	-	42005	43351	UL37.5			1	42005	43351	42005	43351	43351	43351	42005	42005	TRUE	NAGATA					
LT934125.1	-	42005	43473	UL37.5-S2			1	42005	43473	42005	43473	43473	43473	42005	42005	TRUE	NAGATA					
LT934125.1	-	42005	43545	UL37.6-S2			1	42005	43545	42005	43545	43545	43545	42005	42005	TRUE	NAGATA					
LT934125.1	-	42005	43628	UL37.6-S			1	42005	43628	42005	43628	43628	43628	42005	42005	TRUE	NAGATA					
LT934125.1	-	42005	44067	UL37.6			1	42005	44067	42005	44067	44067	44067	42005	42005	TRUE	NAGATA					
LT934125.1	-	42005	44889	UL37			1	42005	44889	42005	44889	44889	44889	42005	42005	TRUE	NAGATA					
LT934125.1	-	50027	54882	UL44-43-42-41			1	50027	54882	50027	54882	54882	54882	50027	50027	TRUE	NAGATA					
LT934125.1	-	50041	50592	UL41.11			1	50041	50592	50041	50592	50592	50592	50041	50041	TRUE	NAGATA					
LT934125.1	-	50041	50641	UL41.9			1	50041	50641	50041	50641	50641	50641	50041	50041	TRUE	NAGATA					
LT934125.1	-	50041	50820	UL41.7	35	5	1	50041	50820	50041	50820	50820	50820	50041	50041	TRUE	NAGATA	50820	50820	CAGE_cluster_298	50820	*
LT934125.1	-	50041	50986	UL41.4			1	50041	50986	50041	50986	50986	50986	50041	50041	TRUE	NAGATA					
LT934125.1	-	50041	51094	UL41.2			1	50041	51094	50041	51094	51094	51094	50041	50041	TRUE	NAGATA					
LT934125.1	-	50041	51147	UL41			1	50041	51147	50041	51147	51147	51147	50041	50041	TRUE	NAGATA					
LT934125.1	-	55270	55679	UL26.9-S			1	55270	55679	55270	55679	55679	55679	55270	55270	TRUE	NAGATA					
LT934125.1	-	55270	55733	UL26.9			1	55270	55733	55270	55733	55733	55733	55270	55270	TRUE	NAGATA					
LT934125.1	-	55270	55807	UL26.8	145	4	1	55270	55807	55270	55807	55807	55807	55270	55270	TRUE	NAGATA	55768	55807	CAGE_cluster_304	55797	*
LT934125.1	-	55270	56188	UL26.6			1	55270	56188	55270	56188	56188	56188	55270	55270	TRUE	NAGATA					
LT934125.1	-	55270	56946	UL26-26.5			1	55270	56946	55270	56946	56946	56946	55270	55270	TRUE	NAGATA					
LT934125.1	-	55270	57535	UL26-26.5-L			1	55270	57535	55270	57535	57535	57535	55270	55270	TRUE	NAGATA					
LT934125.1	-	55270	58570	UL25-26-26.5			1	55270	58570	55270	58570	58570	58570	55270	55270	TRUE	NAGATA					
LT934125.1	-	55270	59016	UL25L-26-26.5			1	55270	59016	55270	59016	59016	59016	55270	55270	TRUE	NAGATA					
LT934125.1	-	55270	59277	UL24-25-26-26.5			1	55270	59277	55270	59277	59277	59277	55270	55270	TRUE	NAGATA					
LT934125.1	-	55270	63420	CTO-UL22-UL23-UL24-UL25-26			1	55270	63420	55270	63420	63420	63420	55270	55270	TRUE	NAGATA					
LT934125.1	-	55310	56946	UL26-26.5-AT			1	55310	56946	55310	56946	56946	56946	55310	55310	TRUE	NAGATA					
LT934125.1	-	55704	58556	UL25			1	55704	58556	55704	58556	58556	58556	55704	55704	TRUE	NAGATA					
LT934125.1	-	56317	56946	nc-UL26			1	56317	56946	56317	56946	56946	56946	56317	56317	TRUE	NAGATA					
LT934125.1	-	56317	58570	UL25-AT			1	56317	58570	56317	58570	58570	58570	56317	56317	TRUE	NAGATA					
LT934125.1	-	62344	63420	CTO-AT2			1	62344	63420	62344	63420	63420	63420	62344	62344	TRUE	NAGATA					
LT934125.1	-	62617	63420	CTO-AT			1	62617	63420	62617	63420	63420	63420	62617	62617	TRUE	NAGATA					
LT934125.1	-	63161	65821	CTO-L2			1	63161	65821	63161	65821	65821	65821	63161	63161	TRUE	NAGATA					
LT934125.1	-	63164	63420	CTO-S			1	63164	63420	63164	63420	63420	63420	63164	63164	TRUE	NAGATA					
LT934125.1	-	63164	64127	CTO-M			1	63164	64127	63164	64127	64127	64127	63164	63164	TRUE	NAGATA					
LT934125.1	-	63164	64624	CTO-M-L			1	63164	64624	63164	64624	64624	64624	63164	63164	TRUE	NAGATA					
LT934125.1	-	63164	65752	CTO-L	3426	6	1	63164	65752	63164	65752	65752	65752	63164	63164	TRUE	NAGATA	65752	65758	CAGE_cluster_325	65756	**
LT934125.1	-	64133	64624	UL21.5			1	64133	64624	64133	64624	64624	64624	64133	64133	TRUE	NAGATA					
LT934125.1	-	64133	65582	UL21.2-S			1	64133	65582	64133	65582	65582	65582	64133	64133	TRUE	NAGATA					
LT934125.1	-	64133	65657	UL21.2			1	64133	65657	64133	65657	65657	65657	64133	64133	TRUE	NAGATA					
LT934125.1	-	64133	65752	UL21	3426	6	1	64133	65752	64133	65752	65752	65752	64133	64133	TRUE	NAGATA	65752	65758	CAGE_cluster_325	65756	**
LT934125.1	-	64133	65880	UL21-L			1	64133	65880	64133	65880	65880	65880	64133	64133	TRUE	NAGATA					
LT934125.1	-	64138	66283	UL21-L2			1	64138	66283	64138	66283	66283	66283	64138	64138	TRUE	NAGATA					
LT934125.1	-	64173	66924	UL20-21-C			1	64173	66924	64173	66924	66924	66924	64173	64173	TRUE	NAGATA					
LT934125.1	-	64532	65752	UL21-AT2	3426	6	1	64532	65752	64532	65752	65752	65752	64532	64532	TRUE	NAGATA	65752	65758	CAGE_cluster_325	65756	**
LT934125.1	-	71548	76859	UL15-splice			1	71548	72782	71548	76859	76859	72782	71548	71548	TRUE	NAGATA					
LT934125.1	-	71548	76859	UL15-splice			2	75662	76859	71548	76859	76859	76859	71548	75662	FALSE	NAGATA					
LT934125.1	-	71548	77984	UL15-splice-L			1	71548	72782	71548	77984	77984	72782	71548	71548	TRUE	NAGATA					
LT934125.1	-	71548	77984	UL15-splice-L			2	75662	77984	71548	77984	77984	77984	71548	75662	FALSE	NAGATA					
LT934125.1	-	71549	71882	FORF15-S2			1	71549	71882	71549	71882	71882	71882	71549	71549	TRUE	NAGATA					
LT934125.1	-	71549	72713	FORF15-S			1	71549	72713	71549	72713	72713	72713	71549	71549	TRUE	NAGATA					
LT934125.1	-	71549	73108	FORF15			1	71549	73108	71549	73108	73108	73108	71549	71549	TRUE	NAGATA					
LT934125.1	-	71549	73139	FORF15-L2	74	4	1	71549	73139	71549	73139	73139	73139	71549	71549	TRUE	NAGATA	73111	73140	CAGE_cluster_332	73112	*
LT934125.1	-	71549	74345	FORF15-L			1	71549	74345	71549	74345	74345	74345	71549	71549	TRUE	NAGATA					
LT934125.1	-	71549	76860	UL15			1	71549	76860	71549	76860	76860	76860	71549	71549	TRUE	NAGATA					
LT934125.1	-	71549	77985	UL15-16-17			1	71549	77985	71549	77985	77985	77985	71549	71549	TRUE	NAGATA					
LT934125.1	-	74413	75324	UL16-AS			1	74413	75324	74413	75324	75324	75324	74413	74413	TRUE	NAGATA					
LT934125.1	-	80352	80491	nc-UL10			1	80352	80491	80352	80491	80491	80491	80352	80352	TRUE	NAGATA					
LT934125.1	-	80352	80835	UL10.4			1	80352	80835	80352	80835	80835	80835	80352	80352	TRUE	NAGATA					
LT934125.1	-	80352	81051	UL10.5			1	80352	81051	80352	81051	81051	81051	80352	80352	TRUE	NAGATA					
LT934125.1	-	80352	81314	UL10.6			1	80352	81314	80352	81314	81314	81314	80352	80352	TRUE	NAGATA					
LT934125.1	-	80352	81429	UL10.7			1	80352	81429	80352	81429	81429	81429	80352	80352	TRUE	NAGATA					
LT934125.1	-	80352	81551	UL10-S			1	80352	81551	80352	81551	81551	81551	80352	80352	TRUE	NAGATA					
LT934125.1	-	80352	81804	UL10			1	80352	81804	80352	81804	81804	81804	80352	80352	TRUE	NAGATA					
LT934125.1	-	80352	81840	UL10-L1	18276	6	1	80352	81840	80352	81840	81840	81840	80352	80352	TRUE	NAGATA	81808	81846	CAGE_cluster_343	81810	***
LT934125.1	-	80352	81897	UL10-L3			1	80352	81897	80352	81897	81897	81897	80352	80352	TRUE	NAGATA					
LT934125.1	-	80352	82026	UL10-L4			1	80352	82026	80352	82026	82026	82026	80352	80352	TRUE	NAGATA					
LT934125.1	-	80352	83205	UL10-L8			1	80352	83205	80352	83205	83205	83205	80352	80352	TRUE	NAGATA					
LT934125.1	-	80352	83780	UL10-L7			1	80352	83780	80352	83780	83780	83780	80352	80352	TRUE	NAGATA					
LT934125.1	-	86133	86928	UL7.5			1	86133	86928	86133	86928	86928	86928	86133	86133	TRUE	NAGATA					
LT934125.1	-	86133	87161	UL7	492	6	1	86133	87161	86133	87161	87161	87161	86133	86133	TRUE	NAGATA	87161	87167	CAGE_cluster_347	87165	*
LT934125.1	-	86133	87250	UL7-L2			1	86133	87250	86133	87250	87250	87250	86133	86133	TRUE	NAGATA					
LT934125.1	-	86133	87447	UL7-L3			1	86133	87447	86133	87447	87447	87447	86133	86133	TRUE	NAGATA					
LT934125.1	-	86133	87864	UL7-L4			1	86133	87864	86133	87864	87864	87864	86133	86133	TRUE	NAGATA					
LT934125.1	-	86133	89079	UL6-7			1	86133	89079	86133	89079	89079	89079	86133	86133	TRUE	NAGATA					
LT934125.1	-	86133	90875	UL6L-7			1	86133	90875	86133	90875	90875	90875	86133	86133	TRUE	NAGATA					
LT934125.1	-	92069	92622	nc-UL3.5	296	5	1	92069	92622	92069	92622	92622	92622	92069	92069	TRUE	NAGATA	92568	92635	CAGE_cluster_354	92634	*
LT934125.1	-	92069	92933	UL3.5			1	92069	92933	92069	92933	92933	92933	92069	92069	TRUE	NAGATA					
LT934125.1	-	92069	93265	UL3.5-L	222	5	1	92069	93265	92069	93265	93265	93265	92069	92069	TRUE	NAGATA	93264	93297	CAGE_cluster_357	93266	*
LT934125.1	-	92069	93654	UL3-3.5			1	92069	93654	92069	93654	93654	93654	92069	92069	TRUE	NAGATA					
LT934125.1	-	92069	93980	UL3L-3.5			1	92069	93980	92069	93980	93980	93980	92069	92069	TRUE	NAGATA					
LT934125.1	-	92069	94108	UL3L2-3.5			1	92069	94108	92069	94108	94108	94108	92069	92069	TRUE	NAGATA					
LT934125.1	-	92069	94526	UL2-3-3.5			1	92069	94526	92069	94526	94526	94526	92069	92069	TRUE	NAGATA					
LT934125.1	-	92069	94947	UL1-2-3-3.5			1	92069	94947	92069	94947	94947	94947	92069	92069	TRUE	NAGATA					
LT934125.1	-	92069	95471	UL1L2-2-3-3.5			1	92069	95471	92069	95471	95471	95471	92069	92069	TRUE	NAGATA					
LT934125.1	-	92071	92422	TRL3.5			1	92071	92422	92071	92422	92422	92422	92071	92071	TRUE	NAGATA					
LT934125.1	-	92445	93654	UL3			1	92445	93654	92445	93654	93654	93654	92445	92445	TRUE	NAGATA					
LT934125.1	-	93229	94526	UL2			1	93229	94526	93229	94526	94526	94526	93229	93229	TRUE	NAGATA					
LT934125.1	-	95889	97126	EP0.5-S2-sp1			1	95889	96851	95889	97126	97126	96851	95889	95889	TRUE	NAGATA					
LT934125.1	-	95889	97126	EP0.5-S2-sp1			2	96990	97126	95889	97126	97126	97126	95889	96990	FALSE	NAGATA					
LT934125.1	-	95889	97174	EP0.5-S-sp1			1	95889	96851	95889	97174	97174	96851	95889	95889	TRUE	NAGATA					
LT934125.1	-	95889	97174	EP0.5-S-sp1			2	96990	97174	95889	97174	97174	97174	95889	96990	FALSE	NAGATA					
LT934125.1	-	95889	97337	EP0.5-sp1			1	95889	96851	95889	97337	97337	96851	95889	95889	TRUE	NAGATA					
LT934125.1	-	95889	97337	EP0.5-sp1			2	96990	97337	95889	97337	97337	97337	95889	96990	FALSE	NAGATA					
LT934125.1	-	95889	97337	EP0.5-sp2			1	95889	96851	95889	97337	97337	96851	95889	95889	TRUE	NAGATA					
LT934125.1	-	95889	97337	EP0.5-sp2			2	96942	97337	95889	97337	97337	97337	95889	96942	FALSE	NAGATA					
LT934125.1	-	95889	97361	EP0-sp1	3526	6	1	95889	96851	95889	97361	97361	96851	95889	95889	TRUE	NAGATA	97340	97372	CAGE_cluster_370	97343	**
LT934125.1	-	95889	97361	EP0-sp1	3526	6	2	96990	97361	95889	97361	97361	97361	95889	96990	FALSE	NAGATA	97340	97372	CAGE_cluster_370	97343	**
LT934125.1	-	95889	97361	EP0-sp2	3526	6	1	95889	96851	95889	97361	97361	96851	95889	95889	TRUE	NAGATA	97340	97372	CAGE_cluster_370	97343	**
LT934125.1	-	95889	97361	EP0-sp2	3526	6	2	96942	97361	95889	97361	97361	97361	95889	96942	FALSE	NAGATA	97340	97372	CAGE_cluster_370	97343	**
LT934125.1	-	95890	96090	nc-EP0-2			1	95890	96090	95890	96090	96090	96090	95890	95890	TRUE	NAGATA					
LT934125.1	-	95890	96629	EP0.10			1	95890	96629	95890	96629	96629	96629	95890	95890	TRUE	NAGATA					
LT934125.1	-	95890	96866	EP0.4			1	95890	96866	95890	96866	96866	96866	95890	95890	TRUE	NAGATA					
LT934125.1	-	95890	97175	EP0.5-S			1	95890	97175	95890	97175	97175	97175	95890	95890	TRUE	NAGATA					
LT934125.1	-	95890	97338	EP0.5			1	95890	97338	95890	97338	97338	97338	95890	95890	TRUE	NAGATA					
LT934125.1	-	95890	97362	EP0	3526	6	1	95890	97362	95890	97362	97362	97362	95890	95890	TRUE	NAGATA	97340	97372	CAGE_cluster_370	97343	**
LT934125.1	-	95890	97537	EP0-L2			1	95890	97537	95890	97537	97537	97537	95890	95890	TRUE	NAGATA					
LT934125.1	-	96800	97006	nc-EP0			1	96800	97006	96800	97006	97006	97006	96800	96800	TRUE	NAGATA					
LT934125.1	-	102362	107370	IE180-S	964	6	1	102362	107370	102362	107370	107370	107370	102362	102362	TRUE	NAGATA	107370	107405	CAGE_cluster_383	107373	*
LT934125.1	-	102362	107560	IE180	1358	6	1	102362	107560	102362	107560	107560	107560	102362	102362	TRUE	NAGATA	107559	107565	CAGE_cluster_384	107563	*
LT934125.1	-	110204	111104	NOIR-2			1	110204	111104	110204	111104	111104	111104	110204	110204	TRUE	NAGATA					
LT934125.1	-	117248	118409	AZURE-S-L-splice			1	117248	117361	117248	118409	118409	117361	117248	117248	TRUE	NAGATA					
LT934125.1	-	117248	118409	AZURE-S-L-splice			2	117773	118409	117248	118409	118409	118409	117248	117773	FALSE	NAGATA					
LT934125.1	-	117249	118401	AZURE-S-L			1	117249	118401	117249	118401	118401	118401	117249	117249	TRUE	NAGATA					
LT934125.1	-	117251	118349	AZURE-S			1	117251	118349	117251	118349	118349	118349	117251	117251	TRUE	NAGATA					
LT934125.1	-	117251	118739	AZURE-M			1	117251	118739	117251	118739	118739	118739	117251	117251	TRUE	NAGATA					
LT934125.1	-	117251	119190	AZURE-L			1	117251	119190	117251	119190	119190	119190	117251	117251	TRUE	NAGATA					
LT934125.1	-	117251	119611	AZURE-L2			1	117251	119611	117251	119611	119611	119611	117251	117251	TRUE	NAGATA					
LT934125.1	-	118860	120344	US4-AS1			1	118860	120344	118860	120344	120344	120344	118860	118860	TRUE	NAGATA					
LT934125.1	-	126752	128731	US1_2-splice			1	126752	128251	126752	128731	128731	128251	126752	126752	TRUE	NAGATA					
LT934125.1	-	126752	128731	US1_2-splice			2	128407	128459	126752	128731	128731	128459	126752	128407	FALSE	NAGATA					
LT934125.1	-	126752	128731	US1_2-splice			3	128577	128731	126752	128731	128731	128731	126752	128577	FALSE	NAGATA					
LT934125.1	-	126752	128731	US1_2-splice-2			1	126752	127972	126752	128731	128731	127972	126752	126752	TRUE	NAGATA					
LT934125.1	-	126752	128731	US1_2-splice-2			2	128147	128731	126752	128731	128731	128731	126752	128147	FALSE	NAGATA					
LT934125.1	-	126752	128731	US1_2-splice-3			1	126752	127972	126752	128731	128731	127972	126752	126752	TRUE	NAGATA					
LT934125.1	-	126752	128731	US1_2-splice-3			2	128279	128731	126752	128731	128731	128731	126752	128279	FALSE	NAGATA					
LT934125.1	-	126752	128731	US1_2-splice-4			1	126752	127973	126752	128731	128731	127973	126752	126752	TRUE	NAGATA					
LT934125.1	-	126752	128731	US1_2-splice-4			2	128273	128731	126752	128731	128731	128731	126752	128273	FALSE	NAGATA					
LT934125.1	-	126752	128731	US1_2-splice-5			1	126752	128198	126752	128731	128731	128198	126752	126752	TRUE	NAGATA					
LT934125.1	-	126752	128731	US1_2-splice-5			2	128321	128731	126752	128731	128731	128731	126752	128321	FALSE	NAGATA					
LT934125.1	-	126752	128731	US1_2-splice-6			1	126752	127972	126752	128731	128731	127972	126752	126752	TRUE	NAGATA					
LT934125.1	-	126752	128731	US1_2-splice-6			2	128290	128731	126752	128731	128731	128731	126752	128290	FALSE	NAGATA					
LT934125.1	-	126752	128883	US1_2-splice-L2			1	126752	128251	126752	128883	128883	128251	126752	126752	TRUE	NAGATA					
LT934125.1	-	126752	128883	US1_2-splice-L2			2	128407	128459	126752	128883	128883	128459	126752	128407	FALSE	NAGATA					
LT934125.1	-	126752	128883	US1_2-splice-L2			3	128577	128883	126752	128883	128883	128883	126752	128577	FALSE	NAGATA					
LT934125.1	-	126752	129714	US1_2-splice-L			1	126752	127952	126752	129714	129714	127952	126752	126752	TRUE	NAGATA					
LT934125.1	-	126752	129714	US1_2-splice-L			2	128147	128198	126752	129714	129714	128198	126752	128147	FALSE	NAGATA					
LT934125.1	-	126752	129714	US1_2-splice-L			3	128321	129714	126752	129714	129714	129714	126752	128321	FALSE	NAGATA					
LT934125.1	-	126752	130830	PTO-US1_2-sp			1	126752	127972	126752	130830	130830	127972	126752	126752	TRUE	NAGATA					
LT934125.1	-	126752	130830	PTO-US1_2-sp			2	128147	128198	126752	130830	130830	128198	126752	128147	FALSE	NAGATA					
LT934125.1	-	126752	130830	PTO-US1_2-sp			3	128321	130830	126752	130830	130830	130830	126752	128321	FALSE	NAGATA					
LT934125.1	-	126753	127002	TRS1_2-S	521	6	1	126753	127002	126753	127002	127002	127002	126753	126753	TRUE	NAGATA	126999	127023	CAGE_cluster_410	127001	*
LT934125.1	-	126753	127083	TRS1_2	17118	6	1	126753	127083	126753	127083	127083	127083	126753	126753	TRUE	NAGATA	127056	127493	CAGE_cluster_411	127289	***
LT934125.1	-	126753	127117	TRS1_2-L	17118	6	1	126753	127117	126753	127117	127117	127117	126753	126753	TRUE	NAGATA	127056	127493	CAGE_cluster_411	127289	***
LT934125.1	-	126753	127165	TRS1_2-L2	17118	6	1	126753	127165	126753	127165	127165	127165	126753	126753	TRUE	NAGATA	127056	127493	CAGE_cluster_411	127289	***
LT934125.1	-	126753	127176	TRS1_2-L3	17118	6	1	126753	127176	126753	127176	127176	127176	126753	126753	TRUE	NAGATA	127056	127493	CAGE_cluster_411	127289	***
LT934125.1	-	126753	128732	US1_2	19089	6	1	126753	128732	126753	128732	128732	128732	126753	126753	TRUE	NAGATA	128732	128739	CAGE_cluster_414	128736	***
LT934125.1	-	126753	130831	PTO-US1_2-nonsp			1	126753	130831	126753	130831	130831	130831	126753	126753	TRUE	NAGATA					
LT934125.1	-	127089	128705	nc-US1_2			1	127089	128705	127089	128705	128705	128705	127089	127089	TRUE	NAGATA					
LT934125.1	-	134888	135619	NOIR_2-1S4-2			1	134888	135619	134888	135619	135619	135619	134888	134888	TRUE	NAGATA					
LT934125.1	-	134888	135899	NOIR_2-1S3-2			1	134888	135899	134888	135899	135899	135899	134888	134888	TRUE	NAGATA					
LT934125.1	-	134888	136103	NOIR_2-1S2-2			1	134888	136103	134888	136103	136103	136103	134888	134888	TRUE	NAGATA					
LT934125.1	-	134888	136131	NOIR_2-1S-2			1	134888	136131	134888	136131	136131	136131	134888	134888	TRUE	NAGATA					
LT934125.1	-	134888	136235	NOIR_2-1M-2			1	134888	136235	134888	136235	136235	136235	134888	134888	TRUE	NAGATA					
LT934125.1	-	134888	136285	NOIR_2-1L-2			1	134888	136285	134888	136285	136285	136285	134888	134888	TRUE	NAGATA					
LT934125.1	-	134888	136409	NOIR_2-1L3-2			1	134888	136409	134888	136409	136409	136409	134888	134888	TRUE	NAGATA					
LT934125.1	-	134894	136248	NOIR_2-1M-splice-2	9373	6	1	134894	135256	134894	136248	136248	135256	134894	134894	TRUE	NAGATA	136238	136248	CAGE_cluster_425	136239	**
LT934125.1	-	134894	136248	NOIR_2-1M-splice-2	9373	6	2	135752	136248	134894	136248	136248	136248	134894	135752	FALSE	NAGATA	136238	136248	CAGE_cluster_425	136239	**
