dcDNA_TC_ID	seqnames	strand	transcript_id	exon_number	start.TR	end.TR	start.exon	end.exon	start	end	prime5.TR	prime5.ex	prime3.TR	prime3.ex	last_exon	source	TC.start	TC.end	support	score	consensus_peak	dcDNA_TC_significance
	LT934125.1	+	ELIE-1	1	100549	102393	100549	102393	100549	102393	100549	100549	102393	102393	TRUE	NAGATA						
	LT934125.1	+	ELIE-2	1	101661	102393	101661	102393	101661	102393	101661	101661	102393	102393	TRUE	NAGATA						
	LT934125.1	+	NOIR-1S3	1	108030	108830	108030	108830	108030	108830	108030	108030	108830	108830	TRUE	NAGATA						
	LT934125.1	+	NOIR1-L	1	105212	108830	105212	108830	105212	108830	105212	105212	108830	108830	TRUE	NAGATA						
	LT934125.1	+	ORF-1L1	1	419	2273	419	2273	419	2273	419	419	2273	2273	TRUE	NAGATA						
	LT934125.1	+	ORF-1L2	1	227	2273	227	2273	227	2273	227	227	2273	2273	TRUE	NAGATA						
	LT934125.1	+	UL14L-13-12	1	75675	79955	75675	79955	75675	79955	75675	75675	79955	79955	TRUE	NAGATA						
	LT934125.1	+	UL19.27	1	68910	70521	68910	70521	68910	70521	68910	68910	70521	70521	TRUE	NAGATA						
	LT934125.1	+	UL19.9	1	66797	70521	66797	70521	66797	70521	66797	66797	70521	70521	TRUE	NAGATA						
	LT934125.1	+	UL1L-2-3-3.5	1	92069	95694	92069	95694	92069	95694	92069	92069	95694	95694	TRUE	NAGATA						
	LT934125.1	+	UL21-as	1	63850	65656	63850	65656	63850	65656	63850	63850	65656	65656	TRUE	NAGATA						
	LT934125.1	+	UL25-24-23	1	55896	60251	55896	60251	55896	60251	55896	55896	60251	60251	TRUE	NAGATA						
	LT934125.1	+	UL32-33-34-35	1	28636	32415	28636	32415	28636	32415	28636	28636	32415	32415	TRUE	NAGATA						
	LT934125.1	+	UL37-38	1	39430	46038	39430	46038	39430	46038	39430	39430	46038	46038	TRUE	NAGATA						
	LT934125.1	+	UL40-L18	1	47203	49647	47203	49647	47203	49647	47203	47203	49647	49647	TRUE	NAGATA						
	LT934125.1	+	UL40-L20	1	47168	49647	47168	49647	47168	49647	47168	47168	49647	49647	TRUE	NAGATA						
	LT934125.1	+	UL40-L9	1	47655	49647	47655	49647	47655	49647	47655	47655	49647	49647	TRUE	NAGATA						
	LT934125.1	+	UL41-42	1	49894	52437	49894	52437	49894	52437	49894	49894	52437	52437	TRUE	NAGATA						
	LT934125.1	+	UL42-43-L	1	50133	53594	50133	53594	50133	53594	50133	50133	53594	53594	TRUE	NAGATA						
	LT934125.1	+	UL44.4-S17	1	54497	55161	54497	55161	54497	55161	54497	54497	55161	55161	TRUE	NAGATA						
	LT934125.1	+	UL44.4-S18	1	54519	55161	54519	55161	54519	55161	54519	54519	55161	55161	TRUE	NAGATA						
	LT934125.1	+	UL44.4-S7	1	54165	55161	54165	55161	54165	55161	54165	54165	55161	55161	TRUE	NAGATA						
	LT934125.1	+	UL46-L9	1	12406	16224	12406	16224	12406	16224	12406	12406	16224	16224	TRUE	NAGATA						
	LT934125.1	+	UL46.10	1	14307	16224	14307	16224	14307	16224	14307	14307	16224	16224	TRUE	NAGATA						
	LT934125.1	+	UL48	1	10467	11912	10467	11912	10467	11912	10467	10467	11912	11912	TRUE	NAGATA						
	LT934125.1	+	UL50-49.5-49	1	8597	10426	8597	10426	8597	10426	8597	8597	10426	10426	TRUE	NAGATA						
	LT934125.1	+	UL51L-50-49.5-49	1	7475	10426	7475	10426	7475	10426	7475	7475	10426	10426	TRUE	NAGATA						
	LT934125.1	+	UL8-L2	1	82509	86167	82509	86167	82509	86167	82509	82509	86167	86167	TRUE	NAGATA						
	LT934125.1	+	UL8.5-S	1	85607	86167	85607	86167	85607	86167	85607	85607	86167	86167	TRUE	NAGATA						
	LT934125.1	+	US1-splice-L	1	114001	116961	114001	115138	114001	116961	114001	114001	116961	115138	FALSE	NAGATA						
	LT934125.1	+	US1-splice-L	2	114001	116961	115256	115308	114001	116961	114001	115256	116961	115308	FALSE	NAGATA						
	LT934125.1	+	US1-splice-L	3	114001	116961	115464	116961	114001	116961	114001	115464	116961	116961	TRUE	NAGATA						
	LT934125.1	+	US4.3	1	119127	120477	119127	120477	119127	120477	119127	119127	120477	120477	TRUE	NAGATA						
	LT934125.1	+	US4.5-S	1	119404	120477	119404	120477	119404	120477	119404	119404	120477	120477	TRUE	NAGATA						
	LT934125.1	+	nc-US1	1	115012	116628	115012	116628	115012	116628	115012	115012	116628	116628	TRUE	NAGATA						
	LT934125.1	-	AZURE-L2	1	117251	119611	117251	119611	117251	119611	119611	119611	117251	117251	TRUE	NAGATA						
	LT934125.1	-	CTO-L2	1	63164	65821	63164	65821	63164	65821	65821	65821	63164	63164	TRUE	NAGATA						
	LT934125.1	-	EP0.4	1	95889	96866	95889	96866	95889	96866	96866	96866	95889	95889	TRUE	NAGATA						
	LT934125.1	-	FORF15-L2	1	71548	73139	71548	73139	71548	73139	73139	73139	71548	71548	TRUE	NAGATA						
	LT934125.1	-	UL10-L7	1	80352	83780	80352	83780	80352	83780	83780	83780	80352	80352	TRUE	NAGATA						
	LT934125.1	-	UL10-L8	1	80352	83205	80352	83205	80352	83205	83205	83205	80352	80352	TRUE	NAGATA						
	LT934125.1	-	UL16-AS	1	74413	75324	74413	75324	74413	75324	75324	75324	74413	74413	TRUE	NAGATA						
	LT934125.1	-	UL1L2-2-3-3.5	1	92069	95471	92069	95471	92069	95471	95471	95471	92069	92069	TRUE	NAGATA						
	LT934125.1	-	UL20-21-C	1	64173	66924	64173	66924	64173	66924	66924	66924	64173	64173	TRUE	NAGATA						
	LT934125.1	-	UL36.43	1	32686	34532	32686	34532	32686	34532	34532	34532	32686	32686	TRUE	NAGATA						
	LT934125.1	-	UL37.6	1	42005	44067	42005	44067	42005	44067	44067	44067	42005	42005	TRUE	NAGATA						
	LT934125.1	-	UL37.6-S	1	42005	43628	42005	43628	42005	43628	43628	43628	42005	42005	TRUE	NAGATA						
	LT934125.1	-	UL44-43-42-41	1	50027	54882	50027	54882	50027	54882	54882	54882	50027	50027	TRUE	NAGATA						
	LT934125.1	-	UL51-52	1	4648	8526	4648	8526	4648	8526	8526	8526	4648	4648	TRUE	NAGATA						
	LT934125.1	-	UL54.5	1	2778	3753	2778	3753	2778	3753	3753	3753	2778	2778	TRUE	NAGATA						
	LT934125.1	-	US1_2-splice-L	1	126752	129714	126752	127952	126752	129714	129714	127952	126752	126752	TRUE	NAGATA						
	LT934125.1	-	US1_2-splice-L	2	126752	129714	128147	128198	126752	129714	129714	128198	126752	128147	FALSE	NAGATA						
	LT934125.1	-	US1_2-splice-L	3	126752	129714	128321	129714	126752	129714	129714	129714	126752	128321	FALSE	NAGATA						
	LT934125.1	-	US4-AS1	1	118860	120344	118860	120344	118860	120344	120344	120344	118860	118860	TRUE	NAGATA						
	LT934125.1	-	nc-US1_2	1	127089	128705	127089	128705	127089	128705	128705	128705	127089	127089	TRUE	NAGATA						
TC_1000	LT934125.1	+	PTO-US1-nonsp	1	112884	116961	112884	116961	112884	116961	112884	112884	116961	116961	TRUE	NAGATA	112873	112898	12	1245.01929	112884	***
TC_1000	LT934125.1	+	PTO-US1-sp	1	112884	116961	112884	115138	112884	116961	112884	112884	116961	115138	FALSE	NAGATA	112873	112898	12	1245.01929	112884	***
TC_1000	LT934125.1	+	PTO-US1-sp	2	112884	116961	115256	115308	112884	116961	112884	115256	116961	115308	FALSE	NAGATA	112873	112898	12	1245.01929	112884	***
TC_1000	LT934125.1	+	PTO-US1-sp	3	112884	116961	115464	116961	112884	116961	112884	115464	116961	116961	TRUE	NAGATA	112873	112898	12	1245.01929	112884	***
TC_1009	LT934125.1	+	US1-splice-L2	1	114832	116961	114832	115138	114832	116961	114832	114832	116961	115138	FALSE	NAGATA	114825	114847	3	76.229692	114836	*
TC_1009	LT934125.1	+	US1-splice-L2	2	114832	116961	115256	115308	114832	116961	114832	115256	116961	115308	FALSE	NAGATA	114825	114847	3	76.229692	114836	*
TC_1009	LT934125.1	+	US1-splice-L2	3	114832	116961	115464	116961	114832	116961	114832	115464	116961	116961	TRUE	NAGATA	114825	114847	3	76.229692	114836	*
TC_1010	LT934125.1	+	US1	1	114984	116961	114984	116961	114984	116961	114984	114984	116961	116961	TRUE	NAGATA	114969	114998	26	1773963.775105	114985	***
TC_1010	LT934125.1	+	US1-splice	1	114984	116961	114984	115138	114984	116961	114984	114984	116961	115138	FALSE	NAGATA	114969	114998	26	1773963.775105	114985	***
TC_1010	LT934125.1	+	US1-splice	2	114984	116961	115256	115308	114984	116961	114984	115256	116961	115308	FALSE	NAGATA	114969	114998	26	1773963.775105	114985	***
TC_1010	LT934125.1	+	US1-splice	3	114984	116961	115464	116961	114984	116961	114984	115464	116961	116961	TRUE	NAGATA	114969	114998	26	1773963.775105	114985	***
TC_1010	LT934125.1	+	US1-splice-2	1	114984	116961	114984	115139	114984	116961	114984	114984	116961	115139	FALSE	NAGATA	114969	114998	26	1773963.775105	114985	***
TC_1010	LT934125.1	+	US1-splice-2	2	114984	116961	115257	116961	114984	116961	114984	115257	116961	116961	TRUE	NAGATA	114969	114998	26	1773963.775105	114985	***
TC_1010	LT934125.1	+	US1-splice-3	1	114984	116961	114984	115186	114984	116961	114984	114984	116961	115186	FALSE	NAGATA	114969	114998	26	1773963.775105	114985	***
TC_1010	LT934125.1	+	US1-splice-3	2	114984	116961	115474	116961	114984	116961	114984	115474	116961	116961	TRUE	NAGATA	114969	114998	26	1773963.775105	114985	***
TC_1010	LT934125.1	+	US1-splice-4	1	114984	116961	114984	115169	114984	116961	114984	114984	116961	115169	FALSE	NAGATA	114969	114998	26	1773963.775105	114985	***
TC_1010	LT934125.1	+	US1-splice-4	2	114984	116961	115465	116961	114984	116961	114984	115465	116961	116961	TRUE	NAGATA	114969	114998	26	1773963.775105	114985	***
TC_1010	LT934125.1	+	US1-splice-5	1	114984	116961	114984	115180	114984	116961	114984	114984	116961	115180	FALSE	NAGATA	114969	114998	26	1773963.775105	114985	***
TC_1010	LT934125.1	+	US1-splice-5	2	114984	116961	115465	116961	114984	116961	114984	115465	116961	116961	TRUE	NAGATA	114969	114998	26	1773963.775105	114985	***
TC_1010	LT934125.1	+	US1-splice-6	1	114984	116961	114984	115309	114984	116961	114984	114984	116961	115309	FALSE	NAGATA	114969	114998	26	1773963.775105	114985	***
TC_1010	LT934125.1	+	US1-splice-6	2	114984	116961	115465	116961	114984	116961	114984	115465	116961	116961	TRUE	NAGATA	114969	114998	26	1773963.775105	114985	***
TC_102	LT934125.1	+	UL47-46	1	11793	16224	11793	16224	11793	16224	11793	11793	16224	16224	TRUE	NAGATA	11778	11816	12	4431.578238	11793	***
TC_102	LT934125.1	+	nc-UL47	1	11793	12084	11793	12084	11793	12084	11793	11793	12084	12084	TRUE	NAGATA	11778	11816	12	4431.578238	11793	***
TC_1027	LT934125.1	+	TRS1	1	116628	116961	116628	116961	116628	116961	116628	116628	116961	116961	TRUE	NAGATA	116349	116791	24	46494.695346	116641	***
TC_1027	LT934125.1	+	TRS1-L	1	116600	116961	116600	116961	116600	116961	116600	116600	116961	116961	TRUE	NAGATA	116349	116791	24	46494.695346	116641	***
TC_1027	LT934125.1	+	TRS1-L2	1	116552	116961	116552	116961	116552	116961	116552	116552	116961	116961	TRUE	NAGATA	116349	116791	24	46494.695346	116641	***
TC_1027	LT934125.1	+	TRS1-L3	1	116541	116961	116541	116961	116541	116961	116541	116541	116961	116961	TRUE	NAGATA	116349	116791	24	46494.695346	116641	***
TC_1027	LT934125.1	+	TRS1-S	1	116715	116961	116715	116961	116715	116961	116715	116715	116961	116961	TRUE	NAGATA	116349	116791	24	46494.695346	116641	***
TC_1032	LT934125.1	+	US3-L-4	1	117607	120477	117607	120477	117607	120477	117607	117607	120477	120477	TRUE	NAGATA	117593	117622	16	8184.584016	117607	***
TC_1034	LT934125.1	+	US3-4	1	117769	120477	117769	120477	117769	120477	117769	117769	120477	120477	TRUE	NAGATA	117758	117791	25	64929.556588	117769	***
TC_1049	LT934125.1	+	US4-L	1	118807	120477	118807	120477	118807	120477	118807	118807	120477	120477	TRUE	NAGATA	118781	118809	3	565.295058	118794	**
TC_1050	LT934125.1	+	US4	1	118864	120477	118864	120477	118864	120477	118864	118864	120477	120477	TRUE	NAGATA	118836	118878	27	1656508.558633	118864	***
TC_1050	LT934125.1	+	US4-6-7	1	118864	122915	118864	122915	118864	122915	118864	118864	122915	122915	TRUE	NAGATA	118836	118878	27	1656508.558633	118864	***
TC_1050	LT934125.1	+	US4-AT	1	118864	121347	118864	121347	118864	121347	118864	118864	121347	121347	TRUE	NAGATA	118836	118878	27	1656508.558633	118864	***
TC_1053	LT934125.1	+	US4.2	1	119002	120477	119002	120477	119002	120477	119002	119002	120477	120477	TRUE	NAGATA	118999	119121	18	6170.482702	119061	***
TC_1054	LT934125.1	+	US4.3-S	1	119221	120477	119221	120477	119221	120477	119221	119221	120477	120477	TRUE	NAGATA	119145	119284	18	7673.942033	119217	***
TC_1056	LT934125.1	+	US4.5	1	119344	120477	119344	120477	119344	120477	119344	119344	120477	120477	TRUE	NAGATA	119327	119363	9	1551.667379	119343	***
TC_1058	LT934125.1	+	US4.5-S2	1	119436	120477	119436	120477	119436	120477	119436	119436	120477	120477	TRUE	NAGATA	119411	119454	13	3173.692779	119433	***
TC_1059	LT934125.1	+	US4.6	1	119500	120477	119500	120477	119500	120477	119500	119500	120477	120477	TRUE	NAGATA	119451	119510	7	1479.386085	119484	***
TC_1061	LT934125.1	+	US4.6-S	1	119632	120477	119632	120477	119632	120477	119632	119632	120477	120477	TRUE	NAGATA	119608	119678	14	3230.569749	119637	***
TC_1067	LT934125.1	+	US4.7	1	120081	120477	120081	120477	120081	120477	120081	120081	120477	120477	TRUE	NAGATA	119972	120207	20	17012.348197	120074	***
TC_1069	LT934125.1	+	US4.7-S	1	120256	120477	120256	120477	120256	120477	120256	120256	120477	120477	TRUE	NAGATA	120228	120283	12	2328.202756	120251	***
TC_1072	LT934125.1	+	US6	1	120555	121842	120555	121842	120555	121842	120555	120555	121842	121842	TRUE	NAGATA	120544	120569	21	36057.610263	120555	***
TC_1072	LT934125.1	+	US6-7	1	120555	122915	120555	122915	120555	122915	120555	120555	122915	122915	TRUE	NAGATA	120544	120569	21	36057.610263	120555	***
TC_1072	LT934125.1	+	US6-7-8-9-2	1	120555	126151	120555	126151	120555	126151	120555	120555	126151	126151	TRUE	NAGATA	120544	120569	21	36057.610263	120555	***
TC_1078	LT934125.1	+	US7-L	1	120934	122915	120934	122915	120934	122915	120934	120934	122915	122915	TRUE	NAGATA	120922	120955	16	5396.924691	120935	***
TC_1079	LT934125.1	+	US7-L2	1	121058	122915	121058	122915	121058	122915	121058	121058	122915	122915	TRUE	NAGATA	120982	121113	8	2759.466181	121027	***
TC_1092	LT934125.1	+	US7-L3	1	121715	122915	121715	122915	121715	122915	121715	121715	122915	122915	TRUE	NAGATA	121695	121755	13	1401.645129	121717	***
TC_1093	LT934125.1	+	US7	1	121784	122915	121784	122915	121784	122915	121784	121784	122915	122915	TRUE	NAGATA	121767	121805	26	273621.844233	121784	***
TC_1093	LT934125.1	+	US7-8-9	1	121784	125230	121784	125230	121784	125230	121784	121784	125230	125230	TRUE	NAGATA	121767	121805	26	273621.844233	121784	***
TC_1093	LT934125.1	+	US7-8-9-2	1	121784	126151	121784	126151	121784	126151	121784	121784	126151	126151	TRUE	NAGATA	121767	121805	26	273621.844233	121784	***
TC_1093	LT934125.1	+	US7-8-9-2-AT1	1	121784	126191	121784	126191	121784	126191	121784	121784	126191	126191	TRUE	NAGATA	121767	121805	26	273621.844233	121784	***
TC_1095	LT934125.1	+	US7.3	1	121886	122915	121886	122915	121886	122915	121886	121886	122915	122915	TRUE	NAGATA	121876	121941	16	4123.011502	121901	***
TC_1099	LT934125.1	+	US7.3-S	1	122258	122915	122258	122915	122258	122915	122258	122258	122915	122915	TRUE	NAGATA	122234	122364	15	2254.711767	122289	***
TC_1101	LT934125.1	+	US7.3-S2	1	122463	122915	122463	122915	122463	122915	122463	122463	122915	122915	TRUE	NAGATA	122453	122481	5	253.588692	122464	**
TC_1103	LT934125.1	+	US7.1	1	122698	122915	122698	122915	122698	122915	122698	122698	122915	122915	TRUE	NAGATA	122565	122829	17	16536.441621	122644	***
TC_1103	LT934125.1	+	US8-L-US9	1	122698	125230	122698	125230	122698	125230	122698	122698	125230	125230	TRUE	NAGATA	122565	122829	17	16536.441621	122644	***
TC_1106	LT934125.1	+	US8-9	1	122979	125230	122979	125230	122979	125230	122979	122979	125230	125230	TRUE	NAGATA	122967	122998	25	189025.492182	122979	***
TC_1106	LT934125.1	+	US8-9-2	1	122979	126151	122979	126151	122979	126151	122979	122979	126151	126151	TRUE	NAGATA	122967	122998	25	189025.492182	122979	***
TC_1106	LT934125.1	+	US8-9-2-AT1	1	122979	126191	122979	126191	122979	126191	122979	122979	126191	126191	TRUE	NAGATA	122967	122998	25	189025.492182	122979	***
TC_1111	LT934125.1	+	US9-US2-L4	1	123314	126151	123314	126151	123314	126151	123314	123314	126151	126151	TRUE	NAGATA	123272	123321	6	837.157508	123300	**
TC_1115	LT934125.1	+	US9-L6	1	123560	125230	123560	125230	123560	125230	123560	123560	125230	125230	TRUE	NAGATA	123499	123570	6	1316.269613	123527	***
TC_1116	LT934125.1	+	US9-US2-L3	1	123587	126151	123587	126151	123587	126151	123587	123587	126151	126151	TRUE	NAGATA	123577	123651	12	1912.354815	123606	***
TC_1118	LT934125.1	+	US9-L5	1	123780	125230	123780	125230	123780	125230	123780	123780	125230	125230	TRUE	NAGATA	123745	123798	10	737.796666	123768	**
TC_1119	LT934125.1	+	US9-US2-L2	1	123824	126151	123824	126151	123824	126151	123824	123824	126151	126151	TRUE	NAGATA	123807	123843	8	1157.000656	123822	***
TC_1120	LT934125.1	+	US9-L4	1	123878	125230	123878	125230	123878	125230	123878	123878	125230	125230	TRUE	NAGATA	123860	123888	3	447.462885	123873	**
TC_1125	LT934125.1	+	US9-L2	1	124286	125230	124286	125230	124286	125230	124286	124286	125230	125230	TRUE	NAGATA	124123	124416	22	20836.874859	124304	***
TC_1125	LT934125.1	+	US9-L3	1	124180	125230	124180	125230	124180	125230	124180	124180	125230	125230	TRUE	NAGATA	124123	124416	22	20836.874859	124304	***
TC_1125	LT934125.1	+	US9-US2-L	1	124402	126151	124402	126151	124402	126151	124402	124402	126151	126151	TRUE	NAGATA	124123	124416	22	20836.874859	124304	***
TC_1127	LT934125.1	+	US9-L1	1	124677	125230	124677	125230	124677	125230	124677	124677	125230	125230	TRUE	NAGATA	124662	124726	11	1069.98016	124683	***
TC_1128	LT934125.1	+	US9	1	124756	125230	124756	125230	124756	125230	124756	124756	125230	125230	TRUE	NAGATA	124726	124780	25	180222.287437	124756	***
TC_1128	LT934125.1	+	US9-2	1	124756	126151	124756	126151	124756	126151	124756	124756	126151	126151	TRUE	NAGATA	124726	124780	25	180222.287437	124756	***
TC_1131	LT934125.1	+	US9.3	1	124872	125230	124872	125230	124872	125230	124872	124872	125230	125230	TRUE	NAGATA	124843	124924	10	3618.232189	124879	***
TC_1133	LT934125.1	+	US2-L	1	125105	126151	125105	126151	125105	126151	125105	125105	126151	126151	TRUE	NAGATA	125064	125115	11	4408.361714	125102	***
TC_1136	LT934125.1	+	US2	1	125225	126151	125225	126151	125225	126151	125225	125225	126151	126151	TRUE	NAGATA	125167	125246	27	926133.987245	125225	***
TC_1136	LT934125.1	+	US2-AT	1	125225	126191	125225	126191	125225	126191	125225	125225	126191	126191	TRUE	NAGATA	125167	125246	27	926133.987245	125225	***
TC_1139	LT934125.1	+	US2.3	1	125373	126151	125373	126151	125373	126151	125373	125373	126151	126151	TRUE	NAGATA	125355	125392	10	2015.551581	125373	***
TC_1141	LT934125.1	+	US2.3-S	1	125430	126151	125430	126151	125430	126151	125430	125430	126151	126151	TRUE	NAGATA	125413	125456	6	936.433575	125434	**
TC_1143	LT934125.1	+	US2.3-S2	1	125609	126151	125609	126151	125609	126151	125609	125609	126151	126151	TRUE	NAGATA	125535	125938	20	26097.115759	125728	***
TC_1143	LT934125.1	+	US2.3-S3	1	125729	126151	125729	126151	125729	126151	125729	125729	126151	126151	TRUE	NAGATA	125535	125938	20	26097.115759	125728	***
TC_1174	LT934125.1	+	NOIR_2-2	1	132614	133513	132614	133513	132614	133513	132614	132614	133513	133513	TRUE	NAGATA	132588	132630	18	14379.302671	132613	***
TC_118	LT934125.1	+	UL46-L8	1	12812	16224	12812	16224	12812	16224	12812	12812	16224	16224	TRUE	NAGATA	12790	12901	7	391.071812	12845	**
TC_12	LT934125.1	+	ORF-1M1	1	1335	2273	1335	2273	1335	2273	1335	1335	2273	2273	TRUE	NAGATA	1313	1368	26	300558.073909	1337	***
TC_1200	LT934125.1	+	IE180_2	1	136158	141356	136158	141356	136158	141356	136158	136158	141356	141356	TRUE	NAGATA	136143	136184	19	233676.540299	136158	***
TC_1202	LT934125.1	+	IE180_2-S	1	136348	141356	136348	141356	136348	141356	136348	136348	141356	141356	TRUE	NAGATA	136312	136365	19	28537.151266	136348	***
TC_121	LT934125.1	+	UL46-L7	1	13177	16224	13177	16224	13177	16224	13177	13177	16224	16224	TRUE	NAGATA	13165	13187	2	90.565131	13176	*
TC_121	LT934125.1	+	UL47.3	1	13166	14176	13166	14176	13166	14176	13166	13166	14176	14176	TRUE	NAGATA	13165	13187	2	90.565131	13176	*
TC_126	LT934125.1	+	UL46-L5	1	13539	16224	13539	16224	13539	16224	13539	13539	16224	16224	TRUE	NAGATA	13500	13549	8	250.058057	13523	**
TC_126	LT934125.1	+	UL46-L6	1	13521	16224	13521	16224	13521	16224	13521	13521	16224	16224	TRUE	NAGATA	13500	13549	8	250.058057	13523	**
TC_127	LT934125.1	+	UL46-L4	1	13569	16224	13569	16224	13569	16224	13569	13569	16224	16224	TRUE	NAGATA	13559	13601	5	133.798417	13580	*
TC_129	LT934125.1	+	UL46-L3	1	13746	16224	13746	16224	13746	16224	13746	13746	16224	16224	TRUE	NAGATA	13655	13747	5	285.473282	13698	**
TC_1290	LT934125.1	-	UL54.3	1	2778	3281	2778	3281	2778	3281	3281	3281	2778	2778	TRUE	NAGATA	3070	3361	16	8546.756377	3251	***
TC_1290	LT934125.1	-	UL54.3-S	1	2778	3172	2778	3172	2778	3172	3172	3172	2778	2778	TRUE	NAGATA	3070	3361	16	8546.756377	3251	***
TC_1290	LT934125.1	-	UL54.3-S2	1	2778	3141	2778	3141	2778	3141	3141	3141	2778	2778	TRUE	NAGATA	3070	3361	16	8546.756377	3251	***
TC_1290	LT934125.1	-	UL54.4	1	2778	3351	2778	3351	2778	3351	3351	3351	2778	2778	TRUE	NAGATA	3070	3361	16	8546.756377	3251	***
TC_1291	LT934125.1	-	UL54.5-S2	1	2778	3429	2778	3429	2778	3429	3429	3429	2778	2778	TRUE	NAGATA	3379	3514	17	7618.110465	3442	***
TC_1294	LT934125.1	-	UL54.5-S	1	2778	3640	2778	3640	2778	3640	3640	3640	2778	2778	TRUE	NAGATA	3624	3711	12	2997.785338	3671	***
TC_1297	LT934125.1	-	UL54	1	2778	3910	2778	3910	2778	3910	3910	3910	2778	2778	TRUE	NAGATA	3888	3927	24	100823.12697	3910	***
TC_1308	LT934125.1	-	UL54-L	1	2778	4687	2778	4687	2778	4687	4687	4687	2778	2778	TRUE	NAGATA	4654	4699	4	168.410062	4681	**
TC_131	LT934125.1	+	UL46-L2	1	13793	16224	13793	16224	13793	16224	13793	13793	16224	16224	TRUE	NAGATA	13783	13827	3	114.758874	13805	*
TC_1311	LT934125.1	-	UL53-54	1	2778	4925	2778	4925	2778	4925	4925	4925	2778	2778	TRUE	NAGATA	4904	4938	16	5181.911203	4925	***
TC_1322	LT934125.1	-	UL53L-54	1	2778	5969	2778	5969	2778	5969	5969	5969	2778	2778	TRUE	NAGATA	5956	5976	1	86.244071	5966	*
TC_1330	LT934125.1	-	UL52-53-54	1	2778	7758	2778	7758	2778	7758	7758	7758	2778	2778	TRUE	NAGATA	7748	7777	14	5466.986196	7759	***
TC_134	LT934125.1	+	UL46-L	1	13944	16224	13944	16224	13944	16224	13944	13944	16224	16224	TRUE	NAGATA	13934	13954	2	68.054255	13944	*
TC_1341	LT934125.1	-	UL50.1-S	1	8487	8997	8487	8997	8487	8997	8997	8997	8487	8487	TRUE	NAGATA	8986	9016	12	2247.850708	8997	***
TC_1342	LT934125.1	-	UL50.1	1	8487	9058	8487	9058	8487	9058	9058	9058	8487	8487	TRUE	NAGATA	9027	9069	20	7545.772876	9056	***
TC_1345	LT934125.1	-	UL50S	1	8487	9214	8487	9214	8487	9214	9214	9214	8487	8487	TRUE	NAGATA	9202	9228	15	2924.549715	9214	***
TC_1349	LT934125.1	-	UL50	1	8487	9494	8487	9494	8487	9494	9494	9494	8487	8487	TRUE	NAGATA	9479	9511	25	210392.944152	9494	***
TC_1350	LT934125.1	-	UL50L	1	8487	9590	8487	9590	8487	9590	9590	9590	8487	8487	TRUE	NAGATA	9578	9611	15	2351.489266	9590	***
TC_1352	LT934125.1	-	UL50-L3	1	8487	9752	8487	9752	8487	9752	9752	9752	8487	8487	TRUE	NAGATA	9744	9765	5	267.568224	9754	**
TC_1353	LT934125.1	-	UL50-L4	1	8487	9800	8487	9800	8487	9800	9800	9800	8487	8487	TRUE	NAGATA	9790	9810	1	31.95705	9800	*
TC_136	LT934125.1	+	UL46	1	14048	16224	14048	16224	14048	16224	14048	14048	16224	16224	TRUE	NAGATA	14030	14064	25	245550.164267	14048	***
TC_1392	LT934125.1	-	UL27.2	1	16583	16878	16583	16878	16583	16878	16878	16878	16583	16583	TRUE	NAGATA	16667	17057	20	22235.871398	16858	***
TC_1392	LT934125.1	-	UL27.3	1	16583	16970	16583	16970	16583	16970	16970	16970	16583	16583	TRUE	NAGATA	16667	17057	20	22235.871398	16858	***
TC_1392	LT934125.1	-	UL27.3-L	1	16583	16928	16583	16928	16583	16928	16928	16928	16583	16583	TRUE	NAGATA	16667	17057	20	22235.871398	16858	***
TC_1392	LT934125.1	-	UL27.4-S4	1	16583	17024	16583	17024	16583	17024	17024	17024	16583	16583	TRUE	NAGATA	16667	17057	20	22235.871398	16858	***
TC_1393	LT934125.1	-	UL27.4-S	1	16583	17159	16583	17159	16583	17159	17159	17159	16583	16583	TRUE	NAGATA	17053	17169	17	7188.105049	17110	***
TC_1393	LT934125.1	-	UL27.4-S2	1	16583	17132	16583	17132	16583	17132	17132	17132	16583	16583	TRUE	NAGATA	17053	17169	17	7188.105049	17110	***
TC_1393	LT934125.1	-	UL27.4-S3	1	16583	17059	16583	17059	16583	17059	17059	17059	16583	16583	TRUE	NAGATA	17053	17169	17	7188.105049	17110	***
TC_1394	LT934125.1	-	UL27.4	1	16583	17223	16583	17223	16583	17223	17223	17223	16583	16583	TRUE	NAGATA	17173	17386	20	18185.528575	17328	***
TC_1394	LT934125.1	-	UL27.5-S2	1	16583	17363	16583	17363	16583	17363	17363	17363	16583	16583	TRUE	NAGATA	17173	17386	20	18185.528575	17328	***
TC_1394	LT934125.1	-	UL27.5-S3	1	16583	17341	16583	17341	16583	17341	17341	17341	16583	16583	TRUE	NAGATA	17173	17386	20	18185.528575	17328	***
TC_1395	LT934125.1	-	UL27.5-S	1	16583	17407	16583	17407	16583	17407	17407	17407	16583	16583	TRUE	NAGATA	17394	17415	2	1325.401444	17404	*
TC_1396	LT934125.1	-	UL27.5	1	16583	17497	16583	17497	16583	17497	17497	17497	16583	16583	TRUE	NAGATA	17430	17519	18	8088.710146	17464	***
TC_1397	LT934125.1	-	UL27.6	1	16583	17568	16583	17568	16583	17568	17568	17568	16583	16583	TRUE	NAGATA	17525	17611	15	3877.806498	17555	***
TC_1397	LT934125.1	-	UL27.6-S	1	16583	17530	16583	17530	16583	17530	17530	17530	16583	16583	TRUE	NAGATA	17525	17611	15	3877.806498	17555	***
TC_1397	LT934125.1	-	UL27.8	1	16583	17599	16583	17599	16583	17599	17599	17599	16583	16583	TRUE	NAGATA	17525	17611	15	3877.806498	17555	***
TC_1398	LT934125.1	-	UL27.9	1	16583	17636	16583	17636	16583	17636	17636	17636	16583	16583	TRUE	NAGATA	17609	17646	5	370.071942	17625	**
TC_1399	LT934125.1	-	UL27.10-S	1	16583	17670	16583	17670	16583	17670	17670	17670	16583	16583	TRUE	NAGATA	17654	17703	10	578.285454	17676	**
TC_1400	LT934125.1	-	UL27.10	1	16583	17723	16583	17723	16583	17723	17723	17723	16583	16583	TRUE	NAGATA	17713	17847	17	10457.285978	17754	***
TC_1400	LT934125.1	-	UL27.11-S6	1	16583	17792	16583	17792	16583	17792	17792	17792	16583	16583	TRUE	NAGATA	17713	17847	17	10457.285978	17754	***
TC_1400	LT934125.1	-	UL27.11-S7	1	16583	17751	16583	17751	16583	17751	17751	17751	16583	16583	TRUE	NAGATA	17713	17847	17	10457.285978	17754	***
TC_1401	LT934125.1	-	UL27.11-S4	1	16583	17900	16583	17900	16583	17900	17900	17900	16583	16583	TRUE	NAGATA	17855	17918	6	344.636421	17878	**
TC_1401	LT934125.1	-	UL27.11-S5	1	16583	17871	16583	17871	16583	17871	17871	17871	16583	16583	TRUE	NAGATA	17855	17918	6	344.636421	17878	**
TC_1402	LT934125.1	-	UL27.11-S3	1	16583	17981	16583	17981	16583	17981	17981	17981	16583	16583	TRUE	NAGATA	17950	17996	15	5549.014006	17977	***
TC_1402	LT934125.1	-	UL27.5-L	1	16583	17951	16583	17951	16583	17951	17951	17951	16583	16583	TRUE	NAGATA	17950	17996	15	5549.014006	17977	***
TC_1403	LT934125.1	-	UL27.11	1	16583	18161	16583	18161	16583	18161	18161	18161	16583	16583	TRUE	NAGATA	18009	18178	15	4465.801729	18089	***
TC_1403	LT934125.1	-	UL27.11-S	1	16583	18107	16583	18107	16583	18107	18107	18107	16583	16583	TRUE	NAGATA	18009	18178	15	4465.801729	18089	***
TC_1403	LT934125.1	-	UL27.11-S2	1	16583	18086	16583	18086	16583	18086	18086	18086	16583	16583	TRUE	NAGATA	18009	18178	15	4465.801729	18089	***
TC_1405	LT934125.1	-	UL27.13	1	16583	18270	16583	18270	16583	18270	18270	18270	16583	16583	TRUE	NAGATA	18260	18291	7	782.127494	18271	**
TC_1406	LT934125.1	-	UL27.14-S	1	16583	18464	16583	18464	16583	18464	18464	18464	16583	16583	TRUE	NAGATA	18315	18474	14	2186.697565	18391	***
TC_1407	LT934125.1	-	UL27.14	1	16583	18523	16583	18523	16583	18523	18523	18523	16583	16583	TRUE	NAGATA	18508	18581	11	735.83908	18541	**
TC_141	LT934125.1	+	UL46.10-S	1	14439	16224	14439	16224	14439	16224	14439	14439	16224	16224	TRUE	NAGATA	14393	14467	12	867.904102	14439	**
TC_142	LT934125.1	+	UL46.5	1	14818	16224	14818	16224	14818	16224	14818	14818	16224	16224	TRUE	NAGATA	14485	14828	18	7371.514588	14671	***
TC_142	LT934125.1	+	UL46.6	1	14724	16224	14724	16224	14724	16224	14724	14724	16224	16224	TRUE	NAGATA	14485	14828	18	7371.514588	14671	***
TC_142	LT934125.1	+	UL46.6-S	1	14782	16224	14782	16224	14782	16224	14782	14782	16224	16224	TRUE	NAGATA	14485	14828	18	7371.514588	14671	***
TC_142	LT934125.1	+	UL46.9	1	14560	16224	14560	16224	14560	16224	14560	14560	16224	16224	TRUE	NAGATA	14485	14828	18	7371.514588	14671	***
TC_1422	LT934125.1	-	UL27	1	16583	19473	16583	19473	16583	19473	19473	19473	16583	16583	TRUE	NAGATA	19454	19487	25	164584.983442	19471	***
TC_1422	LT934125.1	-	UL27-AT1	1	16259	19473	16259	19473	16259	19473	19473	19473	16259	16259	TRUE	NAGATA	19454	19487	25	164584.983442	19471	***
TC_144	LT934125.1	+	UL46.5-S2	1	14930	16224	14930	16224	14930	16224	14930	14930	16224	16224	TRUE	NAGATA	14900	14980	12	1205.470565	14932	***
TC_1442	LT934125.1	-	UL28	1	18583	21472	18583	21472	18583	21472	21472	21472	18583	18583	TRUE	NAGATA	21459	21490	12	1648.714847	21474	***
TC_1445	LT934125.1	-	UL28L-27	1	16583	21635	16583	21635	16583	21635	21635	21635	16583	16583	TRUE	NAGATA	21628	21654	8	1351.701082	21640	***
TC_1447	LT934125.1	-	TRL29.2	1	21477	21941	21477	21941	21477	21941	21941	21941	21477	21477	TRUE	NAGATA	21847	21965	22	27330.894222	21924	***
TC_145	LT934125.1	+	UL46.5-S3	1	15028	16224	15028	16224	15028	16224	15028	15028	16224	16224	TRUE	NAGATA	14997	15211	17	5702.778751	15121	***
TC_1453	LT934125.1	-	UL29.2	1	21477	22441	21477	22441	21477	22441	22441	22441	21477	21477	TRUE	NAGATA	22326	22479	19	8681.822198	22395	***
TC_146	LT934125.1	+	UL46.2	1	15249	16224	15249	16224	15249	16224	15249	15249	16224	16224	TRUE	NAGATA	15218	15326	15	2552.065277	15272	***
TC_1466	LT934125.1	-	UL29.11	1	21477	23258	21477	23258	21477	23258	23258	23258	21477	21477	TRUE	NAGATA	23247	23267	1	2227.171492	23257	*
TC_1472	LT934125.1	-	UL29.14	1	21477	23660	21477	23660	21477	23660	23660	23660	21477	21477	TRUE	NAGATA	23650	23670	2	113.472701	23660	*
TC_1496	LT934125.1	-	UL29	1	21477	25313	21477	25313	21477	25313	25313	25313	21477	21477	TRUE	NAGATA	25288	25330	21	37322.380865	25313	***
TC_1496	LT934125.1	-	UL29-28-27	1	16583	25313	16583	25313	16583	25313	25313	25313	16583	16583	TRUE	NAGATA	25288	25330	21	37322.380865	25313	***
TC_15	LT934125.1	+	ORF-1M1-S	1	1496	2273	1496	2273	1496	2273	1496	1496	2273	2273	TRUE	NAGATA	1459	1569	11	3248.04107	1505	***
TC_151	LT934125.1	+	UL46.1	1	15597	16224	15597	16224	15597	16224	15597	15597	16224	16224	TRUE	NAGATA	15581	15812	20	46071.224783	15674	***
TC_151	LT934125.1	+	UL46.1-S2	1	15646	16224	15646	16224	15646	16224	15646	15646	16224	16224	TRUE	NAGATA	15581	15812	20	46071.224783	15674	***
TC_151	LT934125.1	+	UL46.1-S3	1	15750	16224	15750	16224	15750	16224	15750	15750	16224	16224	TRUE	NAGATA	15581	15812	20	46071.224783	15674	***
TC_151	LT934125.1	+	UL46.1-S4	1	15787	16224	15787	16224	15787	16224	15787	15787	16224	16224	TRUE	NAGATA	15581	15812	20	46071.224783	15674	***
TC_1519	LT934125.1	-	UL31.3-S	1	28429	28794	28429	28794	28429	28794	28794	28794	28429	28429	TRUE	NAGATA	28528	28858	17	9374.872865	28648	***
TC_152	LT934125.1	+	nc-UL46	1	15883	16224	15883	16224	15883	16224	15883	15883	16224	16224	TRUE	NAGATA	15808	15904	14	3724.564245	15849	***
TC_1522	LT934125.1	-	UL31.2	1	28429	29086	28429	29086	28429	29086	29086	29086	28429	28429	TRUE	NAGATA	29019	29097	15	4760.865427	29048	***
TC_1522	LT934125.1	-	UL31.3	1	28429	29046	28429	29046	28429	29046	29046	29046	28429	28429	TRUE	NAGATA	29019	29097	15	4760.865427	29048	***
TC_1523	LT934125.1	-	UL31-L	1	28429	29154	28429	29154	28429	29154	29154	29154	28429	28429	TRUE	NAGATA	29096	29171	11	1196.984023	29131	***
TC_1526	LT934125.1	-	UL31	1	28429	29414	28429	29414	28429	29414	29414	29414	28429	28429	TRUE	NAGATA	29393	29434	23	460327.361132	29412	***
TC_1527	LT934125.1	-	UL31.5	1	28429	29507	28429	29507	28429	29507	29507	29507	28429	28429	TRUE	NAGATA	29495	29524	14	3521.680519	29507	***
TC_154	LT934125.1	+	nc-UL46-S	1	16014	16224	16014	16224	16014	16224	16014	16014	16224	16224	TRUE	NAGATA	15999	16141	16	7772.242656	16039	***
TC_1547	LT934125.1	-	UL32-S-31	1	28429	30877	28429	30877	28429	30877	30877	30877	28429	28429	TRUE	NAGATA	30863	30892	14	5548.872041	30877	***
TC_1550	LT934125.1	-	UL32-31	1	28429	31043	28429	31043	28429	31043	31043	31043	28429	28429	TRUE	NAGATA	31027	31053	9	681.502641	31041	**
TC_1566	LT934125.1	-	nc-UL36	1	32686	32842	32686	32842	32686	32842	32842	32842	32686	32686	TRUE	NAGATA	32818	32860	13	3926.62242	32842	***
TC_1567	LT934125.1	-	UL36.40-S2	1	32686	32935	32686	32935	32686	32935	32935	32935	32686	32686	TRUE	NAGATA	32878	32989	16	4791.250845	32932	***
TC_1568	LT934125.1	-	UL36.40-S	1	32686	33035	32686	33035	32686	33035	33035	33035	32686	32686	TRUE	NAGATA	33005	33075	10	3390.29278	33040	***
TC_1571	LT934125.1	-	UL36.38	1	32686	33356	32686	33356	32686	33356	33356	33356	32686	32686	TRUE	NAGATA	33202	33375	16	5538.746156	33300	***
TC_1571	LT934125.1	-	UL36.38-S	1	32686	33242	32686	33242	32686	33242	33242	33242	32686	32686	TRUE	NAGATA	33202	33375	16	5538.746156	33300	***
TC_1571	LT934125.1	-	UL36.40	1	32686	33215	32686	33215	32686	33215	33215	33215	32686	32686	TRUE	NAGATA	33202	33375	16	5538.746156	33300	***
TC_1586	LT934125.1	-	UL36.43-S	1	32686	34330	32686	34330	32686	34330	34330	34330	32686	32686	TRUE	NAGATA	34317	34355	4	158.545971	34337	**
TC_1588	LT934125.1	-	UL36.5	1	32686	34474	32686	34474	32686	34474	34474	34474	32686	32686	TRUE	NAGATA	34395	34490	25	69716.903677	34474	***
TC_16	LT934125.1	+	ORF-1	1	1600	2273	1600	2273	1600	2273	1600	1600	2273	2273	TRUE	NAGATA	1573	1622	19	58655.580494	1600	***
TC_1621	LT934125.1	-	UL36-UL36.5	1	32686	41995	32686	41995	32686	41995	41995	41995	32686	32686	TRUE	NAGATA	41982	42007	14	4924.18826	41995	***
TC_1638	LT934125.1	-	UL37.5	1	42005	43351	42005	43351	42005	43351	43351	43351	42005	42005	TRUE	NAGATA	43304	43372	6	239.088115	43342	**
TC_1640	LT934125.1	-	UL37.5-S2	1	42005	43473	42005	43473	42005	43473	43473	43473	42005	42005	TRUE	NAGATA	43463	43498	3	3294.854036	43479	**
TC_1641	LT934125.1	-	UL37.6-S2	1	42005	43545	42005	43545	42005	43545	43545	43545	42005	42005	TRUE	NAGATA	43535	43555	1	26.651031	43545	*
TC_1658	LT934125.1	-	UL37	1	42005	44889	42005	44889	42005	44889	44889	44889	42005	42005	TRUE	NAGATA	44875	44911	18	19450.329748	44889	***
TC_1658	LT934125.1	-	UL37-36	1	32686	44889	32686	44889	32686	44889	44889	44889	32686	32686	TRUE	NAGATA	44875	44911	18	19450.329748	44889	***
TC_1699	LT934125.1	-	UL41.11	1	50041	50592	50041	50592	50041	50592	50592	50592	50041	50041	TRUE	NAGATA	50579	50659	18	6890.718687	50614	***
TC_1699	LT934125.1	-	UL41.9	1	50041	50641	50041	50641	50041	50641	50641	50641	50041	50041	TRUE	NAGATA	50579	50659	18	6890.718687	50614	***
TC_17	LT934125.1	+	ORF-1.5	1	1725	2273	1725	2273	1725	2273	1725	1725	2273	2273	TRUE	NAGATA	1634	1743	11	3369.330452	1692	***
TC_1701	LT934125.1	-	UL41.7	1	50041	50820	50041	50820	50041	50820	50820	50820	50041	50041	TRUE	NAGATA	50779	50917	16	4493.279544	50841	***
TC_1702	LT934125.1	-	UL41.4	1	50041	50986	50041	50986	50041	50986	50986	50986	50041	50041	TRUE	NAGATA	50961	51077	21	13622.357271	51010	***
TC_1703	LT934125.1	-	UL41.2	1	50041	51094	50041	51094	50041	51094	51094	51094	50041	50041	TRUE	NAGATA	51081	51114	15	8999.128503	51095	***
TC_1704	LT934125.1	-	UL41	1	50041	51147	50041	51147	50041	51147	51147	51147	50041	50041	TRUE	NAGATA	51129	51162	25	165010.157785	51147	***
TC_1743	LT934125.1	-	UL26.9	1	55270	55733	55270	55733	55270	55733	55733	55733	55270	55270	TRUE	NAGATA	55645	55747	18	9873.097881	55683	***
TC_1743	LT934125.1	-	UL26.9-S	1	55270	55679	55270	55679	55270	55679	55679	55679	55270	55270	TRUE	NAGATA	55645	55747	18	9873.097881	55683	***
TC_1744	LT934125.1	-	UL26.8	1	55270	55807	55270	55807	55270	55807	55807	55807	55270	55270	TRUE	NAGATA	55750	55920	19	9965.910447	55803	***
TC_1748	LT934125.1	-	UL26.6	1	55270	56188	55270	56188	55270	56188	56188	56188	55270	55270	TRUE	NAGATA	56169	56210	27	1118905.951375	56188	***
TC_1758	LT934125.1	-	UL26-26.5	1	55270	56946	55270	56946	55270	56946	56946	56946	55270	55270	TRUE	NAGATA	56932	56965	22	75830.552437	56946	***
TC_1758	LT934125.1	-	UL26-26.5-AT	1	55310	56946	55310	56946	55310	56946	56946	56946	55310	55310	TRUE	NAGATA	56932	56965	22	75830.552437	56946	***
TC_1758	LT934125.1	-	nc-UL26	1	56317	56946	56317	56946	56317	56946	56946	56946	56317	56317	TRUE	NAGATA	56932	56965	22	75830.552437	56946	***
TC_1768	LT934125.1	-	UL26-26.5-L	1	55270	57535	55270	57535	55270	57535	57535	57535	55270	55270	TRUE	NAGATA	57519	57539	1	134.535181	57529	*
TC_1783	LT934125.1	-	UL25	1	55704	58556	55704	58556	55704	58556	58556	58556	55704	55704	TRUE	NAGATA	58554	58585	17	11213.139715	58570	***
TC_1783	LT934125.1	-	UL25-26-26.5	1	55270	58570	55270	58570	55270	58570	58570	58570	55270	55270	TRUE	NAGATA	58554	58585	17	11213.139715	58570	***
TC_1783	LT934125.1	-	UL25-AT	1	56317	58570	56317	58570	56317	58570	58570	58570	56317	56317	TRUE	NAGATA	58554	58585	17	11213.139715	58570	***
TC_1788	LT934125.1	-	UL25L-26-26.5	1	55270	59016	55270	59016	55270	59016	59016	59016	55270	55270	TRUE	NAGATA	58994	59027	8	452.41665	59014	**
TC_1791	LT934125.1	-	UL24-25-26-26.5	1	55270	59277	55270	59277	55270	59277	59277	59277	55270	55270	TRUE	NAGATA	59264	59291	15	7731.369991	59277	***
TC_18	LT934125.1	+	ORF-1.5-S	1	1806	2273	1806	2273	1806	2273	1806	1806	2273	2273	TRUE	NAGATA	1760	1899	14	6106.670692	1825	***
TC_1819	LT934125.1	-	CTO-AT	1	62617	63420	62617	63420	62617	63420	63420	63420	62617	62617	TRUE	NAGATA	63400	63448	26	3246482.234507	63420	***
TC_1819	LT934125.1	-	CTO-AT2	1	62344	63420	62344	63420	62344	63420	63420	63420	62344	62344	TRUE	NAGATA	63400	63448	26	3246482.234507	63420	***
TC_1819	LT934125.1	-	CTO-S	1	63164	63420	63164	63420	63164	63420	63420	63420	63164	63164	TRUE	NAGATA	63400	63448	26	3246482.234507	63420	***
TC_1819	LT934125.1	-	CTO-UL22-UL23-UL24-UL25-26	1	55270	63420	55270	63420	55270	63420	63420	63420	55270	55270	TRUE	NAGATA	63400	63448	26	3246482.234507	63420	***
TC_1830	LT934125.1	-	CTO-M	1	63164	64127	63164	64127	63164	64127	64127	64127	63164	63164	TRUE	NAGATA	64113	64139	13	4467.012077	64126	***
TC_1839	LT934125.1	-	CTO-M-L	1	63164	64624	63164	64624	63164	64624	64624	64624	63164	63164	TRUE	NAGATA	64588	64677	7	892.397748	64636	**
TC_1839	LT934125.1	-	UL21.5	1	64133	64624	64133	64624	64133	64624	64624	64624	64133	64133	TRUE	NAGATA	64588	64677	7	892.397748	64636	**
TC_1854	LT934125.1	-	UL21.2-S	1	64133	65582	64133	65582	64133	65582	65582	65582	64133	64133	TRUE	NAGATA	65557	65592	2	45.442052	65574	*
TC_1855	LT934125.1	-	UL21.2	1	64133	65657	64133	65657	64133	65657	65657	65657	64133	64133	TRUE	NAGATA	65616	65695	5	658.393465	65654	**
TC_1856	LT934125.1	-	CTO-L	1	63164	65752	63164	65752	63164	65752	65752	65752	63164	63164	TRUE	NAGATA	65734	65766	23	61932.892618	65751	***
TC_1856	LT934125.1	-	UL21	1	64133	65752	64133	65752	64133	65752	65752	65752	64133	64133	TRUE	NAGATA	65734	65766	23	61932.892618	65751	***
TC_1856	LT934125.1	-	UL21-AT2	1	64532	65752	64532	65752	64532	65752	65752	65752	64532	64532	TRUE	NAGATA	65734	65766	23	61932.892618	65751	***
TC_1858	LT934125.1	-	UL21-L	1	64133	65880	64133	65880	64133	65880	65880	65880	64133	64133	TRUE	NAGATA	65863	65893	8	362.424603	65880	**
TC_1862	LT934125.1	-	UL21-L2	1	64133	66283	64133	66283	64133	66283	66283	66283	64133	64133	TRUE	NAGATA	66242	66305	5	797.503648	66277	**
TC_189	LT934125.1	+	UL30	1	25420	28632	25420	28632	25420	28632	25420	25420	28632	28632	TRUE	NAGATA	25409	25436	18	19201.659058	25420	***
TC_1912	LT934125.1	-	FORF15-S2	1	71548	71882	71548	71882	71548	71882	71882	71882	71548	71548	TRUE	NAGATA	71862	71901	14	4422.738219	71883	***
TC_1921	LT934125.1	-	FORF15-S	1	71548	72713	71548	72713	71548	72713	72713	72713	71548	71548	TRUE	NAGATA	72692	72767	11	910.100123	72730	**
TC_1926	LT934125.1	-	FORF15	1	71548	73108	71548	73108	71548	73108	73108	73108	71548	71548	TRUE	NAGATA	73093	73120	14	2098.397268	73108	***
TC_1939	LT934125.1	-	FORF15-L	1	71548	74345	71548	74345	71548	74345	74345	74345	71548	71548	TRUE	NAGATA	74330	74359	16	4052.018928	74345	***
TC_1961	LT934125.1	-	UL15	1	71548	76859	71548	76859	71548	76859	76859	76859	71548	71548	TRUE	NAGATA	76850	76877	16	6252.028368	76860	***
TC_1961	LT934125.1	-	UL15-splice	1	71548	76859	71548	72782	71548	76859	76859	72782	71548	71548	TRUE	NAGATA	76850	76877	16	6252.028368	76860	***
TC_1961	LT934125.1	-	UL15-splice	2	71548	76859	75662	76859	71548	76859	76859	76859	71548	75662	FALSE	NAGATA	76850	76877	16	6252.028368	76860	***
TC_1965	LT934125.1	-	UL15-16-17	1	71548	77985	71548	77985	71548	77985	77985	77985	71548	71548	TRUE	NAGATA	77975	77995	4	718.318703	77985	**
TC_1965	LT934125.1	-	UL15-splice-L	1	71548	77985	71548	72782	71548	77985	77985	72782	71548	71548	TRUE	NAGATA	77975	77995	4	718.318703	77985	**
TC_1965	LT934125.1	-	UL15-splice-L	2	71548	77985	75662	77985	71548	77985	77985	77985	71548	75662	FALSE	NAGATA	77975	77995	4	718.318703	77985	**
TC_1982	LT934125.1	-	nc-UL10	1	80352	80491	80352	80491	80352	80491	80491	80491	80352	80352	TRUE	NAGATA	80469	80552	15	2573.282177	80498	***
TC_1984	LT934125.1	-	UL10.4	1	80352	80835	80352	80835	80352	80835	80835	80835	80352	80352	TRUE	NAGATA	80731	80947	21	21186.935892	80838	***
TC_1986	LT934125.1	-	UL10.5	1	80352	81051	80352	81051	80352	81051	81051	81051	80352	80352	TRUE	NAGATA	80997	81215	16	5778.179036	81058	***
TC_1987	LT934125.1	-	UL10.6	1	80352	81314	80352	81314	80352	81314	81314	81314	80352	80352	TRUE	NAGATA	81222	81316	14	1898.736889	81271	***
TC_1988	LT934125.1	-	UL10.7	1	80352	81429	80352	81429	80352	81429	81429	81429	80352	80352	TRUE	NAGATA	81332	81445	15	2123.956657	81401	***
TC_1990	LT934125.1	-	UL10-S	1	80352	81551	80352	81551	80352	81551	81551	81551	80352	80352	TRUE	NAGATA	81533	81627	8	2423.807173	81576	***
TC_1994	LT934125.1	-	UL10	1	80352	81804	80352	81804	80352	81804	81804	81804	80352	80352	TRUE	NAGATA	81793	81825	23	227034.684242	81805	***
TC_1995	LT934125.1	-	UL10-L1	1	80352	81840	80352	81840	80352	81840	81840	81840	80352	80352	TRUE	NAGATA	81832	81910	19	22839.748575	81889	***
TC_1995	LT934125.1	-	UL10-L3	1	80352	81897	80352	81897	80352	81897	81897	81897	80352	80352	TRUE	NAGATA	81832	81910	19	22839.748575	81889	***
TC_1997	LT934125.1	-	UL10-L4	1	80352	82026	80352	82026	80352	82026	82026	82026	80352	80352	TRUE	NAGATA	82010	82036	14	1623.67345	82024	***
TC_2032	LT934125.1	-	UL7.5	1	86133	86928	86133	86928	86133	86928	86928	86928	86133	86133	TRUE	NAGATA	86867	86948	12	873.621077	86908	**
TC_2037	LT934125.1	-	UL7	1	86133	87161	86133	87161	86133	87161	87161	87161	86133	86133	TRUE	NAGATA	87147	87180	22	56682.515369	87161	***
TC_2039	LT934125.1	-	UL7-L2	1	86133	87250	86133	87250	86133	87250	87250	87250	86133	86133	TRUE	NAGATA	87240	87263	3	376.709001	87250	**
TC_2043	LT934125.1	-	UL7-L3	1	86133	87447	86133	87447	86133	87447	87447	87447	86133	86133	TRUE	NAGATA	87409	87459	19	9433.633662	87445	***
TC_2051	LT934125.1	-	UL7-L4	1	86133	87864	86133	87864	86133	87864	87864	87864	86133	86133	TRUE	NAGATA	87802	87874	7	597.158883	87835	**
TC_2065	LT934125.1	-	UL6-7	1	86133	89079	86133	89079	86133	89079	89079	89079	86133	86133	TRUE	NAGATA	89063	89091	15	7432.569488	89079	***
TC_2080	LT934125.1	-	UL6L-7	1	86133	90875	86133	90875	86133	90875	90875	90875	86133	86133	TRUE	NAGATA	90865	90885	1	31.95705	90875	*
TC_2096	LT934125.1	-	TRL3.5	1	92069	92422	92069	92422	92069	92422	92422	92422	92069	92069	TRUE	NAGATA	92402	92584	14	3889.272814	92476	***
TC_2097	LT934125.1	-	nc-UL3.5	1	92069	92622	92069	92622	92069	92622	92622	92622	92069	92069	TRUE	NAGATA	92578	92645	10	1324.984295	92620	***
TC_2101	LT934125.1	-	UL3.5	1	92069	92933	92069	92933	92069	92933	92933	92933	92069	92069	TRUE	NAGATA	92917	92968	25	225549.665299	92934	***
TC_2103	LT934125.1	-	UL3.5-L	1	92069	93265	92069	93265	92069	93265	93265	93265	92069	92069	TRUE	NAGATA	93207	93306	14	4592.856401	93242	***
TC_2109	LT934125.1	-	UL3	1	92445	93654	92445	93654	92445	93654	93654	93654	92445	92445	TRUE	NAGATA	93634	93667	19	35346.332599	93654	***
TC_2109	LT934125.1	-	UL3-3.5	1	92069	93654	92069	93654	92069	93654	93654	93654	92069	92069	TRUE	NAGATA	93634	93667	19	35346.332599	93654	***
TC_2116	LT934125.1	-	UL3L-3.5	1	92069	93980	92069	93980	92069	93980	93980	93980	92069	92069	TRUE	NAGATA	93975	93995	1	16.129162	93985	*
TC_2118	LT934125.1	-	UL3L2-3.5	1	92069	94108	92069	94108	92069	94108	94108	94108	92069	92069	TRUE	NAGATA	94098	94118	1	667.111408	94108	*
TC_2126	LT934125.1	-	UL2	1	93229	94526	93229	94526	93229	94526	94526	94526	93229	93229	TRUE	NAGATA	94505	94546	21	28986.02911	94526	***
TC_2126	LT934125.1	-	UL2-3-3.5	1	92069	94526	92069	94526	92069	94526	94526	94526	92069	92069	TRUE	NAGATA	94505	94546	21	28986.02911	94526	***
TC_2135	LT934125.1	-	UL1-2-3-3.5	1	92069	94947	92069	94947	92069	94947	94947	94947	92069	92069	TRUE	NAGATA	94931	94960	23	60563.938974	94947	***
TC_2151	LT934125.1	-	nc-EP0-2	1	95889	96090	95889	96090	95889	96090	96090	96090	95889	95889	TRUE	NAGATA	96062	96104	11	888.47716	96085	**
TC_2158	LT934125.1	-	EP0.10	1	95889	96629	95889	96629	95889	96629	96629	96629	95889	95889	TRUE	NAGATA	96618	96712	14	16991.946167	96675	***
TC_2162	LT934125.1	-	EP0.5-S2-sp1	1	95889	97126	95889	96851	95889	97126	97126	96851	95889	95889	TRUE	NAGATA	96894	97136	16	19249.536116	96978	***
TC_2162	LT934125.1	-	EP0.5-S2-sp1	2	95889	97126	96990	97126	95889	97126	97126	97126	95889	96990	FALSE	NAGATA	96894	97136	16	19249.536116	96978	***
TC_2162	LT934125.1	-	nc-EP0	1	96800	97006	96800	97006	96800	97006	97006	97006	96800	96800	TRUE	NAGATA	96894	97136	16	19249.536116	96978	***
TC_2163	LT934125.1	-	EP0.5-S	1	95889	97175	95889	97175	95889	97175	97175	97175	95889	95889	TRUE	NAGATA	97163	97307	18	16695.76206	97216	***
TC_2163	LT934125.1	-	EP0.5-S-sp1	1	95889	97175	95889	96851	95889	97175	97175	96851	95889	95889	TRUE	NAGATA	97163	97307	18	16695.76206	97216	***
TC_2163	LT934125.1	-	EP0.5-S-sp1	2	95889	97175	96990	97175	95889	97175	97175	97175	95889	96990	FALSE	NAGATA	97163	97307	18	16695.76206	97216	***
TC_2164	LT934125.1	-	EP0	1	95889	97361	95889	97361	95889	97361	97361	97361	95889	95889	TRUE	NAGATA	97311	97378	27	733073.097701	97351	***
TC_2164	LT934125.1	-	EP0-sp1	1	95889	97361	95889	96851	95889	97361	97361	96851	95889	95889	TRUE	NAGATA	97311	97378	27	733073.097701	97351	***
TC_2164	LT934125.1	-	EP0-sp1	2	95889	97361	96990	97361	95889	97361	97361	97361	95889	96990	FALSE	NAGATA	97311	97378	27	733073.097701	97351	***
TC_2164	LT934125.1	-	EP0-sp2	1	95889	97361	95889	96851	95889	97361	97361	96851	95889	95889	TRUE	NAGATA	97311	97378	27	733073.097701	97351	***
TC_2164	LT934125.1	-	EP0-sp2	2	95889	97361	96942	97361	95889	97361	97361	97361	95889	96942	FALSE	NAGATA	97311	97378	27	733073.097701	97351	***
TC_2164	LT934125.1	-	EP0.5	1	95889	97338	95889	97338	95889	97338	97338	97338	95889	95889	TRUE	NAGATA	97311	97378	27	733073.097701	97351	***
TC_2164	LT934125.1	-	EP0.5-sp1	1	95889	97338	95889	96851	95889	97338	97338	96851	95889	95889	TRUE	NAGATA	97311	97378	27	733073.097701	97351	***
TC_2164	LT934125.1	-	EP0.5-sp1	2	95889	97338	96990	97338	95889	97338	97338	97338	95889	96990	FALSE	NAGATA	97311	97378	27	733073.097701	97351	***
TC_2164	LT934125.1	-	EP0.5-sp2	1	95889	97338	95889	96851	95889	97338	97338	96851	95889	95889	TRUE	NAGATA	97311	97378	27	733073.097701	97351	***
TC_2164	LT934125.1	-	EP0.5-sp2	2	95889	97338	96942	97338	95889	97338	97338	97338	95889	96942	FALSE	NAGATA	97311	97378	27	733073.097701	97351	***
TC_2166	LT934125.1	-	EP0-L2	1	95889	97537	95889	97537	95889	97537	97537	97537	95889	95889	TRUE	NAGATA	97513	97555	10	1950.120803	97534	***
TC_2264	LT934125.1	-	IE180-S	1	102362	107370	102362	107370	102362	107370	107370	107370	102362	102362	TRUE	NAGATA	107352	107405	19	28546.920304	107369	***
TC_2266	LT934125.1	-	IE180	1	102362	107560	102362	107560	102362	107560	107560	107560	102362	102362	TRUE	NAGATA	107462	107574	19	232863.966285	107558	***
TC_2292	LT934125.1	-	NOIR-2	1	110204	111104	110204	111104	110204	111104	111104	111104	110204	110204	TRUE	NAGATA	111087	111117	18	15046.414079	111103	***
TC_232	LT934125.1	+	UL33L3-34-35	1	29338	32415	29338	32415	29338	32415	29338	29338	32415	32415	TRUE	NAGATA	29302	29349	6	425.450581	29334	**
TC_233	LT934125.1	+	UL33-L2-34-35	1	29468	32415	29468	32415	29468	32415	29468	29468	32415	32415	TRUE	NAGATA	29450	29483	12	1432.74604	29466	***
TC_2330	LT934125.1	-	AZURE-S	1	117251	118349	117251	118349	117251	118349	118349	118349	117251	117251	TRUE	NAGATA	118338	118410	15	7520.635869	118398	***
TC_2330	LT934125.1	-	AZURE-S-L	1	117251	118401	117251	118401	117251	118401	118401	118401	117251	117251	TRUE	NAGATA	118338	118410	15	7520.635869	118398	***
TC_2330	LT934125.1	-	AZURE-S-L-splice	1	117251	118401	117251	117361	117251	118401	118401	117361	117251	117251	TRUE	NAGATA	118338	118410	15	7520.635869	118398	***
TC_2330	LT934125.1	-	AZURE-S-L-splice	2	117251	118401	117773	118401	117251	118401	118401	118401	117251	117773	FALSE	NAGATA	118338	118410	15	7520.635869	118398	***
TC_2332	LT934125.1	-	AZURE-M	1	117251	118739	117251	118739	117251	118739	118739	118739	117251	117251	TRUE	NAGATA	118676	118749	10	4611.909962	118720	***
TC_2337	LT934125.1	-	AZURE-L	1	117251	119190	117251	119190	117251	119190	119190	119190	117251	117251	TRUE	NAGATA	119178	119200	3	193.706543	119189	**
TC_240	LT934125.1	+	UL33	1	30240	31198	30240	31198	30240	31198	30240	30240	31198	31198	TRUE	NAGATA	30225	30255	17	9464.044676	30239	***
TC_2404	LT934125.1	-	TRS1_2	1	126752	127083	126752	127083	126752	127083	127083	127083	126752	126752	TRUE	NAGATA	126926	127368	24	45432.305403	127069	***
TC_2404	LT934125.1	-	TRS1_2-L	1	126752	127117	126752	127117	126752	127117	127117	127117	126752	126752	TRUE	NAGATA	126926	127368	24	45432.305403	127069	***
TC_2404	LT934125.1	-	TRS1_2-S	1	126752	127002	126752	127002	126752	127002	127002	127002	126752	126752	TRUE	NAGATA	126926	127368	24	45432.305403	127069	***
TC_2405	LT934125.1	-	TRS1_2-L2	1	126752	127165	126752	127165	126752	127165	127165	127165	126752	126752	TRUE	NAGATA	127124	127214	18	10311.578405	127174	***
TC_2405	LT934125.1	-	TRS1_2-L3	1	126752	127176	126752	127176	126752	127176	127176	127176	126752	126752	TRUE	NAGATA	127124	127214	18	10311.578405	127174	***
TC_241	LT934125.1	+	UL33-34-35	1	30298	32415	30298	32415	30298	32415	30298	30298	32415	32415	TRUE	NAGATA	30288	30309	5	328.197219	30298	**
TC_2418	LT934125.1	-	US1_2	1	126752	128731	126752	128731	126752	128731	128731	128731	126752	126752	TRUE	NAGATA	128719	128748	26	1775502.69547	128732	***
TC_2418	LT934125.1	-	US1_2-splice	1	126752	128731	126752	128251	126752	128731	128731	128251	126752	126752	TRUE	NAGATA	128719	128748	26	1775502.69547	128732	***
TC_2418	LT934125.1	-	US1_2-splice	2	126752	128731	128407	128459	126752	128731	128731	128459	126752	128407	FALSE	NAGATA	128719	128748	26	1775502.69547	128732	***
TC_2418	LT934125.1	-	US1_2-splice	3	126752	128731	128577	128731	126752	128731	128731	128731	126752	128577	FALSE	NAGATA	128719	128748	26	1775502.69547	128732	***
TC_2418	LT934125.1	-	US1_2-splice-2	1	126752	128731	126752	127972	126752	128731	128731	127972	126752	126752	TRUE	NAGATA	128719	128748	26	1775502.69547	128732	***
TC_2418	LT934125.1	-	US1_2-splice-2	2	126752	128731	128147	128731	126752	128731	128731	128731	126752	128147	FALSE	NAGATA	128719	128748	26	1775502.69547	128732	***
TC_2418	LT934125.1	-	US1_2-splice-3	1	126752	128731	126752	127972	126752	128731	128731	127972	126752	126752	TRUE	NAGATA	128719	128748	26	1775502.69547	128732	***
TC_2418	LT934125.1	-	US1_2-splice-3	2	126752	128731	128279	128731	126752	128731	128731	128731	126752	128279	FALSE	NAGATA	128719	128748	26	1775502.69547	128732	***
TC_2418	LT934125.1	-	US1_2-splice-4	1	126752	128731	126752	127973	126752	128731	128731	127973	126752	126752	TRUE	NAGATA	128719	128748	26	1775502.69547	128732	***
TC_2418	LT934125.1	-	US1_2-splice-4	2	126752	128731	128279	128731	126752	128731	128731	128731	126752	128279	FALSE	NAGATA	128719	128748	26	1775502.69547	128732	***
TC_2418	LT934125.1	-	US1_2-splice-5	1	126752	128731	126752	128198	126752	128731	128731	128198	126752	126752	TRUE	NAGATA	128719	128748	26	1775502.69547	128732	***
TC_2418	LT934125.1	-	US1_2-splice-5	2	126752	128731	128321	128731	126752	128731	128731	128731	126752	128321	FALSE	NAGATA	128719	128748	26	1775502.69547	128732	***
TC_2418	LT934125.1	-	US1_2-splice-6	1	126752	128731	126752	127972	126752	128731	128731	127972	126752	126752	TRUE	NAGATA	128719	128748	26	1775502.69547	128732	***
TC_2418	LT934125.1	-	US1_2-splice-6	2	126752	128731	128290	128731	126752	128731	128731	128731	126752	128290	FALSE	NAGATA	128719	128748	26	1775502.69547	128732	***
TC_2419	LT934125.1	-	US1_2-splice-L2	1	126752	128883	126752	128251	126752	128883	128883	128251	126752	126752	TRUE	NAGATA	128870	128892	3	76.229692	128881	*
TC_2419	LT934125.1	-	US1_2-splice-L2	2	126752	128883	128407	128459	126752	128883	128883	128459	126752	128407	FALSE	NAGATA	128870	128892	3	76.229692	128881	*
TC_2419	LT934125.1	-	US1_2-splice-L2	3	126752	128883	128577	128883	126752	128883	128883	128883	126752	128577	FALSE	NAGATA	128870	128892	3	76.229692	128881	*
TC_2428	LT934125.1	-	PTO-US1_2-nonsp	1	126752	130831	126752	130831	126752	130831	130831	130831	126752	126752	TRUE	NAGATA	130819	130844	12	1253.981711	130833	***
TC_2428	LT934125.1	-	PTO-US1_2-sp	1	126752	130831	126752	127972	126752	130831	130831	127972	126752	126752	TRUE	NAGATA	130819	130844	12	1253.981711	130833	***
TC_2428	LT934125.1	-	PTO-US1_2-sp	2	126752	130831	128147	128198	126752	130831	130831	128198	126752	128147	FALSE	NAGATA	130819	130844	12	1253.981711	130833	***
TC_2428	LT934125.1	-	PTO-US1_2-sp	3	126752	130831	128321	130831	126752	130831	130831	130831	126752	128321	FALSE	NAGATA	130819	130844	12	1253.981711	130833	***
TC_2456	LT934125.1	-	NOIR_2-1S4-2	1	134888	135619	134888	135619	134888	135619	135619	135619	134888	134888	TRUE	NAGATA	135609	135629	5	243.322094	135619	**
TC_2461	LT934125.1	-	NOIR_2-1S3-2	1	134888	135899	134888	135899	134888	135899	135899	135899	134888	134888	TRUE	NAGATA	135876	135911	9	810.808324	135894	**
TC_2465	LT934125.1	-	NOIR_2-1S2-2	1	134888	136103	134888	136103	134888	136103	136103	136103	134888	134888	TRUE	NAGATA	136091	136114	12	1917.857872	136103	***
TC_2466	LT934125.1	-	NOIR_2-1S-2	1	134888	136131	134888	136131	134888	136131	136131	136131	134888	134888	TRUE	NAGATA	136121	136154	3	146.474043	136140	*
TC_2467	LT934125.1	-	NOIR_2-1M-2	1	134888	136235	134888	136235	134888	136235	136235	136235	134888	134888	TRUE	NAGATA	136213	136259	19	31666.752125	136235	***
TC_2467	LT934125.1	-	NOIR_2-1M-splice-2	1	134888	136248	134888	135256	134888	136248	136248	135256	134888	134888	TRUE	NAGATA	136213	136259	19	31666.752125	136235	***
TC_2467	LT934125.1	-	NOIR_2-1M-splice-2	2	134888	136248	135752	136248	134888	136248	136248	136248	134888	135752	FALSE	NAGATA	136213	136259	19	31666.752125	136235	***
TC_2468	LT934125.1	-	NOIR_2-1L-2	1	134888	136285	134888	136285	134888	136285	136285	136285	134888	134888	TRUE	NAGATA	136257	136349	17	13565.037322	136294	***
TC_2470	LT934125.1	-	NOIR_2-1L3-2	1	134888	136409	134888	136409	134888	136409	136409	136409	134888	134888	TRUE	NAGATA	136394	136423	9	363.31387	136408	**
TC_249	LT934125.1	+	UL34L2-35	1	30932	32415	30932	32415	30932	32415	30932	30932	32415	32415	TRUE	NAGATA	30922	30948	16	4385.128649	30932	***
TC_251	LT934125.1	+	UL34L-35	1	31042	32415	31042	32415	31042	32415	31042	31042	32415	32415	TRUE	NAGATA	31020	31052	5	524.55774	31039	**
TC_252	LT934125.1	+	UL34-35	1	31098	32415	31098	32415	31098	32415	31098	31098	32415	32415	TRUE	NAGATA	31079	31114	25	317549.217756	31098	***
TC_255	LT934125.1	+	UL35-L6	1	31349	32415	31349	32415	31349	32415	31349	31349	32415	32415	TRUE	NAGATA	31319	31391	12	1209.420123	31356	***
TC_256	LT934125.1	+	UL35-L5	1	31410	32415	31410	32415	31410	32415	31410	31410	32415	32415	TRUE	NAGATA	31400	31420	5	223.549592	31410	**
TC_257	LT934125.1	+	UL35-L4	1	31474	32415	31474	32415	31474	32415	31474	31474	32415	32415	TRUE	NAGATA	31437	31542	15	3148.423931	31496	***
TC_258	LT934125.1	+	UL35-L3	1	31690	32415	31690	32415	31690	32415	31690	31690	32415	32415	TRUE	NAGATA	31546	31700	16	3416.879588	31630	***
TC_260	LT934125.1	+	UL35-L2	1	31847	32415	31847	32415	31847	32415	31847	31847	32415	32415	TRUE	NAGATA	31743	31886	13	2322.875962	31833	***
TC_261	LT934125.1	+	UL35-L	1	31930	32415	31930	32415	31930	32415	31930	31930	32415	32415	TRUE	NAGATA	31894	32013	16	6096.621349	31945	***
TC_262	LT934125.1	+	UL35	1	32038	32415	32038	32415	32038	32415	32038	32038	32415	32415	TRUE	NAGATA	32003	32052	23	845662.861022	32037	***
TC_262	LT934125.1	+	UL35-AT	1	32038	32709	32038	32709	32038	32709	32038	32038	32709	32709	TRUE	NAGATA	32003	32052	23	845662.861022	32037	***
TC_263	LT934125.1	+	UL35.2	1	32092	32415	32092	32415	32092	32415	32092	32092	32415	32415	TRUE	NAGATA	32070	32145	11	4180.259548	32091	***
TC_264	LT934125.1	+	TRL35	1	32163	32415	32163	32415	32163	32415	32163	32163	32415	32415	TRUE	NAGATA	32080	32224	18	12707.179364	32163	***
TC_330	LT934125.1	+	UL38	1	44812	46038	44812	46038	44812	46038	44812	44812	46038	46038	TRUE	NAGATA	44794	44828	24	252729.038495	44812	***
TC_330	LT934125.1	+	UL38-39-40	1	44812	49647	44812	49647	44812	49647	44812	44812	49647	49647	TRUE	NAGATA	44794	44828	24	252729.038495	44812	***
TC_332	LT934125.1	+	UL38.3	1	44946	46038	44946	46038	44946	46038	44946	44946	46038	46038	TRUE	NAGATA	44922	44984	13	1300.34049	44949	***
TC_338	LT934125.1	+	UL38.4	1	45302	46038	45302	46038	45302	46038	45302	45302	46038	46038	TRUE	NAGATA	45292	45323	7	294.875552	45310	**
TC_339	LT934125.1	+	UL38.5	1	45415	46038	45415	46038	45415	46038	45415	45415	46038	46038	TRUE	NAGATA	45360	45477	14	2652.257552	45407	***
TC_339	LT934125.1	+	UL38.6	1	45445	46038	45445	46038	45445	46038	45445	45445	46038	46038	TRUE	NAGATA	45360	45477	14	2652.257552	45407	***
TC_341	LT934125.1	+	UL38.6-S	1	45525	46038	45525	46038	45525	46038	45525	45525	46038	46038	TRUE	NAGATA	45519	45556	3	76.532922	45536	*
TC_345	LT934125.1	+	UL39L-40	1	45911	49647	45911	49647	45911	49647	45911	45911	49647	49647	TRUE	NAGATA	45808	45961	12	3204.811712	45875	***
TC_346	LT934125.1	+	UL39-40-L	1	46026	49647	46026	49647	46026	49647	46026	46026	49647	49647	TRUE	NAGATA	46011	46042	17	14768.526144	46025	***
TC_348	LT934125.1	+	UL39-40	1	46233	49647	46233	49647	46233	49647	46233	46233	49647	49647	TRUE	NAGATA	46220	46253	22	40488.443306	46234	***
TC_352	LT934125.1	+	UL40-L23	1	46489	49647	46489	49647	46489	49647	46489	46489	49647	49647	TRUE	NAGATA	46471	46502	9	898.436405	46488	**
TC_356	LT934125.1	+	UL40-L22	1	46717	49647	46717	49647	46717	49647	46717	46717	49647	49647	TRUE	NAGATA	46686	46724	5	839.258891	46710	**
TC_357	LT934125.1	+	UL40-L21	1	46754	49647	46754	49647	46754	49647	46754	46754	49647	49647	TRUE	NAGATA	46741	46792	7	452.119339	46773	**
TC_365	LT934125.1	+	UL40-L19	1	47188	49647	47188	49647	47188	49647	47188	47188	49647	49647	TRUE	NAGATA	47178	47198	2	182.067449	47188	*
TC_367	LT934125.1	+	UL40-L16	1	47315	49647	47315	49647	47315	49647	47315	47315	49647	49647	TRUE	NAGATA	47284	47338	17	11633.241515	47315	***
TC_367	LT934125.1	+	UL40-L17	1	47288	49647	47288	49647	47288	49647	47288	47288	49647	49647	TRUE	NAGATA	47284	47338	17	11633.241515	47315	***
TC_368	LT934125.1	+	UL40-L15	1	47411	49647	47411	49647	47411	49647	47411	47411	49647	49647	TRUE	NAGATA	47357	47421	5	770.64316	47393	**
TC_369	LT934125.1	+	UL40-L13	1	47521	49647	47521	49647	47521	49647	47521	47521	49647	49647	TRUE	NAGATA	47433	47544	8	956.637991	47493	**
TC_369	LT934125.1	+	UL40-L14	1	47486	49647	47486	49647	47486	49647	47486	47486	49647	49647	TRUE	NAGATA	47433	47544	8	956.637991	47493	**
TC_370	LT934125.1	+	UL40-L12	1	47567	49647	47567	49647	47567	49647	47567	47567	49647	49647	TRUE	NAGATA	47552	47582	11	1500.14627	47568	***
TC_371	LT934125.1	+	UL40-L10	1	47642	49647	47642	49647	47642	49647	47642	47642	49647	49647	TRUE	NAGATA	47600	47652	9	2730.188511	47627	***
TC_371	LT934125.1	+	UL40-L11	1	47628	49647	47628	49647	47628	49647	47628	47628	49647	49647	TRUE	NAGATA	47600	47652	9	2730.188511	47627	***
TC_372	LT934125.1	+	UL40-L7	1	47785	49647	47785	49647	47785	49647	47785	47785	49647	49647	TRUE	NAGATA	47667	47804	17	3876.237256	47722	***
TC_372	LT934125.1	+	UL40-L8	1	47699	49647	47699	49647	47699	49647	47699	47699	49647	49647	TRUE	NAGATA	47667	47804	17	3876.237256	47722	***
TC_374	LT934125.1	+	UL40-L6	1	47872	49647	47872	49647	47872	49647	47872	47872	49647	49647	TRUE	NAGATA	47856	47900	8	498.829254	47872	**
TC_375	LT934125.1	+	UL40-L5	1	47933	49647	47933	49647	47933	49647	47933	47933	49647	49647	TRUE	NAGATA	47923	47949	3	3354.774126	47937	**
TC_376	LT934125.1	+	UL40-L4	1	48069	49647	48069	49647	48069	49647	48069	48069	49647	49647	TRUE	NAGATA	47982	48134	13	2212.404135	48066	***
TC_378	LT934125.1	+	UL40-L3	1	48294	49647	48294	49647	48294	49647	48294	48294	49647	49647	TRUE	NAGATA	48269	48387	15	5686.513208	48330	***
TC_379	LT934125.1	+	UL40-L1	1	48455	49647	48455	49647	48455	49647	48455	48455	49647	49647	TRUE	NAGATA	48396	48544	15	4201.847205	48477	***
TC_379	LT934125.1	+	UL40-L2	1	48412	49647	48412	49647	48412	49647	48412	48412	49647	49647	TRUE	NAGATA	48396	48544	15	4201.847205	48477	***
TC_379	LT934125.1	+	UL40-S	1	48505	49647	48505	49647	48505	49647	48505	48505	49647	49647	TRUE	NAGATA	48396	48544	15	4201.847205	48477	***
TC_380	LT934125.1	+	UL40	1	48567	49647	48567	49647	48567	49647	48567	48567	49647	49647	TRUE	NAGATA	48546	48581	27	946287.285755	48567	***
TC_383	LT934125.1	+	UL40.2	1	48691	49647	48691	49647	48691	49647	48691	48691	49647	49647	TRUE	NAGATA	48671	48736	9	1911.378574	48691	***
TC_384	LT934125.1	+	UL40.3	1	48726	49647	48726	49647	48726	49647	48726	48726	49647	49647	TRUE	NAGATA	48716	48736	4	1588.281289	48726	**
TC_385	LT934125.1	+	UL40.3-S	1	48803	49647	48803	49647	48803	49647	48803	48803	49647	49647	TRUE	NAGATA	48751	48804	9	1858.811782	48783	***
TC_387	LT934125.1	+	UL40.3-S2	1	48931	49647	48931	49647	48931	49647	48931	48931	49647	49647	TRUE	NAGATA	48894	49064	19	13930.536655	48957	***
TC_387	LT934125.1	+	UL40.3-S3	1	48957	49647	48957	49647	48957	49647	48957	48957	49647	49647	TRUE	NAGATA	48894	49064	19	13930.536655	48957	***
TC_389	LT934125.1	+	TRL40	1	49115	49647	49115	49647	49115	49647	49115	49115	49647	49647	TRUE	NAGATA	49072	49170	17	14410.437569	49119	***
TC_390	LT934125.1	+	UL40.6	1	49196	49647	49196	49647	49196	49647	49196	49196	49647	49647	TRUE	NAGATA	49165	49241	17	5013.180903	49204	***
TC_391	LT934125.1	+	UL40.6-S	1	49263	49647	49263	49647	49263	49647	49263	49263	49647	49647	TRUE	NAGATA	49236	49366	15	3753.22657	49285	***
TC_4	LT934125.1	+	ORF-1L1-S	1	779	2273	779	2273	779	2273	779	779	2273	2273	TRUE	NAGATA	761	792	17	9398.743438	779	***
TC_414	LT934125.1	+	UL42-L1	1	51148	52437	51148	52437	51148	52437	51148	51148	52437	52437	TRUE	NAGATA	51137	51162	15	5909.531046	51148	***
TC_414	LT934125.1	+	UL42L-43	1	51148	53594	51148	53594	51148	53594	51148	51148	53594	53594	TRUE	NAGATA	51137	51162	15	5909.531046	51148	***
TC_414	LT934125.1	+	UL42L-43-44	1	51148	55161	51148	55161	51148	55161	51148	51148	55161	55161	TRUE	NAGATA	51137	51162	15	5909.531046	51148	***
TC_415	LT934125.1	+	UL42	1	51235	52437	51235	52437	51235	52437	51235	51235	52437	52437	TRUE	NAGATA	51210	51258	24	207822.4317	51234	***
TC_415	LT934125.1	+	UL42-43-44	1	51235	55161	51235	55161	51235	55161	51235	51235	55161	55161	TRUE	NAGATA	51210	51258	24	207822.4317	51234	***
TC_417	LT934125.1	+	UL42.3	1	51495	52437	51495	52437	51495	52437	51495	51495	52437	52437	TRUE	NAGATA	51470	51609	15	3307.886988	51517	***
TC_417	LT934125.1	+	UL43-L3	1	51495	53594	51495	53594	51495	53594	51495	51495	53594	53594	TRUE	NAGATA	51470	51609	15	3307.886988	51517	***
TC_423	LT934125.1	+	UL42.5	1	52121	52437	52121	52437	52121	52437	52121	52121	52437	52437	TRUE	NAGATA	52109	52138	2	94.843951	52124	*
TC_423	LT934125.1	+	UL43-L2	1	52121	53594	52121	53594	52121	53594	52121	52121	53594	53594	TRUE	NAGATA	52109	52138	2	94.843951	52124	*
TC_424	LT934125.1	+	UL42.5-S	1	52306	52437	52306	52437	52306	52437	52306	52306	52437	52437	TRUE	NAGATA	52160	52323	11	11043.987324	52215	***
TC_424	LT934125.1	+	UL43-L	1	52306	53594	52306	53594	52306	53594	52306	52306	53594	53594	TRUE	NAGATA	52160	52323	11	11043.987324	52215	***
TC_425	LT934125.1	+	UL43	1	52444	53594	52444	53594	52444	53594	52444	52444	53594	53594	TRUE	NAGATA	52425	52474	27	315529.525521	52459	***
TC_425	LT934125.1	+	UL43-44	1	52460	55161	52460	55161	52460	55161	52460	52460	55161	55161	TRUE	NAGATA	52425	52474	27	315529.525521	52459	***
TC_425	LT934125.1	+	UL43-S	1	52460	53594	52460	53594	52460	53594	52460	52460	53594	53594	TRUE	NAGATA	52425	52474	27	315529.525521	52459	***
TC_427	LT934125.1	+	UL43.6	1	52649	53594	52649	53594	52649	53594	52649	52649	53594	53594	TRUE	NAGATA	52606	52659	4	256.719274	52636	**
TC_427	LT934125.1	+	UL44-L6	1	52649	55161	52649	55161	52649	55161	52649	52649	55161	55161	TRUE	NAGATA	52606	52659	4	256.719274	52636	**
TC_429	LT934125.1	+	UL43.9	1	52789	53594	52789	53594	52789	53594	52789	52789	53594	53594	TRUE	NAGATA	52784	52861	8	1468.144466	52824	***
TC_429	LT934125.1	+	UL43.9-S	1	52806	53594	52806	53594	52806	53594	52806	52806	53594	53594	TRUE	NAGATA	52784	52861	8	1468.144466	52824	***
TC_429	LT934125.1	+	UL44-L4	1	52806	55161	52806	55161	52806	55161	52806	52806	55161	55161	TRUE	NAGATA	52784	52861	8	1468.144466	52824	***
TC_429	LT934125.1	+	UL44-L5	1	52789	55161	52789	55161	52789	55161	52789	52789	55161	55161	TRUE	NAGATA	52784	52861	8	1468.144466	52824	***
TC_436	LT934125.1	+	UL43.13	1	53421	53594	53421	53594	53421	53594	53421	53421	53594	53594	TRUE	NAGATA	53356	53483	15	5228.609166	53406	***
TC_436	LT934125.1	+	UL44-L3	1	53421	55161	53421	55161	53421	55161	53421	53421	55161	55161	TRUE	NAGATA	53356	53483	15	5228.609166	53406	***
TC_439	LT934125.1	+	UL44	1	53648	55161	53648	55161	53648	55161	53648	53648	55161	55161	TRUE	NAGATA	53630	53662	19	91643.372063	53648	***
TC_439	LT934125.1	+	UL44-AT	1	53648	55271	53648	55271	53648	55271	53648	53648	55271	55271	TRUE	NAGATA	53630	53662	19	91643.372063	53648	***
TC_440	LT934125.1	+	UL44.4	1	53736	55161	53736	55161	53736	55161	53736	53736	55161	55161	TRUE	NAGATA	53686	53782	13	1258.46835	53742	***
TC_441	LT934125.1	+	UL44.4-S	1	53863	55161	53863	55161	53863	55161	53863	53863	55161	55161	TRUE	NAGATA	53788	53971	15	3825.327065	53896	***
TC_441	LT934125.1	+	UL44.4-S2	1	53910	55161	53910	55161	53910	55161	53910	53910	55161	55161	TRUE	NAGATA	53788	53971	15	3825.327065	53896	***
TC_441	LT934125.1	+	UL44.4-S2-AT	1	53910	55271	53910	55271	53910	55271	53910	53910	55271	55271	TRUE	NAGATA	53788	53971	15	3825.327065	53896	***
TC_441	LT934125.1	+	UL44.4-S3	1	53934	55161	53934	55161	53934	55161	53934	53934	55161	55161	TRUE	NAGATA	53788	53971	15	3825.327065	53896	***
TC_441	LT934125.1	+	UL44.4-S4	1	53971	55161	53971	55161	53971	55161	53971	53971	55161	55161	TRUE	NAGATA	53788	53971	15	3825.327065	53896	***
TC_442	LT934125.1	+	UL44.4-S5	1	53996	55161	53996	55161	53996	55161	53996	53996	55161	55161	TRUE	NAGATA	53977	54019	10	904.618356	53997	**
TC_442	LT934125.1	+	UL44.4-S5-AT	1	53996	55271	53996	55271	53996	55271	53996	53996	55271	55271	TRUE	NAGATA	53977	54019	10	904.618356	53997	**
TC_443	LT934125.1	+	UL44.4-S6	1	54053	55161	54053	55161	54053	55161	54053	54053	55161	55161	TRUE	NAGATA	54029	54063	4	110.586925	54049	*
TC_446	LT934125.1	+	UL44.4-S8	1	54209	55161	54209	55161	54209	55161	54209	54209	55161	55161	TRUE	NAGATA	54172	54276	12	1253.029191	54232	***
TC_446	LT934125.1	+	UL44.4-S9	1	54245	55161	54245	55161	54245	55161	54245	54245	55161	55161	TRUE	NAGATA	54172	54276	12	1253.029191	54232	***
TC_446	LT934125.1	+	UL44.4-S9-AT	1	54245	55271	54245	55271	54245	55271	54245	54245	55271	55271	TRUE	NAGATA	54172	54276	12	1253.029191	54232	***
TC_447	LT934125.1	+	UL44.4-S10	1	54290	55161	54290	55161	54290	55161	54290	54290	55161	55161	TRUE	NAGATA	54288	54467	16	3808.507751	54365	***
TC_447	LT934125.1	+	UL44.4-S11	1	54306	55161	54306	55161	54306	55161	54306	54306	55161	55161	TRUE	NAGATA	54288	54467	16	3808.507751	54365	***
TC_447	LT934125.1	+	UL44.4-S12	1	54337	55161	54337	55161	54337	55161	54337	54337	55161	55161	TRUE	NAGATA	54288	54467	16	3808.507751	54365	***
TC_447	LT934125.1	+	UL44.4-S13	1	54366	55161	54366	55161	54366	55161	54366	54366	55161	55161	TRUE	NAGATA	54288	54467	16	3808.507751	54365	***
TC_447	LT934125.1	+	UL44.4-S14	1	54421	55161	54421	55161	54421	55161	54421	54421	55161	55161	TRUE	NAGATA	54288	54467	16	3808.507751	54365	***
TC_448	LT934125.1	+	UL44.4-S15	1	54454	55161	54454	55161	54454	55161	54454	54454	55161	55161	TRUE	NAGATA	54454	54487	15	3500.359565	54474	***
TC_448	LT934125.1	+	UL44.4-S16	1	54475	55161	54475	55161	54475	55161	54475	54475	55161	55161	TRUE	NAGATA	54454	54487	15	3500.359565	54474	***
TC_449	LT934125.1	+	UL44.4-S19	1	54561	55161	54561	55161	54561	55161	54561	54561	55161	55161	TRUE	NAGATA	54530	54573	11	1131.143867	54551	***
TC_451	LT934125.1	+	UL44.4-S20	1	54723	55161	54723	55161	54723	55161	54723	54723	55161	55161	TRUE	NAGATA	54640	54909	17	6631.319547	54734	***
TC_451	LT934125.1	+	UL44.4-S21	1	54834	55161	54834	55161	54834	55161	54834	54834	55161	55161	TRUE	NAGATA	54640	54909	17	6631.319547	54734	***
TC_451	LT934125.1	+	UL44.4-S22	1	54901	55161	54901	55161	54901	55161	54901	54901	55161	55161	TRUE	NAGATA	54640	54909	17	6631.319547	54734	***
TC_452	LT934125.1	+	UL44.4-S23	1	54960	55161	54960	55161	54960	55161	54960	54960	55161	55161	TRUE	NAGATA	54916	54960	11	1928.948617	54938	***
TC_488	LT934125.1	+	UL23-L4	1	58002	60251	58002	60251	58002	60251	58002	58002	60251	60251	TRUE	NAGATA	57992	58012	2	136.231132	58002	*
TC_492	LT934125.1	+	UL23-L3	1	58478	60251	58478	60251	58478	60251	58478	58478	60251	60251	TRUE	NAGATA	58456	58478	2	112.895102	58467	*
TC_494	LT934125.1	+	UL23-L2	1	58625	60251	58625	60251	58625	60251	58625	58625	60251	60251	TRUE	NAGATA	58615	58635	5	613.892538	58625	**
TC_494	LT934125.1	+	UL23L-22	1	58625	62340	58625	62340	58625	62340	58625	58625	62340	62340	TRUE	NAGATA	58615	58635	5	613.892538	58625	**
TC_500	LT934125.1	+	UL23	1	59068	60251	59068	60251	59068	60251	59068	59068	60251	60251	TRUE	NAGATA	59028	59087	26	493789.306565	59067	***
TC_500	LT934125.1	+	UL23-22	1	59068	62340	59068	62340	59068	62340	59068	59068	62340	62340	TRUE	NAGATA	59028	59087	26	493789.306565	59067	***
TC_500	LT934125.1	+	UL23-AT	1	59068	60354	59068	60354	59068	60354	59068	59068	60354	60354	TRUE	NAGATA	59028	59087	26	493789.306565	59067	***
TC_500	LT934125.1	+	UL23-L1	1	59044	60251	59044	60251	59044	60251	59044	59044	60251	60251	TRUE	NAGATA	59028	59087	26	493789.306565	59067	***
TC_504	LT934125.1	+	UL23.4	1	59287	60251	59287	60251	59287	60251	59287	59287	60251	60251	TRUE	NAGATA	59268	59351	12	1719.922286	59312	***
TC_505	LT934125.1	+	UL23.4-S	1	59412	60251	59412	60251	59412	60251	59412	59412	60251	60251	TRUE	NAGATA	59374	59439	9	1197.486783	59410	***
TC_509	LT934125.1	+	UL22-L	1	59793	62340	59793	62340	59793	62340	59793	59793	62340	62340	TRUE	NAGATA	59704	59826	17	5136.743475	59768	***
TC_509	LT934125.1	+	UL23.6	1	59793	60251	59793	60251	59793	60251	59793	59793	60251	60251	TRUE	NAGATA	59704	59826	17	5136.743475	59768	***
TC_514	LT934125.1	+	UL22	1	60234	62340	60234	62340	60234	62340	60234	60234	62340	62340	TRUE	NAGATA	60207	60270	21	33263.750767	60235	***
TC_514	LT934125.1	+	UL22-AT	1	60234	63051	60234	63051	60234	63051	60234	60234	63051	63051	TRUE	NAGATA	60207	60270	21	33263.750767	60235	***
TC_530	LT934125.1	+	UL22.5	1	61078	62340	61078	62340	61078	62340	61078	61078	62340	62340	TRUE	NAGATA	61063	61097	15	1695.908332	61076	***
TC_535	LT934125.1	+	UL22.8	1	61621	62340	61621	62340	61621	62340	61621	61621	62340	62340	TRUE	NAGATA	61579	61640	9	1180.024336	61613	***
TC_539	LT934125.1	+	UL22.11	1	62000	62340	62000	62340	62000	62340	62000	62000	62340	62340	TRUE	NAGATA	61914	62123	18	7682.261036	61976	***
TC_54	LT934125.1	+	UL51	1	7588	8523	7588	8523	7588	8523	7588	7588	8523	8523	TRUE	NAGATA	7574	7606	25	94970.303818	7589	***
TC_54	LT934125.1	+	UL51-50-49.5-49	1	7588	10426	7588	10426	7588	10426	7588	7588	10426	10426	TRUE	NAGATA	7574	7606	25	94970.303818	7589	***
TC_540	LT934125.1	+	UL22.13	1	62144	62340	62144	62340	62144	62340	62144	62144	62340	62340	TRUE	NAGATA	62128	62167	10	2216.156811	62148	***
TC_543	LT934125.1	+	nc-CTO-S	1	63176	63421	63176	63421	63176	63421	63176	63176	63421	63421	TRUE	NAGATA	63173	63193	1	31.95705	63183	*
TC_562	LT934125.1	+	UL20	1	65806	66392	65806	66392	65806	66392	65806	65806	66392	66392	TRUE	NAGATA	65792	65825	20	16096.015251	65806	***
TC_562	LT934125.1	+	UL20-19	1	65806	70521	65806	70521	65806	70521	65806	65806	70521	70521	TRUE	NAGATA	65792	65825	20	16096.015251	65806	***
TC_565	LT934125.1	+	UL19	1	66338	70521	66338	70521	66338	70521	66338	66338	70521	70521	TRUE	NAGATA	66325	66357	22	64689.821685	66338	***
TC_565	LT934125.1	+	UL19-18	1	66338	71544	66338	71544	66338	71544	66338	66338	71544	71544	TRUE	NAGATA	66325	66357	22	64689.821685	66338	***
TC_57	LT934125.1	+	UL51.5	1	7811	8523	7811	8523	7811	8523	7811	7811	8523	8523	TRUE	NAGATA	7799	7824	17	6078.730958	7811	***
TC_571	LT934125.1	+	UL18-L17	1	66753	71544	66753	71544	66753	71544	66753	66753	71544	71544	TRUE	NAGATA	66739	66768	2	640.156522	66754	*
TC_574	LT934125.1	+	UL19.11	1	66959	70521	66959	70521	66959	70521	66959	66959	70521	70521	TRUE	NAGATA	66874	66966	4	733.973075	66907	**
TC_581	LT934125.1	+	UL19.12	1	67406	70521	67406	70521	67406	70521	67406	67406	70521	70521	TRUE	NAGATA	67396	67427	2	45.115002	67412	*
TC_583	LT934125.1	+	UL19.12-S	1	67505	70521	67505	70521	67505	70521	67505	67505	70521	70521	TRUE	NAGATA	67501	67521	1	667.111408	67511	*
TC_586	LT934125.1	+	UL19.16	1	67731	70521	67731	70521	67731	70521	67731	67731	70521	70521	TRUE	NAGATA	67721	67785	7	1213.19118	67753	***
TC_589	LT934125.1	+	UL19.18	1	68001	70521	68001	70521	68001	70521	68001	68001	70521	70521	TRUE	NAGATA	67981	68001	1	16.018307	67991	*
TC_590	LT934125.1	+	UL19.19	1	68058	70521	68058	70521	68058	70521	68058	68058	70521	70521	TRUE	NAGATA	68045	68072	3	652.518556	68059	**
TC_591	LT934125.1	+	UL19.19-S	1	68121	70521	68121	70521	68121	70521	68121	68121	70521	70521	TRUE	NAGATA	68080	68161	10	2190.007174	68120	***
TC_594	LT934125.1	+	UL19.20	1	68267	70521	68267	70521	68267	70521	68267	68267	70521	70521	TRUE	NAGATA	68250	68285	3	179.800164	68268	**
TC_597	LT934125.1	+	UL19.22	1	68357	70521	68357	70521	68357	70521	68357	68357	70521	70521	TRUE	NAGATA	68354	68418	11	5040.110415	68376	***
TC_598	LT934125.1	+	UL18-L15	1	68667	71544	68667	71544	68667	71544	68667	68667	71544	71544	TRUE	NAGATA	68425	68677	16	2656.240682	68561	***
TC_598	LT934125.1	+	UL18-L16	1	68626	71544	68626	71544	68626	71544	68626	68626	71544	71544	TRUE	NAGATA	68425	68677	16	2656.240682	68561	***
TC_598	LT934125.1	+	UL19.24-S	1	68457	70521	68457	70521	68457	70521	68457	68457	70521	70521	TRUE	NAGATA	68425	68677	16	2656.240682	68561	***
TC_598	LT934125.1	+	UL19.24-S2	1	68536	70521	68536	70521	68536	70521	68536	68536	70521	70521	TRUE	NAGATA	68425	68677	16	2656.240682	68561	***
TC_598	LT934125.1	+	UL19.25	1	68667	70521	68667	70521	68667	70521	68667	68667	70521	70521	TRUE	NAGATA	68425	68677	16	2656.240682	68561	***
TC_6	LT934125.1	+	ORF-1M2	1	990	2273	990	2273	990	2273	990	990	2273	2273	TRUE	NAGATA	966	1004	22	59905.490321	990	***
TC_600	LT934125.1	+	UL19.25-S	1	68783	70521	68783	70521	68783	70521	68783	68783	70521	70521	TRUE	NAGATA	68717	68814	9	2257.718107	68769	***
TC_601	LT934125.1	+	UL18-L14	1	68873	71544	68873	71544	68873	71544	68873	68873	71544	71544	TRUE	NAGATA	68827	68891	10	850.675852	68866	**
TC_603	LT934125.1	+	UL19.29	1	69032	70521	69032	70521	69032	70521	69032	69032	70521	70521	TRUE	NAGATA	68959	69112	14	1556.919687	69055	***
TC_604	LT934125.1	+	UL19.30	1	69182	70521	69182	70521	69182	70521	69182	69182	70521	70521	TRUE	NAGATA	69146	69195	13	4832.148752	69162	***
TC_605	LT934125.1	+	UL18-L13	1	69244	71544	69244	71544	69244	71544	69244	69244	71544	71544	TRUE	NAGATA	69223	69262	16	13517.987988	69242	***
TC_605	LT934125.1	+	UL19.31	1	69259	70521	69259	70521	69259	70521	69259	69259	70521	70521	TRUE	NAGATA	69223	69262	16	13517.987988	69242	***
TC_606	LT934125.1	+	UL19.31-S	1	69311	70521	69311	70521	69311	70521	69311	69311	70521	70521	TRUE	NAGATA	69278	69350	9	3410.030493	69303	***
TC_607	LT934125.1	+	UL19.32	1	69393	70521	69393	70521	69393	70521	69393	69393	70521	70521	TRUE	NAGATA	69368	69443	9	1969.884202	69407	***
TC_608	LT934125.1	+	UL18-L10	1	69555	71544	69555	71544	69555	71544	69555	69555	71544	71544	TRUE	NAGATA	69451	69577	15	1938.89013	69514	***
TC_608	LT934125.1	+	UL18-L11	1	69530	71544	69530	71544	69530	71544	69530	69530	71544	71544	TRUE	NAGATA	69451	69577	15	1938.89013	69514	***
TC_608	LT934125.1	+	UL18-L12	1	69488	71544	69488	71544	69488	71544	69488	69488	71544	71544	TRUE	NAGATA	69451	69577	15	1938.89013	69514	***
TC_608	LT934125.1	+	UL19.33	1	69488	70521	69488	70521	69488	70521	69488	69488	70521	70521	TRUE	NAGATA	69451	69577	15	1938.89013	69514	***
TC_608	LT934125.1	+	UL19.35	1	69555	70521	69555	70521	69555	70521	69555	69555	70521	70521	TRUE	NAGATA	69451	69577	15	1938.89013	69514	***
TC_609	LT934125.1	+	UL18-L9	1	69611	71544	69611	71544	69611	71544	69611	69611	71544	71544	TRUE	NAGATA	69585	69636	10	543.77684	69609	**
TC_610	LT934125.1	+	UL18-L7	1	69713	71544	69713	71544	69713	71544	69713	69713	71544	71544	TRUE	NAGATA	69650	69744	16	3103.378715	69681	***
TC_610	LT934125.1	+	UL18-L8	1	69671	71544	69671	71544	69671	71544	69671	69671	71544	71544	TRUE	NAGATA	69650	69744	16	3103.378715	69681	***
TC_610	LT934125.1	+	UL19.35-S	1	69671	70521	69671	70521	69671	70521	69671	69671	70521	70521	TRUE	NAGATA	69650	69744	16	3103.378715	69681	***
TC_611	LT934125.1	+	UL18-L6	1	69765	71544	69765	71544	69765	71544	69765	69765	71544	71544	TRUE	NAGATA	69752	69797	19	18108.113262	69766	***
TC_611	LT934125.1	+	UL19.37	1	69765	70521	69765	70521	69765	70521	69765	69765	70521	70521	TRUE	NAGATA	69752	69797	19	18108.113262	69766	***
TC_612	LT934125.1	+	UL19.38	1	69821	70521	69821	70521	69821	70521	69821	69821	70521	70521	TRUE	NAGATA	69802	69855	3	298.145099	69826	**
TC_613	LT934125.1	+	UL18-L5	1	69947	71544	69947	71544	69947	71544	69947	69947	71544	71544	TRUE	NAGATA	69864	69963	14	1563.290036	69921	***
TC_613	LT934125.1	+	UL19.38-S	1	69947	70521	69947	70521	69947	70521	69947	69947	70521	70521	TRUE	NAGATA	69864	69963	14	1563.290036	69921	***
TC_614	LT934125.1	+	UL18-L4	1	70012	71544	70012	71544	70012	71544	70012	70012	71544	71544	TRUE	NAGATA	69984	70067	12	2963.656349	70019	***
TC_615	LT934125.1	+	UL18-L3	1	70090	71544	70090	71544	70090	71544	70090	70090	71544	71544	TRUE	NAGATA	70069	70106	18	15660.822497	70090	***
TC_616	LT934125.1	+	UL18-L2	1	70132	71544	70132	71544	70132	71544	70132	70132	71544	71544	TRUE	NAGATA	70114	70170	10	1448.901454	70137	***
TC_616	LT934125.1	+	nc-UL19	1	70132	70521	70132	70521	70132	70521	70132	70132	70521	70521	TRUE	NAGATA	70114	70170	10	1448.901454	70137	***
TC_618	LT934125.1	+	UL18-L	1	70311	71544	70311	71544	70311	71544	70311	70311	71544	71544	TRUE	NAGATA	70301	70346	12	1382.970972	70316	***
TC_618	LT934125.1	+	nc-UL19-S	1	70311	70521	70311	70521	70311	70521	70311	70311	70521	70521	TRUE	NAGATA	70301	70346	12	1382.970972	70316	***
TC_620	LT934125.1	+	UL18	1	70529	71544	70529	71544	70529	71544	70529	70529	71544	71544	TRUE	NAGATA	70512	70545	26	757953.032798	70531	***
TC_620	LT934125.1	+	UL18-17-16	1	70529	75645	70529	75645	70529	75645	70529	70529	75645	75645	TRUE	NAGATA	70512	70545	26	757953.032798	70531	***
TC_620	LT934125.1	+	UL18-AT	1	70529	71518	70529	71518	70529	71518	70529	70529	71518	71518	TRUE	NAGATA	70512	70545	26	757953.032798	70531	***
TC_627	LT934125.1	+	UL18.5	1	71035	71544	71035	71544	71035	71544	71035	71035	71544	71544	TRUE	NAGATA	70953	71053	11	1858.456721	71007	***
TC_643	LT934125.1	+	UL17L-16	1	72652	75645	72652	75645	72652	75645	72652	72652	75645	75645	TRUE	NAGATA	72639	72659	2	58.935131	72649	*
TC_645	LT934125.1	+	UL17-16	1	72759	75645	72759	75645	72759	75645	72759	72759	75645	75645	TRUE	NAGATA	72748	72774	15	7522.695924	72759	***
TC_65	LT934125.1	+	UL50-49.5-49-L	1	8352	10426	8352	10426	8352	10426	8352	8352	10426	10426	TRUE	NAGATA	8314	8356	4	2998.713851	8340	**
TC_668	LT934125.1	+	UL16-L	1	74327	75645	74327	75645	74327	75645	74327	74327	75645	75645	TRUE	NAGATA	74316	74345	2	557.770175	74330	*
TC_669	LT934125.1	+	UL16	1	74400	75645	74400	75645	74400	75645	74400	74400	75645	75645	TRUE	NAGATA	74386	74418	25	330108.064596	74401	***
TC_676	LT934125.1	+	UL16.2	1	75139	75645	75139	75645	75139	75645	75139	75139	75645	75645	TRUE	NAGATA	75098	75165	14	2015.104991	75143	***
TC_676	LT934125.1	+	UL16.2-S	1	75154	75645	75154	75645	75154	75645	75154	75154	75645	75645	TRUE	NAGATA	75098	75165	14	2015.104991	75143	***
TC_679	LT934125.1	+	UL16.2-S2	1	75311	75645	75311	75645	75311	75645	75311	75311	75645	75645	TRUE	NAGATA	75278	75394	15	5955.845102	75355	***
TC_684	LT934125.1	+	UL14-13-12-11	1	76683	79996	76683	79996	76683	79996	76683	76683	79996	79996	TRUE	NAGATA	76664	76699	18	23558.725469	76683	***
TC_688	LT934125.1	+	UL13-12-11	1	76990	79996	76990	79996	76990	79996	76990	76990	79996	79996	TRUE	NAGATA	76980	77003	19	15612.180909	76990	***
TC_701	LT934125.1	+	UL12-11	1	78035	79996	78035	79996	78035	79996	78035	78035	79996	79996	TRUE	NAGATA	78025	78072	22	48534.787222	78042	***
TC_704	LT934125.1	+	UL12S-11	1	78278	79996	78278	79996	78278	79996	78278	78278	79996	79996	TRUE	NAGATA	78244	78310	4	163.443532	78274	**
TC_705	LT934125.1	+	UL12S2-11	1	78329	79996	78329	79996	78329	79996	78329	78329	79996	79996	TRUE	NAGATA	78319	78342	2	77.726152	78330	*
TC_71	LT934125.1	+	UL49.5L-49	1	8899	10426	8899	10426	8899	10426	8899	8899	10426	10426	TRUE	NAGATA	8867	8914	5	322.420625	8889	**
TC_714	LT934125.1	+	UL-11-L6	1	78825	79996	78825	79996	78825	79996	78825	78825	79996	79996	TRUE	NAGATA	78804	78855	12	811.909888	78828	**
TC_717	LT934125.1	+	UL-11-L3	1	79062	79996	79062	79996	79062	79996	79062	79062	79996	79996	TRUE	NAGATA	78959	79080	13	1727.840444	79008	***
TC_717	LT934125.1	+	UL-11-L4	1	79024	79996	79024	79996	79024	79996	79024	79024	79996	79996	TRUE	NAGATA	78959	79080	13	1727.840444	79008	***
TC_717	LT934125.1	+	UL-11-L5	1	78969	79996	78969	79996	78969	79996	78969	78969	79996	79996	TRUE	NAGATA	78959	79080	13	1727.840444	79008	***
TC_718	LT934125.1	+	UL-11-L7	1	79143	79996	79143	79996	79143	79996	79143	79143	79996	79996	TRUE	NAGATA	79116	79174	10	1831.752334	79144	***
TC_720	LT934125.1	+	UL-11-L2	1	79315	79996	79315	79996	79315	79996	79315	79315	79996	79996	TRUE	NAGATA	79297	79353	8	550.453026	79322	**
TC_722	LT934125.1	+	UL11	1	79444	79996	79444	79996	79444	79996	79444	79444	79996	79996	TRUE	NAGATA	79418	79475	27	560505.949632	79444	***
TC_723	LT934125.1	+	UL-11-S	1	79517	79996	79517	79996	79517	79996	79517	79517	79996	79996	TRUE	NAGATA	79499	79543	11	2519.639681	79520	***
TC_725	LT934125.1	+	UL11.5	1	79789	79996	79789	79996	79789	79996	79789	79789	79996	79996	TRUE	NAGATA	79757	79817	12	7882.900949	79781	***
TC_733	LT934125.1	+	UL9L-8	1	81082	86167	81082	86167	81082	86167	81082	81082	86167	86167	TRUE	NAGATA	81071	81094	13	5942.854256	81082	***
TC_75	LT934125.1	+	UL49.5-49-48-47-46	1	9113	16224	9113	16224	9113	16224	9113	9113	16224	16224	TRUE	NAGATA	9088	9125	17	61314.438365	9113	***
TC_756	LT934125.1	+	UL8-L	1	83792	86167	83792	86167	83792	86167	83792	83792	86167	86167	TRUE	NAGATA	83779	83804	9	1532.324463	83791	***
TC_757	LT934125.1	+	UL8	1	83975	86167	83975	86167	83975	86167	83975	83975	86167	86167	TRUE	NAGATA	83965	83994	19	15707.524272	83976	***
TC_77	LT934125.1	+	UL49.5-49	1	9208	10426	9208	10426	9208	10426	9208	9208	10426	10426	TRUE	NAGATA	9196	9218	5	174.283452	9208	**
TC_774	LT934125.1	+	UL8.5	1	85104	86167	85104	86167	85104	86167	85104	85104	86167	86167	TRUE	NAGATA	85034	85122	7	1683.167306	85085	***
TC_78	LT934125.1	+	UL49.5-S-49	1	9270	10426	9270	10426	9270	10426	9270	9270	10426	10426	TRUE	NAGATA	9256	9284	26	416468.174422	9270	***
TC_780	LT934125.1	+	UL8.5-S2	1	85676	86167	85676	86167	85676	86167	85676	85676	86167	86167	TRUE	NAGATA	85666	85743	8	311.077887	85700	**
TC_79	LT934125.1	+	UL49-L3	1	9338	10426	9338	10426	9338	10426	9338	9338	10426	10426	TRUE	NAGATA	9304	9348	3	1319.763363	9324	**
TC_796	LT934125.1	+	UL5L2-4	1	88155	92059	88155	92059	88155	92059	88155	88155	92059	92059	TRUE	NAGATA	88145	88172	4	406.915091	88157	**
TC_80	LT934125.1	+	UL49-L2	1	9412	10426	9412	10426	9412	10426	9412	9412	10426	10426	TRUE	NAGATA	9402	9422	3	131.813532	9412	*
TC_800	LT934125.1	+	UL5	1	88883	91559	88883	91559	88883	91559	88883	88883	91559	91559	TRUE	NAGATA	88873	88902	18	9487.461955	88885	***
TC_800	LT934125.1	+	UL5-4	1	88883	92059	88883	92059	88883	92059	88883	88883	92059	92059	TRUE	NAGATA	88873	88902	18	9487.461955	88885	***
TC_803	LT934125.1	+	UL5-4-M	1	89133	92059	89133	92059	89133	92059	89133	89133	92059	92059	TRUE	NAGATA	89088	89167	9	1663.634601	89133	***
TC_803	LT934125.1	+	UL5.3	1	89133	91559	89133	91559	89133	91559	89133	89133	91559	91559	TRUE	NAGATA	89088	89167	9	1663.634601	89133	***
TC_815	LT934125.1	+	UL4-L5	1	89883	92059	89883	92059	89883	92059	89883	89883	92059	92059	TRUE	NAGATA	89866	89902	11	2041.452987	89883	***
TC_815	LT934125.1	+	UL5.5	1	89883	91559	89883	91559	89883	91559	89883	89883	91559	91559	TRUE	NAGATA	89866	89902	11	2041.452987	89883	***
TC_82	LT934125.1	+	UL49-L	1	9548	10426	9548	10426	9548	10426	9548	9548	10426	10426	TRUE	NAGATA	9535	9569	21	36837.724989	9549	***
TC_822	LT934125.1	+	UL4-L4	1	90249	92059	90249	92059	90249	92059	90249	90249	92059	92059	TRUE	NAGATA	90223	90279	7	952.168701	90246	**
TC_822	LT934125.1	+	UL5.6	1	90249	91559	90249	91559	90249	91559	90249	90249	91559	91559	TRUE	NAGATA	90223	90279	7	952.168701	90246	**
TC_824	LT934125.1	+	UL5-4-S	1	90381	92059	90381	92059	90381	92059	90381	90381	92059	92059	TRUE	NAGATA	90352	90400	14	1642.816942	90380	***
TC_83	LT934125.1	+	UL49	1	9646	10426	9646	10426	9646	10426	9646	9646	10426	10426	TRUE	NAGATA	9628	9667	22	117519.981294	9645	***
TC_833	LT934125.1	+	UL4-L3	1	90932	92059	90932	92059	90932	92059	90932	90932	92059	92059	TRUE	NAGATA	90898	91005	7	672.995315	90938	**
TC_836	LT934125.1	+	UL4-L2	1	91154	92059	91154	92059	91154	92059	91154	91154	92059	92059	TRUE	NAGATA	91102	91164	8	4733.23763	91146	***
TC_84	LT934125.1	+	UL49.1	1	9699	10426	9699	10426	9699	10426	9699	9699	10426	10426	TRUE	NAGATA	9679	9755	12	5074.227319	9707	***
TC_840	LT934125.1	+	UL4-L	1	91360	92059	91360	92059	91360	92059	91360	91360	92059	92059	TRUE	NAGATA	91340	91393	16	9714.275902	91361	***
TC_841	LT934125.1	+	UL4	1	91409	92059	91409	92059	91409	92059	91409	91409	92059	92059	TRUE	NAGATA	91395	91425	21	50169.911419	91409	***
TC_843	LT934125.1	+	UL4.2	1	91548	92059	91548	92059	91548	92059	91548	91548	92059	92059	TRUE	NAGATA	91528	91565	18	8170.799947	91548	***
TC_86	LT934125.1	+	UL49.1-S	1	9930	10426	9930	10426	9930	10426	9930	9930	10426	10426	TRUE	NAGATA	9901	10012	12	1377.538366	9944	***
TC_87	LT934125.1	+	UL49.1-S2	1	10075	10426	10075	10426	10075	10426	10075	10075	10426	10426	TRUE	NAGATA	10016	10187	20	11263.916202	10093	***
TC_87	LT934125.1	+	UL49.1-S3	1	10105	10426	10105	10426	10105	10426	10105	10105	10426	10426	TRUE	NAGATA	10016	10187	20	11263.916202	10093	***
TC_87	LT934125.1	+	UL49.1-S4	1	10135	10426	10135	10426	10135	10426	10135	10135	10426	10426	TRUE	NAGATA	10016	10187	20	11263.916202	10093	***
TC_87	LT934125.1	+	UL49.1-S5	1	10159	10426	10159	10426	10159	10426	10159	10159	10426	10426	TRUE	NAGATA	10016	10187	20	11263.916202	10093	***
TC_89	LT934125.1	+	UL49.1-S6	1	10252	10426	10252	10426	10252	10426	10252	10252	10426	10426	TRUE	NAGATA	10232	10293	14	2119.659916	10254	***
TC_909	LT934125.1	+	ELIE-2-L	1	101291	102393	101291	102393	101291	102393	101291	101291	102393	102393	TRUE	NAGATA	101280	101303	6	625.886318	101290	**
TC_91	LT934125.1	+	UL48-47-46	1	10431	16224	10431	16224	10431	16224	10431	10431	16224	16224	TRUE	NAGATA	10420	10448	18	12201.977273	10431	***
TC_91	LT934125.1	+	UL48-L-AT	1	10431	12084	10431	12084	10431	12084	10431	10431	12084	12084	TRUE	NAGATA	10420	10448	18	12201.977273	10431	***
TC_962	LT934125.1	+	NOIR-L3	1	107309	108830	107309	108830	107309	108830	107309	107309	108830	108830	TRUE	NAGATA	107294	107323	9	363.31387	107308	**
TC_965	LT934125.1	+	NOIR-1M	1	107483	108830	107483	108830	107483	108830	107483	107483	108830	108830	TRUE	NAGATA	107458	107504	19	31685.041315	107482	***
TC_965	LT934125.1	+	NOIR-1M-splice	1	107483	108830	107483	107615	107483	108830	107483	107483	108830	107615	FALSE	NAGATA	107458	107504	19	31685.041315	107482	***
TC_965	LT934125.1	+	NOIR-1M-splice	2	107483	108830	108460	108830	107483	108830	107483	108460	108830	108830	TRUE	NAGATA	107458	107504	19	31685.041315	107482	***
TC_967	LT934125.1	+	NOIR-1S	1	107615	108830	107615	108830	107615	108830	107615	107615	108830	108830	TRUE	NAGATA	107603	107626	11	1885.900822	107614	***
TC_971	LT934125.1	+	NOIR-1S2	1	107819	108830	107819	108830	107819	108830	107819	107819	108830	108830	TRUE	NAGATA	107806	107841	10	828.733165	107823	**
TC_975	LT934125.1	+	NOIR-1S4	1	108228	108830	108228	108830	108228	108830	108228	108228	108830	108830	TRUE	NAGATA	108145	108237	12	1396.300589	108175	***
