CAGE_TC_ID	seqnames	strand	transcript_id	exon_number	start.TR	end.TR	start.exon	end.exon	start	end	prime5.TR	prime5.ex	prime3.TR	prime3.ex	last_exon	source	TC.start	TC.end	support	score	consensus_peak	CAGE_TC_significance
	LT934125.1	+	ELIE-1	1	100549	102393	100549	102393	100549	102393	100549	100549	102393	102393	TRUE	NAGATA						
	LT934125.1	+	ELIE-2	1	101661	102393	101661	102393	101661	102393	101661	101661	102393	102393	TRUE	NAGATA						
	LT934125.1	+	NOIR-1S2	1	107819	108830	107819	108830	107819	108830	107819	107819	108830	108830	TRUE	NAGATA						
	LT934125.1	+	NOIR-1S3	1	108030	108830	108030	108830	108030	108830	108030	108030	108830	108830	TRUE	NAGATA						
	LT934125.1	+	NOIR1-L	1	105212	108830	105212	108830	105212	108830	105212	105212	108830	108830	TRUE	NAGATA						
	LT934125.1	+	ORF-1.5-S	1	1806	2273	1806	2273	1806	2273	1806	1806	2273	2273	TRUE	NAGATA						
	LT934125.1	+	ORF-1L1	1	419	2273	419	2273	419	2273	419	419	2273	2273	TRUE	NAGATA						
	LT934125.1	+	ORF-1L2	1	227	2273	227	2273	227	2273	227	227	2273	2273	TRUE	NAGATA						
	LT934125.1	+	UL-11-L2	1	79315	79996	79315	79996	79315	79996	79315	79315	79996	79996	TRUE	NAGATA						
	LT934125.1	+	UL-11-L4	1	79024	79996	79024	79996	79024	79996	79024	79024	79996	79996	TRUE	NAGATA						
	LT934125.1	+	UL-11-L5	1	78969	79996	78969	79996	78969	79996	78969	78969	79996	79996	TRUE	NAGATA						
	LT934125.1	+	UL-11-S	1	79517	79996	79517	79996	79517	79996	79517	79517	79996	79996	TRUE	NAGATA						
	LT934125.1	+	UL11.5	1	79789	79996	79789	79996	79789	79996	79789	79789	79996	79996	TRUE	NAGATA						
	LT934125.1	+	UL12S-11	1	78278	79996	78278	79996	78278	79996	78278	78278	79996	79996	TRUE	NAGATA						
	LT934125.1	+	UL12S2-11	1	78329	79996	78329	79996	78329	79996	78329	78329	79996	79996	TRUE	NAGATA						
	LT934125.1	+	UL14L-13-12	1	75675	79955	75675	79955	75675	79955	75675	75675	79955	79955	TRUE	NAGATA						
	LT934125.1	+	UL16-L	1	74327	75645	74327	75645	74327	75645	74327	74327	75645	75645	TRUE	NAGATA						
	LT934125.1	+	UL16.2	1	75139	75645	75139	75645	75139	75645	75139	75139	75645	75645	TRUE	NAGATA						
	LT934125.1	+	UL16.2-S	1	75154	75645	75154	75645	75154	75645	75154	75154	75645	75645	TRUE	NAGATA						
	LT934125.1	+	UL18-L	1	70311	71544	70311	71544	70311	71544	70311	70311	71544	71544	TRUE	NAGATA						
	LT934125.1	+	UL18-L10	1	69555	71544	69555	71544	69555	71544	69555	69555	71544	71544	TRUE	NAGATA						
	LT934125.1	+	UL18-L11	1	69530	71544	69530	71544	69530	71544	69530	69530	71544	71544	TRUE	NAGATA						
	LT934125.1	+	UL18-L12	1	69488	71544	69488	71544	69488	71544	69488	69488	71544	71544	TRUE	NAGATA						
	LT934125.1	+	UL18-L14	1	68873	71544	68873	71544	68873	71544	68873	68873	71544	71544	TRUE	NAGATA						
	LT934125.1	+	UL18-L16	1	68626	71544	68626	71544	68626	71544	68626	68626	71544	71544	TRUE	NAGATA						
	LT934125.1	+	UL18-L17	1	66753	71544	66753	71544	66753	71544	66753	66753	71544	71544	TRUE	NAGATA						
	LT934125.1	+	UL18-L4	1	70012	71544	70012	71544	70012	71544	70012	70012	71544	71544	TRUE	NAGATA						
	LT934125.1	+	UL18-L7	1	69713	71544	69713	71544	69713	71544	69713	69713	71544	71544	TRUE	NAGATA						
	LT934125.1	+	UL18.5	1	71035	71544	71035	71544	71035	71544	71035	71035	71544	71544	TRUE	NAGATA						
	LT934125.1	+	UL19.11	1	66959	70521	66959	70521	66959	70521	66959	66959	70521	70521	TRUE	NAGATA						
	LT934125.1	+	UL19.12	1	67406	70521	67406	70521	67406	70521	67406	67406	70521	70521	TRUE	NAGATA						
	LT934125.1	+	UL19.18	1	68001	70521	68001	70521	68001	70521	68001	68001	70521	70521	TRUE	NAGATA						
	LT934125.1	+	UL19.19-S	1	68121	70521	68121	70521	68121	70521	68121	68121	70521	70521	TRUE	NAGATA						
	LT934125.1	+	UL19.22	1	68357	70521	68357	70521	68357	70521	68357	68357	70521	70521	TRUE	NAGATA						
	LT934125.1	+	UL19.24-S2	1	68536	70521	68536	70521	68536	70521	68536	68536	70521	70521	TRUE	NAGATA						
	LT934125.1	+	UL19.27	1	68910	70521	68910	70521	68910	70521	68910	68910	70521	70521	TRUE	NAGATA						
	LT934125.1	+	UL19.29	1	69032	70521	69032	70521	69032	70521	69032	69032	70521	70521	TRUE	NAGATA						
	LT934125.1	+	UL19.30	1	69182	70521	69182	70521	69182	70521	69182	69182	70521	70521	TRUE	NAGATA						
	LT934125.1	+	UL19.31	1	69259	70521	69259	70521	69259	70521	69259	69259	70521	70521	TRUE	NAGATA						
	LT934125.1	+	UL19.31-S	1	69311	70521	69311	70521	69311	70521	69311	69311	70521	70521	TRUE	NAGATA						
	LT934125.1	+	UL19.32	1	69393	70521	69393	70521	69393	70521	69393	69393	70521	70521	TRUE	NAGATA						
	LT934125.1	+	UL19.33	1	69488	70521	69488	70521	69488	70521	69488	69488	70521	70521	TRUE	NAGATA						
	LT934125.1	+	UL19.35	1	69555	70521	69555	70521	69555	70521	69555	69555	70521	70521	TRUE	NAGATA						
	LT934125.1	+	UL19.38	1	69821	70521	69821	70521	69821	70521	69821	69821	70521	70521	TRUE	NAGATA						
	LT934125.1	+	UL1L-2-3-3.5	1	92069	95694	92069	95694	92069	95694	92069	92069	95694	95694	TRUE	NAGATA						
	LT934125.1	+	UL21-as	1	63850	65656	63850	65656	63850	65656	63850	63850	65656	65656	TRUE	NAGATA						
	LT934125.1	+	UL22.13	1	62144	62340	62144	62340	62144	62340	62144	62144	62340	62340	TRUE	NAGATA						
	LT934125.1	+	UL23-L1	1	59044	60251	59044	60251	59044	60251	59044	59044	60251	60251	TRUE	NAGATA						
	LT934125.1	+	UL23-L3	1	58478	60251	58478	60251	58478	60251	58478	58478	60251	60251	TRUE	NAGATA						
	LT934125.1	+	UL23-L4	1	58002	60251	58002	60251	58002	60251	58002	58002	60251	60251	TRUE	NAGATA						
	LT934125.1	+	UL23.4	1	59287	60251	59287	60251	59287	60251	59287	59287	60251	60251	TRUE	NAGATA						
	LT934125.1	+	UL33L3-34-35	1	29338	32415	29338	32415	29338	32415	29338	29338	32415	32415	TRUE	NAGATA						
	LT934125.1	+	UL34L-35	1	31042	32415	31042	32415	31042	32415	31042	31042	32415	32415	TRUE	NAGATA						
	LT934125.1	+	UL35-L3	1	31690	32415	31690	32415	31690	32415	31690	31690	32415	32415	TRUE	NAGATA						
	LT934125.1	+	UL35-L4	1	31474	32415	31474	32415	31474	32415	31474	31474	32415	32415	TRUE	NAGATA						
	LT934125.1	+	UL35-L5	1	31410	32415	31410	32415	31410	32415	31410	31410	32415	32415	TRUE	NAGATA						
	LT934125.1	+	UL37-38	1	39430	46038	39430	46038	39430	46038	39430	39430	46038	46038	TRUE	NAGATA						
	LT934125.1	+	UL38.5	1	45415	46038	45415	46038	45415	46038	45415	45415	46038	46038	TRUE	NAGATA						
	LT934125.1	+	UL38.6	1	45445	46038	45445	46038	45445	46038	45445	45445	46038	46038	TRUE	NAGATA						
	LT934125.1	+	UL38.6-S	1	45525	46038	45525	46038	45525	46038	45525	45525	46038	46038	TRUE	NAGATA						
	LT934125.1	+	UL39L-40	1	45911	49647	45911	49647	45911	49647	45911	45911	49647	49647	TRUE	NAGATA						
	LT934125.1	+	UL4-L2	1	91154	92059	91154	92059	91154	92059	91154	91154	92059	92059	TRUE	NAGATA						
	LT934125.1	+	UL4-L3	1	90932	92059	90932	92059	90932	92059	90932	90932	92059	92059	TRUE	NAGATA						
	LT934125.1	+	UL4-L4	1	90249	92059	90249	92059	90249	92059	90249	90249	92059	92059	TRUE	NAGATA						
	LT934125.1	+	UL40-L1	1	48455	49647	48455	49647	48455	49647	48455	48455	49647	49647	TRUE	NAGATA						
	LT934125.1	+	UL40-L11	1	47628	49647	47628	49647	47628	49647	47628	47628	49647	49647	TRUE	NAGATA						
	LT934125.1	+	UL40-L13	1	47521	49647	47521	49647	47521	49647	47521	47521	49647	49647	TRUE	NAGATA						
	LT934125.1	+	UL40-L14	1	47486	49647	47486	49647	47486	49647	47486	47486	49647	49647	TRUE	NAGATA						
	LT934125.1	+	UL40-L15	1	47411	49647	47411	49647	47411	49647	47411	47411	49647	49647	TRUE	NAGATA						
	LT934125.1	+	UL40-L17	1	47288	49647	47288	49647	47288	49647	47288	47288	49647	49647	TRUE	NAGATA						
	LT934125.1	+	UL40-L18	1	47203	49647	47203	49647	47203	49647	47203	47203	49647	49647	TRUE	NAGATA						
	LT934125.1	+	UL40-L20	1	47168	49647	47168	49647	47168	49647	47168	47168	49647	49647	TRUE	NAGATA						
	LT934125.1	+	UL40-L5	1	47933	49647	47933	49647	47933	49647	47933	47933	49647	49647	TRUE	NAGATA						
	LT934125.1	+	UL40-L7	1	47785	49647	47785	49647	47785	49647	47785	47785	49647	49647	TRUE	NAGATA						
	LT934125.1	+	UL40-L8	1	47699	49647	47699	49647	47699	49647	47699	47699	49647	49647	TRUE	NAGATA						
	LT934125.1	+	UL40-S	1	48505	49647	48505	49647	48505	49647	48505	48505	49647	49647	TRUE	NAGATA						
	LT934125.1	+	UL40.3	1	48726	49647	48726	49647	48726	49647	48726	48726	49647	49647	TRUE	NAGATA						
	LT934125.1	+	UL40.3-S3	1	48957	49647	48957	49647	48957	49647	48957	48957	49647	49647	TRUE	NAGATA						
	LT934125.1	+	UL41-42	1	49894	52437	49894	52437	49894	52437	49894	49894	52437	52437	TRUE	NAGATA						
	LT934125.1	+	UL42.3	1	51495	52437	51495	52437	51495	52437	51495	51495	52437	52437	TRUE	NAGATA						
	LT934125.1	+	UL43-L3	1	51495	53594	51495	53594	51495	53594	51495	51495	53594	53594	TRUE	NAGATA						
	LT934125.1	+	UL43.13	1	53421	53594	53421	53594	53421	53594	53421	53421	53594	53594	TRUE	NAGATA						
	LT934125.1	+	UL43.9	1	52789	53594	52789	53594	52789	53594	52789	52789	53594	53594	TRUE	NAGATA						
	LT934125.1	+	UL43.9-S	1	52806	53594	52806	53594	52806	53594	52806	52806	53594	53594	TRUE	NAGATA						
	LT934125.1	+	UL44-L3	1	53421	55161	53421	55161	53421	55161	53421	53421	55161	55161	TRUE	NAGATA						
	LT934125.1	+	UL44-L4	1	52806	55161	52806	55161	52806	55161	52806	52806	55161	55161	TRUE	NAGATA						
	LT934125.1	+	UL44-L5	1	52789	55161	52789	55161	52789	55161	52789	52789	55161	55161	TRUE	NAGATA						
	LT934125.1	+	UL44.4	1	53736	55161	53736	55161	53736	55161	53736	53736	55161	55161	TRUE	NAGATA						
	LT934125.1	+	UL44.4-S	1	53863	55161	53863	55161	53863	55161	53863	53863	55161	55161	TRUE	NAGATA						
	LT934125.1	+	UL44.4-S14	1	54421	55161	54421	55161	54421	55161	54421	54421	55161	55161	TRUE	NAGATA						
	LT934125.1	+	UL44.4-S15	1	54454	55161	54454	55161	54454	55161	54454	54454	55161	55161	TRUE	NAGATA						
	LT934125.1	+	UL44.4-S17	1	54497	55161	54497	55161	54497	55161	54497	54497	55161	55161	TRUE	NAGATA						
	LT934125.1	+	UL44.4-S18	1	54519	55161	54519	55161	54519	55161	54519	54519	55161	55161	TRUE	NAGATA						
	LT934125.1	+	UL44.4-S20	1	54723	55161	54723	55161	54723	55161	54723	54723	55161	55161	TRUE	NAGATA						
	LT934125.1	+	UL44.4-S22	1	54901	55161	54901	55161	54901	55161	54901	54901	55161	55161	TRUE	NAGATA						
	LT934125.1	+	UL44.4-S23	1	54960	55161	54960	55161	54960	55161	54960	54960	55161	55161	TRUE	NAGATA						
	LT934125.1	+	UL44.4-S4	1	53971	55161	53971	55161	53971	55161	53971	53971	55161	55161	TRUE	NAGATA						
	LT934125.1	+	UL44.4-S6	1	54053	55161	54053	55161	54053	55161	54053	54053	55161	55161	TRUE	NAGATA						
	LT934125.1	+	UL44.4-S8	1	54209	55161	54209	55161	54209	55161	54209	54209	55161	55161	TRUE	NAGATA						
	LT934125.1	+	UL46-L	1	13944	16224	13944	16224	13944	16224	13944	13944	16224	16224	TRUE	NAGATA						
	LT934125.1	+	UL46-L2	1	13793	16224	13793	16224	13793	16224	13793	13793	16224	16224	TRUE	NAGATA						
	LT934125.1	+	UL46-L3	1	13746	16224	13746	16224	13746	16224	13746	13746	16224	16224	TRUE	NAGATA						
	LT934125.1	+	UL46-L4	1	13569	16224	13569	16224	13569	16224	13569	13569	16224	16224	TRUE	NAGATA						
	LT934125.1	+	UL46-L5	1	13539	16224	13539	16224	13539	16224	13539	13539	16224	16224	TRUE	NAGATA						
	LT934125.1	+	UL46-L6	1	13521	16224	13521	16224	13521	16224	13521	13521	16224	16224	TRUE	NAGATA						
	LT934125.1	+	UL46-L7	1	13177	16224	13177	16224	13177	16224	13177	13177	16224	16224	TRUE	NAGATA						
	LT934125.1	+	UL46-L8	1	12812	16224	12812	16224	12812	16224	12812	12812	16224	16224	TRUE	NAGATA						
	LT934125.1	+	UL46-L9	1	12406	16224	12406	16224	12406	16224	12406	12406	16224	16224	TRUE	NAGATA						
	LT934125.1	+	UL46.10	1	14307	16224	14307	16224	14307	16224	14307	14307	16224	16224	TRUE	NAGATA						
	LT934125.1	+	UL46.10-S	1	14439	16224	14439	16224	14439	16224	14439	14439	16224	16224	TRUE	NAGATA						
	LT934125.1	+	UL46.6	1	14724	16224	14724	16224	14724	16224	14724	14724	16224	16224	TRUE	NAGATA						
	LT934125.1	+	UL46.6-S	1	14782	16224	14782	16224	14782	16224	14782	14782	16224	16224	TRUE	NAGATA						
	LT934125.1	+	UL47.3	1	13166	14176	13166	14176	13166	14176	13166	13166	14176	14176	TRUE	NAGATA						
	LT934125.1	+	UL48	1	10467	11912	10467	11912	10467	11912	10467	10467	11912	11912	TRUE	NAGATA						
	LT934125.1	+	UL49.1-S2	1	10075	10426	10075	10426	10075	10426	10075	10075	10426	10426	TRUE	NAGATA						
	LT934125.1	+	UL49.1-S3	1	10105	10426	10105	10426	10105	10426	10105	10105	10426	10426	TRUE	NAGATA						
	LT934125.1	+	UL49.5-49	1	9208	10426	9208	10426	9208	10426	9208	9208	10426	10426	TRUE	NAGATA						
	LT934125.1	+	UL5.6	1	90249	91559	90249	91559	90249	91559	90249	90249	91559	91559	TRUE	NAGATA						
	LT934125.1	+	UL50-49.5-49-L	1	8352	10426	8352	10426	8352	10426	8352	8352	10426	10426	TRUE	NAGATA						
	LT934125.1	+	UL51L-50-49.5-49	1	7475	10426	7475	10426	7475	10426	7475	7475	10426	10426	TRUE	NAGATA						
	LT934125.1	+	UL5L2-4	1	88155	92059	88155	92059	88155	92059	88155	88155	92059	92059	TRUE	NAGATA						
	LT934125.1	+	UL8-L2	1	82509	86167	82509	86167	82509	86167	82509	82509	86167	86167	TRUE	NAGATA						
	LT934125.1	+	UL8.5	1	85104	86167	85104	86167	85104	86167	85104	85104	86167	86167	TRUE	NAGATA						
	LT934125.1	+	UL8.5-S	1	85607	86167	85607	86167	85607	86167	85607	85607	86167	86167	TRUE	NAGATA						
	LT934125.1	+	UL8.5-S2	1	85676	86167	85676	86167	85676	86167	85676	85676	86167	86167	TRUE	NAGATA						
	LT934125.1	+	US2.3	1	125373	126151	125373	126151	125373	126151	125373	125373	126151	126151	TRUE	NAGATA						
	LT934125.1	+	US2.3-S	1	125430	126151	125430	126151	125430	126151	125430	125430	126151	126151	TRUE	NAGATA						
	LT934125.1	+	US2.3-S2	1	125609	126151	125609	126151	125609	126151	125609	125609	126151	126151	TRUE	NAGATA						
	LT934125.1	+	US2.3-S3	1	125729	126151	125729	126151	125729	126151	125729	125729	126151	126151	TRUE	NAGATA						
	LT934125.1	+	US4-L	1	118807	120477	118807	120477	118807	120477	118807	118807	120477	120477	TRUE	NAGATA						
	LT934125.1	+	US4.2	1	119002	120477	119002	120477	119002	120477	119002	119002	120477	120477	TRUE	NAGATA						
	LT934125.1	+	US4.3	1	119127	120477	119127	120477	119127	120477	119127	119127	120477	120477	TRUE	NAGATA						
	LT934125.1	+	US4.5-S	1	119404	120477	119404	120477	119404	120477	119404	119404	120477	120477	TRUE	NAGATA						
	LT934125.1	+	US4.6	1	119500	120477	119500	120477	119500	120477	119500	119500	120477	120477	TRUE	NAGATA						
	LT934125.1	+	US4.6-S	1	119632	120477	119632	120477	119632	120477	119632	119632	120477	120477	TRUE	NAGATA						
	LT934125.1	+	US4.7	1	120081	120477	120081	120477	120081	120477	120081	120081	120477	120477	TRUE	NAGATA						
	LT934125.1	+	US4.7-S	1	120256	120477	120256	120477	120256	120477	120256	120256	120477	120477	TRUE	NAGATA						
	LT934125.1	+	US7-L2	1	121058	122915	121058	122915	121058	122915	121058	121058	122915	122915	TRUE	NAGATA						
	LT934125.1	+	US7.1	1	122698	122915	122698	122915	122698	122915	122698	122698	122915	122915	TRUE	NAGATA						
	LT934125.1	+	US8-L-US9	1	122698	125230	122698	125230	122698	125230	122698	122698	125230	125230	TRUE	NAGATA						
	LT934125.1	+	US9-L3	1	124180	125230	124180	125230	124180	125230	124180	124180	125230	125230	TRUE	NAGATA						
	LT934125.1	+	US9-L5	1	123780	125230	123780	125230	123780	125230	123780	123780	125230	125230	TRUE	NAGATA						
	LT934125.1	+	US9-US2-L3	1	123587	126151	123587	126151	123587	126151	123587	123587	126151	126151	TRUE	NAGATA						
	LT934125.1	+	US9-US2-L4	1	123314	126151	123314	126151	123314	126151	123314	123314	126151	126151	TRUE	NAGATA						
	LT934125.1	+	nc-UL19-S	1	70311	70521	70311	70521	70311	70521	70311	70311	70521	70521	TRUE	NAGATA						
	LT934125.1	+	nc-UL46	1	15883	16224	15883	16224	15883	16224	15883	15883	16224	16224	TRUE	NAGATA						
	LT934125.1	+	nc-UL46-S	1	16014	16224	16014	16224	16014	16224	16014	16014	16224	16224	TRUE	NAGATA						
	LT934125.1	+	nc-US1	1	115012	116628	115012	116628	115012	116628	115012	115012	116628	116628	TRUE	NAGATA						
	LT934125.1	-	AZURE-L2	1	117251	119611	117251	119611	117251	119611	119611	119611	117251	117251	TRUE	NAGATA						
	LT934125.1	-	AZURE-S	1	117251	118349	117251	118349	117251	118349	118349	118349	117251	117251	TRUE	NAGATA						
	LT934125.1	-	CTO-L2	1	63164	65821	63164	65821	63164	65821	65821	65821	63164	63164	TRUE	NAGATA						
	LT934125.1	-	EP0-L2	1	95889	97537	95889	97537	95889	97537	97537	97537	95889	95889	TRUE	NAGATA						
	LT934125.1	-	EP0.10	1	95889	96629	95889	96629	95889	96629	96629	96629	95889	95889	TRUE	NAGATA						
	LT934125.1	-	EP0.4	1	95889	96866	95889	96866	95889	96866	96866	96866	95889	95889	TRUE	NAGATA						
	LT934125.1	-	FORF15-L2	1	71548	73139	71548	73139	71548	73139	73139	73139	71548	71548	TRUE	NAGATA						
	LT934125.1	-	FORF15-S	1	71548	72713	71548	72713	71548	72713	72713	72713	71548	71548	TRUE	NAGATA						
	LT934125.1	-	NOIR_2-1S-2	1	134888	136131	134888	136131	134888	136131	136131	136131	134888	134888	TRUE	NAGATA						
	LT934125.1	-	NOIR_2-1S3-2	1	134888	135899	134888	135899	134888	135899	135899	135899	134888	134888	TRUE	NAGATA						
	LT934125.1	-	UL10-L1	1	80352	81840	80352	81840	80352	81840	81840	81840	80352	80352	TRUE	NAGATA						
	LT934125.1	-	UL10-L7	1	80352	83780	80352	83780	80352	83780	83780	83780	80352	80352	TRUE	NAGATA						
	LT934125.1	-	UL10-S	1	80352	81551	80352	81551	80352	81551	81551	81551	80352	80352	TRUE	NAGATA						
	LT934125.1	-	UL10.5	1	80352	81051	80352	81051	80352	81051	81051	81051	80352	80352	TRUE	NAGATA						
	LT934125.1	-	UL10.6	1	80352	81314	80352	81314	80352	81314	81314	81314	80352	80352	TRUE	NAGATA						
	LT934125.1	-	UL16-AS	1	74413	75324	74413	75324	74413	75324	75324	75324	74413	74413	TRUE	NAGATA						
	LT934125.1	-	UL1L2-2-3-3.5	1	92069	95471	92069	95471	92069	95471	95471	95471	92069	92069	TRUE	NAGATA						
	LT934125.1	-	UL20-21-C	1	64173	66924	64173	66924	64173	66924	66924	66924	64173	64173	TRUE	NAGATA						
	LT934125.1	-	UL21-L2	1	64133	66283	64133	66283	64133	66283	66283	66283	64133	64133	TRUE	NAGATA						
	LT934125.1	-	UL21.2-S	1	64133	65582	64133	65582	64133	65582	65582	65582	64133	64133	TRUE	NAGATA						
	LT934125.1	-	UL25	1	55704	58556	55704	58556	55704	58556	58556	58556	55704	55704	TRUE	NAGATA						
	LT934125.1	-	UL27.10	1	16583	17723	16583	17723	16583	17723	17723	17723	16583	16583	TRUE	NAGATA						
	LT934125.1	-	UL27.11	1	16583	18161	16583	18161	16583	18161	18161	18161	16583	16583	TRUE	NAGATA						
	LT934125.1	-	UL27.11-S2	1	16583	18086	16583	18086	16583	18086	18086	18086	16583	16583	TRUE	NAGATA						
	LT934125.1	-	UL27.11-S4	1	16583	17900	16583	17900	16583	17900	17900	17900	16583	16583	TRUE	NAGATA						
	LT934125.1	-	UL27.11-S5	1	16583	17871	16583	17871	16583	17871	17871	17871	16583	16583	TRUE	NAGATA						
	LT934125.1	-	UL27.11-S7	1	16583	17751	16583	17751	16583	17751	17751	17751	16583	16583	TRUE	NAGATA						
	LT934125.1	-	UL27.13	1	16583	18270	16583	18270	16583	18270	18270	18270	16583	16583	TRUE	NAGATA						
	LT934125.1	-	UL27.14	1	16583	18523	16583	18523	16583	18523	18523	18523	16583	16583	TRUE	NAGATA						
	LT934125.1	-	UL27.14-S	1	16583	18464	16583	18464	16583	18464	18464	18464	16583	16583	TRUE	NAGATA						
	LT934125.1	-	UL27.2	1	16583	16878	16583	16878	16583	16878	16878	16878	16583	16583	TRUE	NAGATA						
	LT934125.1	-	UL27.3	1	16583	16970	16583	16970	16583	16970	16970	16970	16583	16583	TRUE	NAGATA						
	LT934125.1	-	UL27.4	1	16583	17223	16583	17223	16583	17223	17223	17223	16583	16583	TRUE	NAGATA						
	LT934125.1	-	UL27.5-L	1	16583	17951	16583	17951	16583	17951	17951	17951	16583	16583	TRUE	NAGATA						
	LT934125.1	-	UL27.5-S	1	16583	17407	16583	17407	16583	17407	17407	17407	16583	16583	TRUE	NAGATA						
	LT934125.1	-	UL27.6	1	16583	17568	16583	17568	16583	17568	17568	17568	16583	16583	TRUE	NAGATA						
	LT934125.1	-	UL27.9	1	16583	17636	16583	17636	16583	17636	17636	17636	16583	16583	TRUE	NAGATA						
	LT934125.1	-	UL29.14	1	21477	23660	21477	23660	21477	23660	23660	23660	21477	21477	TRUE	NAGATA						
	LT934125.1	-	UL29.2	1	21477	22441	21477	22441	21477	22441	22441	22441	21477	21477	TRUE	NAGATA						
	LT934125.1	-	UL31.3	1	28429	29046	28429	29046	28429	29046	29046	29046	28429	28429	TRUE	NAGATA						
	LT934125.1	-	UL31.5	1	28429	29507	28429	29507	28429	29507	29507	29507	28429	28429	TRUE	NAGATA						
	LT934125.1	-	UL36.38-S	1	32686	33242	32686	33242	32686	33242	33242	33242	32686	32686	TRUE	NAGATA						
	LT934125.1	-	UL36.40	1	32686	33215	32686	33215	32686	33215	33215	33215	32686	32686	TRUE	NAGATA						
	LT934125.1	-	UL36.40-S	1	32686	33035	32686	33035	32686	33035	33035	33035	32686	32686	TRUE	NAGATA						
	LT934125.1	-	UL36.40-S2	1	32686	32935	32686	32935	32686	32935	32935	32935	32686	32686	TRUE	NAGATA						
	LT934125.1	-	UL36.43	1	32686	34532	32686	34532	32686	34532	34532	34532	32686	32686	TRUE	NAGATA						
	LT934125.1	-	UL37.5	1	42005	43351	42005	43351	42005	43351	43351	43351	42005	42005	TRUE	NAGATA						
	LT934125.1	-	UL37.5-S2	1	42005	43473	42005	43473	42005	43473	43473	43473	42005	42005	TRUE	NAGATA						
	LT934125.1	-	UL37.6	1	42005	44067	42005	44067	42005	44067	44067	44067	42005	42005	TRUE	NAGATA						
	LT934125.1	-	UL37.6-S	1	42005	43628	42005	43628	42005	43628	43628	43628	42005	42005	TRUE	NAGATA						
	LT934125.1	-	UL37.6-S2	1	42005	43545	42005	43545	42005	43545	43545	43545	42005	42005	TRUE	NAGATA						
	LT934125.1	-	UL44-43-42-41	1	50027	54882	50027	54882	50027	54882	54882	54882	50027	50027	TRUE	NAGATA						
	LT934125.1	-	UL50-L3	1	8487	9752	8487	9752	8487	9752	9752	9752	8487	8487	TRUE	NAGATA						
	LT934125.1	-	UL51-52	1	4648	8526	4648	8526	4648	8526	8526	8526	4648	4648	TRUE	NAGATA						
	LT934125.1	-	UL53L-54	1	2778	5969	2778	5969	2778	5969	5969	5969	2778	2778	TRUE	NAGATA						
	LT934125.1	-	UL54-L	1	2778	4687	2778	4687	2778	4687	4687	4687	2778	2778	TRUE	NAGATA						
	LT934125.1	-	UL54.3-S	1	2778	3172	2778	3172	2778	3172	3172	3172	2778	2778	TRUE	NAGATA						
	LT934125.1	-	UL54.3-S2	1	2778	3141	2778	3141	2778	3141	3141	3141	2778	2778	TRUE	NAGATA						
	LT934125.1	-	UL54.5-S	1	2778	3640	2778	3640	2778	3640	3640	3640	2778	2778	TRUE	NAGATA						
	LT934125.1	-	UL54.5-S2	1	2778	3429	2778	3429	2778	3429	3429	3429	2778	2778	TRUE	NAGATA						
	LT934125.1	-	UL6L-7	1	86133	90875	86133	90875	86133	90875	90875	90875	86133	86133	TRUE	NAGATA						
	LT934125.1	-	UL7-L2	1	86133	87250	86133	87250	86133	87250	87250	87250	86133	86133	TRUE	NAGATA						
	LT934125.1	-	UL7-L4	1	86133	87864	86133	87864	86133	87864	87864	87864	86133	86133	TRUE	NAGATA						
	LT934125.1	-	UL7.5	1	86133	86928	86133	86928	86133	86928	86928	86928	86133	86133	TRUE	NAGATA						
	LT934125.1	-	US4-AS1	1	118860	120344	118860	120344	118860	120344	120344	120344	118860	118860	TRUE	NAGATA						
	LT934125.1	-	nc-EP0	1	96800	97006	96800	97006	96800	97006	97006	97006	96800	96800	TRUE	NAGATA						
	LT934125.1	-	nc-UL10	1	80352	80491	80352	80491	80352	80491	80491	80491	80352	80352	TRUE	NAGATA						
	LT934125.1	-	nc-UL36	1	32686	32842	32686	32842	32686	32842	32842	32842	32686	32686	TRUE	NAGATA						
	LT934125.1	-	nc-US1_2	1	127089	128705	127089	128705	127089	128705	128705	128705	127089	127089	TRUE	NAGATA						
TC_1	LT934125.1	+	ORF-1L1-S	1	779	2273	779	2273	779	2273	779	779	2273	2273	TRUE	NAGATA	766	784	1	62.932662	775	*
TC_1004	LT934125.1	+	US9-L2	1	124286	125230	124286	125230	124286	125230	124286	124286	125230	125230	TRUE	NAGATA	124255	124291	3	138.820618	124275	**
TC_1007	LT934125.1	+	US9-US2-L	1	124402	126151	124402	126151	124402	126151	124402	124402	126151	126151	TRUE	NAGATA	124395	124421	5	2487.334284	124408	***
TC_1012	LT934125.1	+	US9-L1	1	124677	125230	124677	125230	124677	125230	124677	124677	125230	125230	TRUE	NAGATA	124664	124701	3	244.979282	124681	**
TC_1013	LT934125.1	+	US9	1	124756	125230	124756	125230	124756	125230	124756	124756	125230	125230	TRUE	NAGATA	124742	124765	6	28556.590273	124756	***
TC_1013	LT934125.1	+	US9-2	1	124756	126151	124756	126151	124756	126151	124756	124756	126151	126151	TRUE	NAGATA	124742	124765	6	28556.590273	124756	***
TC_1015	LT934125.1	+	US9.3	1	124872	125230	124872	125230	124872	125230	124872	124872	125230	125230	TRUE	NAGATA	124859	124877	1	24.301041	124868	*
TC_1017	LT934125.1	+	US2-L	1	125105	126151	125105	126151	125105	126151	125105	125105	126151	126151	TRUE	NAGATA	125090	125116	3	69.594096	125104	*
TC_1019	LT934125.1	+	US2	1	125225	126151	125225	126151	125225	126151	125225	125225	126151	126151	TRUE	NAGATA	125210	125236	6	33987.126398	125225	***
TC_1019	LT934125.1	+	US2-AT	1	125225	126191	125225	126191	125225	126191	125225	125225	126191	126191	TRUE	NAGATA	125210	125236	6	33987.126398	125225	***
TC_1076	LT934125.1	+	NOIR_2-2	1	132614	133513	132614	133513	132614	133513	132614	132614	133513	133513	TRUE	NAGATA	132602	132627	5	942.926365	132613	***
TC_11	LT934125.1	+	ORF-1M1-S	1	1496	2273	1496	2273	1496	2273	1496	1496	2273	2273	TRUE	NAGATA	1492	1510	1	48.602083	1501	*
TC_1109	LT934125.1	+	IE180_2	1	136158	141356	136158	141356	136158	141356	136158	136158	141356	141356	TRUE	NAGATA	136144	136170	6	10238.850526	136158	***
TC_1112	LT934125.1	+	IE180_2-S	1	136348	141356	136348	141356	136348	141356	136348	136348	141356	141356	TRUE	NAGATA	136326	136360	6	12367.046274	136346	***
TC_113	LT934125.1	+	UL46	1	14048	16224	14048	16224	14048	16224	14048	14048	16224	16224	TRUE	NAGATA	14034	14060	6	53570.601716	14047	***
TC_1170	LT934125.1	-	UL54.3	1	2778	3281	2778	3281	2778	3281	3281	3281	2778	2778	TRUE	NAGATA	3264	3283	1	125.865324	3273	*
TC_1171	LT934125.1	-	UL54.4	1	2778	3351	2778	3351	2778	3351	3351	3351	2778	2778	TRUE	NAGATA	3336	3379	5	630.014681	3355	***
TC_1175	LT934125.1	-	UL54.5	1	2778	3753	2778	3753	2778	3753	3753	3753	2778	2778	TRUE	NAGATA	3747	3765	1	27.285874	3756	*
TC_1176	LT934125.1	-	UL54	1	2778	3910	2778	3910	2778	3910	3910	3910	2778	2778	TRUE	NAGATA	3901	3922	5	1664.266015	3911	***
TC_1187	LT934125.1	-	UL53-54	1	2778	4925	2778	4925	2778	4925	4925	4925	2778	2778	TRUE	NAGATA	4915	4937	6	7075.873875	4926	***
TC_12	LT934125.1	+	ORF-1	1	1600	2273	1600	2273	1600	2273	1600	1600	2273	2273	TRUE	NAGATA	1588	1613	6	4814.66339	1600	***
TC_1200	LT934125.1	-	UL52-53-54	1	2778	7758	2778	7758	2778	7758	7758	7758	2778	2778	TRUE	NAGATA	7749	7770	5	853.537127	7759	***
TC_1206	LT934125.1	-	UL50.1-S	1	8487	8997	8487	8997	8487	8997	8997	8997	8487	8487	TRUE	NAGATA	8988	9006	1	48.602083	8997	*
TC_1207	LT934125.1	-	UL50.1	1	8487	9058	8487	9058	8487	9058	9058	9058	8487	8487	TRUE	NAGATA	9045	9067	5	1115.300928	9057	***
TC_1210	LT934125.1	-	UL50S	1	8487	9214	8487	9214	8487	9214	9214	9214	8487	8487	TRUE	NAGATA	9205	9226	5	826.087479	9214	***
TC_1213	LT934125.1	-	UL50	1	8487	9494	8487	9494	8487	9494	9494	9494	8487	8487	TRUE	NAGATA	9485	9510	6	20609.45912	9494	***
TC_1214	LT934125.1	-	UL50L	1	8487	9590	8487	9590	8487	9590	9590	9590	8487	8487	TRUE	NAGATA	9581	9608	4	416.07304	9593	***
TC_1216	LT934125.1	-	UL50-L4	1	8487	9800	8487	9800	8487	9800	9800	9800	8487	8487	TRUE	NAGATA	9791	9825	2	63.300237	9808	*
TC_122	LT934125.1	+	UL46.9	1	14560	16224	14560	16224	14560	16224	14560	14560	16224	16224	TRUE	NAGATA	14528	14572	4	307.772157	14552	***
TC_1253	LT934125.1	-	UL27.3-L	1	16583	16928	16583	16928	16583	16928	16928	16928	16583	16583	TRUE	NAGATA	16927	16957	2	117.50441	16942	**
TC_1254	LT934125.1	-	UL27.4-S4	1	16583	17024	16583	17024	16583	17024	17024	17024	16583	16583	TRUE	NAGATA	17004	17041	3	755.875456	17026	***
TC_1255	LT934125.1	-	UL27.4-S3	1	16583	17059	16583	17059	16583	17059	17059	17059	16583	16583	TRUE	NAGATA	17052	17070	1	567.859171	17061	*
TC_1257	LT934125.1	-	UL27.4-S2	1	16583	17132	16583	17132	16583	17132	17132	17132	16583	16583	TRUE	NAGATA	17099	17137	2	127.150677	17122	**
TC_1258	LT934125.1	-	UL27.4-S	1	16583	17159	16583	17159	16583	17159	17159	17159	16583	16583	TRUE	NAGATA	17150	17195	2	266.889075	17159	**
TC_126	LT934125.1	+	UL46.5	1	14818	16224	14818	16224	14818	16224	14818	14818	16224	16224	TRUE	NAGATA	14812	14831	4	234.354377	14822	**
TC_1261	LT934125.1	-	UL27.5-S2	1	16583	17363	16583	17363	16583	17363	17363	17363	16583	16583	TRUE	NAGATA	17322	17385	6	3961.406201	17339	***
TC_1261	LT934125.1	-	UL27.5-S3	1	16583	17341	16583	17341	16583	17341	17341	17341	16583	16583	TRUE	NAGATA	17322	17385	6	3961.406201	17339	***
TC_1264	LT934125.1	-	UL27.5	1	16583	17497	16583	17497	16583	17497	17497	17497	16583	16583	TRUE	NAGATA	17494	17521	3	305.511929	17508	***
TC_1265	LT934125.1	-	UL27.6-S	1	16583	17530	16583	17530	16583	17530	17530	17530	16583	16583	TRUE	NAGATA	17513	17566	3	913.621035	17551	***
TC_1266	LT934125.1	-	UL27.8	1	16583	17599	16583	17599	16583	17599	17599	17599	16583	16583	TRUE	NAGATA	17578	17625	3	386.569781	17602	***
TC_1267	LT934125.1	-	UL27.10-S	1	16583	17670	16583	17670	16583	17670	17670	17670	16583	16583	TRUE	NAGATA	17656	17674	2	269.065371	17665	**
TC_1269	LT934125.1	-	UL27.11-S6	1	16583	17792	16583	17792	16583	17792	17792	17792	16583	16583	TRUE	NAGATA	17773	17793	3	730.176057	17783	***
TC_1273	LT934125.1	-	UL27.11-S3	1	16583	17981	16583	17981	16583	17981	17981	17981	16583	16583	TRUE	NAGATA	17960	17987	4	357.208087	17976	***
TC_1275	LT934125.1	-	UL27.11-S	1	16583	18107	16583	18107	16583	18107	18107	18107	16583	16583	TRUE	NAGATA	18098	18116	1	62.932662	18107	*
TC_128	LT934125.1	+	UL46.5-S2	1	14930	16224	14930	16224	14930	16224	14930	14930	16224	16224	TRUE	NAGATA	14926	14965	4	322.610098	14945	***
TC_129	LT934125.1	+	UL46.5-S3	1	15028	16224	15028	16224	15028	16224	15028	15028	16224	16224	TRUE	NAGATA	15019	15063	3	293.366412	15044	**
TC_1292	LT934125.1	-	UL27	1	16583	19473	16583	19473	16583	19473	19473	19473	16583	16583	TRUE	NAGATA	19461	19494	6	140330.046548	19472	***
TC_1292	LT934125.1	-	UL27-AT1	1	16259	19473	16259	19473	16259	19473	19473	19473	16259	16259	TRUE	NAGATA	19461	19494	6	140330.046548	19472	***
TC_1304	LT934125.1	-	UL28	1	18583	21472	18583	21472	18583	21472	21472	21472	18583	18583	TRUE	NAGATA	21462	21486	5	781.231623	21473	***
TC_1306	LT934125.1	-	UL28L-27	1	16583	21635	16583	21635	16583	21635	21635	21635	16583	16583	TRUE	NAGATA	21625	21644	2	649.716793	21635	**
TC_1310	LT934125.1	-	TRL29.2	1	21477	21941	21477	21941	21477	21941	21941	21941	21477	21477	TRUE	NAGATA	21925	21956	5	1322.713019	21942	***
TC_132	LT934125.1	+	UL46.2	1	15249	16224	15249	16224	15249	16224	15249	15249	16224	16224	TRUE	NAGATA	15242	15295	3	104.624281	15269	**
TC_1328	LT934125.1	-	UL29.11	1	21477	23258	21477	23258	21477	23258	23258	23258	21477	21477	TRUE	NAGATA	23248	23266	1	27.285874	23257	*
TC_1350	LT934125.1	-	UL29	1	21477	25313	21477	25313	21477	25313	25313	25313	21477	21477	TRUE	NAGATA	25304	25327	6	38843.415511	25313	***
TC_1350	LT934125.1	-	UL29-28-27	1	16583	25313	16583	25313	16583	25313	25313	25313	16583	16583	TRUE	NAGATA	25304	25327	6	38843.415511	25313	***
TC_137	LT934125.1	+	UL46.1	1	15597	16224	15597	16224	15597	16224	15597	15597	16224	16224	TRUE	NAGATA	15579	15608	5	3250.324944	15598	***
TC_1379	LT934125.1	-	UL31.3-S	1	28429	28794	28429	28794	28429	28794	28794	28794	28429	28429	TRUE	NAGATA	28785	28824	3	208.52772	28802	**
TC_138	LT934125.1	+	UL46.1-S2	1	15646	16224	15646	16224	15646	16224	15646	15646	16224	16224	TRUE	NAGATA	15630	15658	3	403.372315	15645	***
TC_1385	LT934125.1	-	UL31.2	1	28429	29086	28429	29086	28429	29086	29086	29086	28429	28429	TRUE	NAGATA	29075	29093	1	567.859171	29084	*
TC_1386	LT934125.1	-	UL31-L	1	28429	29154	28429	29154	28429	29154	29154	29154	28429	28429	TRUE	NAGATA	29128	29170	2	133.444537	29152	**
TC_1391	LT934125.1	-	UL31	1	28429	29414	28429	29414	28429	29414	29414	29414	28429	28429	TRUE	NAGATA	29398	29429	6	81621.709107	29410	***
TC_14	LT934125.1	+	ORF-1.5	1	1725	2273	1725	2273	1725	2273	1725	1725	2273	2273	TRUE	NAGATA	1703	1738	5	1338.822437	1717	***
TC_140	LT934125.1	+	UL46.1-S3	1	15750	16224	15750	16224	15750	16224	15750	15750	16224	16224	TRUE	NAGATA	15743	15819	6	1186.27031	15777	***
TC_140	LT934125.1	+	UL46.1-S4	1	15787	16224	15787	16224	15787	16224	15787	15787	16224	16224	TRUE	NAGATA	15743	15819	6	1186.27031	15777	***
TC_1406	LT934125.1	-	UL32-S-31	1	28429	30877	28429	30877	28429	30877	30877	30877	28429	28429	TRUE	NAGATA	30868	30891	6	3451.101634	30877	***
TC_1407	LT934125.1	-	UL32-31	1	28429	31043	28429	31043	28429	31043	31043	31043	28429	28429	TRUE	NAGATA	31032	31052	2	204.33824	31041	**
TC_1424	LT934125.1	-	UL36.38	1	32686	33356	32686	33356	32686	33356	33356	33356	32686	32686	TRUE	NAGATA	33342	33366	2	546.491656	33354	**
TC_1437	LT934125.1	-	UL36.43-S	1	32686	34330	32686	34330	32686	34330	34330	34330	32686	32686	TRUE	NAGATA	34318	34336	1	241.779497	34327	*
TC_1440	LT934125.1	-	UL36.5	1	32686	34474	32686	34474	32686	34474	34474	34474	32686	32686	TRUE	NAGATA	34459	34492	6	14425.980916	34475	***
TC_1484	LT934125.1	-	UL36-UL36.5	1	32686	41995	32686	41995	32686	41995	41995	41995	32686	32686	TRUE	NAGATA	41983	42010	6	37012.509163	41996	***
TC_1502	LT934125.1	-	UL37	1	42005	44889	42005	44889	42005	44889	44889	44889	42005	42005	TRUE	NAGATA	44880	44904	6	15902.885399	44890	***
TC_1502	LT934125.1	-	UL37-36	1	32686	44889	32686	44889	32686	44889	44889	44889	32686	32686	TRUE	NAGATA	44880	44904	6	15902.885399	44890	***
TC_1532	LT934125.1	-	UL41.11	1	50041	50592	50041	50592	50041	50592	50592	50592	50041	50041	TRUE	NAGATA	50586	50604	1	27.285874	50595	*
TC_1533	LT934125.1	-	UL41.9	1	50041	50641	50041	50641	50041	50641	50641	50641	50041	50041	TRUE	NAGATA	50622	50672	4	1105.348785	50647	***
TC_1535	LT934125.1	-	UL41.7	1	50041	50820	50041	50820	50041	50820	50820	50820	50041	50041	TRUE	NAGATA	50808	50832	5	1425.185905	50817	***
TC_1537	LT934125.1	-	UL41.4	1	50041	50986	50041	50986	50041	50986	50986	50986	50041	50041	TRUE	NAGATA	50959	51014	5	843.778695	50984	***
TC_1539	LT934125.1	-	UL41.2	1	50041	51094	50041	51094	50041	51094	51094	51094	50041	50041	TRUE	NAGATA	51085	51106	5	489.810011	51095	***
TC_1540	LT934125.1	-	UL41	1	50041	51147	50041	51147	50041	51147	51147	51147	50041	50041	TRUE	NAGATA	51132	51159	6	16278.42903	51147	***
TC_1568	LT934125.1	-	UL26.9-S	1	55270	55679	55270	55679	55270	55679	55679	55679	55270	55270	TRUE	NAGATA	55650	55709	2	432.780615	55668	**
TC_1569	LT934125.1	-	UL26.9	1	55270	55733	55270	55733	55270	55733	55733	55733	55270	55270	TRUE	NAGATA	55709	55742	3	278.234821	55723	**
TC_1570	LT934125.1	-	UL26.8	1	55270	55807	55270	55807	55270	55807	55807	55807	55270	55270	TRUE	NAGATA	55785	55816	5	922.84896	55799	***
TC_1577	LT934125.1	-	UL26.6	1	55270	56188	55270	56188	55270	56188	56188	56188	55270	55270	TRUE	NAGATA	56179	56204	6	181697.456607	56189	***
TC_1589	LT934125.1	-	UL26-26.5	1	55270	56946	55270	56946	55270	56946	56946	56946	55270	55270	TRUE	NAGATA	56935	56959	6	16321.49779	56946	***
TC_1589	LT934125.1	-	UL26-26.5-AT	1	55310	56946	55310	56946	55310	56946	56946	56946	55310	55310	TRUE	NAGATA	56935	56959	6	16321.49779	56946	***
TC_1589	LT934125.1	-	nc-UL26	1	56317	56946	56317	56946	56317	56946	56946	56946	56317	56317	TRUE	NAGATA	56935	56959	6	16321.49779	56946	***
TC_1596	LT934125.1	-	UL26-26.5-L	1	55270	57535	55270	57535	55270	57535	57535	57535	55270	55270	TRUE	NAGATA	57523	57558	2	304.712159	57540	**
TC_1607	LT934125.1	-	UL25-26-26.5	1	55270	58570	55270	58570	55270	58570	58570	58570	55270	55270	TRUE	NAGATA	58559	58584	5	2454.241466	58571	***
TC_1607	LT934125.1	-	UL25-AT	1	56317	58570	56317	58570	56317	58570	58570	58570	56317	56317	TRUE	NAGATA	58559	58584	5	2454.241466	58571	***
TC_1611	LT934125.1	-	UL25L-26-26.5	1	55270	59016	55270	59016	55270	59016	59016	59016	55270	55270	TRUE	NAGATA	59007	59026	4	343.451267	59016	***
TC_1614	LT934125.1	-	UL24-25-26-26.5	1	55270	59277	55270	59277	55270	59277	59277	59277	55270	55270	TRUE	NAGATA	59267	59291	6	19013.015227	59277	***
TC_1629	LT934125.1	-	CTO-AT	1	62617	63420	62617	63420	62617	63420	63420	63420	62617	62617	TRUE	NAGATA	63408	63447	6	893939.895765	63420	***
TC_1629	LT934125.1	-	CTO-AT2	1	62344	63420	62344	63420	62344	63420	63420	63420	62344	62344	TRUE	NAGATA	63408	63447	6	893939.895765	63420	***
TC_1629	LT934125.1	-	CTO-S	1	63164	63420	63164	63420	63164	63420	63420	63420	63164	63164	TRUE	NAGATA	63408	63447	6	893939.895765	63420	***
TC_1629	LT934125.1	-	CTO-UL22-UL23-UL24-UL25-26	1	55270	63420	55270	63420	55270	63420	63420	63420	55270	55270	TRUE	NAGATA	63408	63447	6	893939.895765	63420	***
TC_1636	LT934125.1	-	CTO-M	1	63164	64127	63164	64127	63164	64127	64127	64127	63164	63164	TRUE	NAGATA	64116	64136	2	123.323231	64125	**
TC_1642	LT934125.1	-	CTO-M-L	1	63164	64624	63164	64624	63164	64624	64624	64624	63164	63164	TRUE	NAGATA	64613	64631	1	27.285874	64622	*
TC_1642	LT934125.1	-	UL21.5	1	64133	64624	64133	64624	64133	64624	64624	64624	64133	64133	TRUE	NAGATA	64613	64631	1	27.285874	64622	*
TC_1654	LT934125.1	-	UL21.2	1	64133	65657	64133	65657	64133	65657	65657	65657	64133	64133	TRUE	NAGATA	65650	65694	5	710.522328	65677	***
TC_1655	LT934125.1	-	CTO-L	1	63164	65752	63164	65752	63164	65752	65752	65752	63164	63164	TRUE	NAGATA	65737	65765	6	21296.697013	65753	***
TC_1655	LT934125.1	-	UL21	1	64133	65752	64133	65752	64133	65752	65752	65752	64133	64133	TRUE	NAGATA	65737	65765	6	21296.697013	65753	***
TC_1655	LT934125.1	-	UL21-AT2	1	64532	65752	64532	65752	64532	65752	65752	65752	64532	64532	TRUE	NAGATA	65737	65765	6	21296.697013	65753	***
TC_1656	LT934125.1	-	UL21-L	1	64133	65880	64133	65880	64133	65880	65880	65880	64133	64133	TRUE	NAGATA	65874	65895	4	316.828603	65884	***
TC_1685	LT934125.1	-	FORF15-S2	1	71548	71882	71548	71882	71548	71882	71882	71882	71548	71548	TRUE	NAGATA	71872	71898	6	2138.784798	71884	***
TC_169	LT934125.1	+	UL30	1	25420	28632	25420	28632	25420	28632	25420	25420	28632	28632	TRUE	NAGATA	25409	25431	5	4080.667661	25420	***
TC_1697	LT934125.1	-	FORF15	1	71548	73108	71548	73108	71548	73108	73108	73108	71548	71548	TRUE	NAGATA	73099	73120	4	360.106696	73108	***
TC_1702	LT934125.1	-	FORF15-L	1	71548	74345	71548	74345	71548	74345	74345	74345	71548	71548	TRUE	NAGATA	74336	74361	4	616.254636	74346	***
TC_1712	LT934125.1	-	UL15	1	71548	76859	71548	76859	71548	76859	76859	76859	71548	71548	TRUE	NAGATA	76851	76879	6	3525.445459	76862	***
TC_1712	LT934125.1	-	UL15-splice	1	71548	76859	71548	72782	71548	76859	76859	72782	71548	71548	TRUE	NAGATA	76851	76879	6	3525.445459	76862	***
TC_1712	LT934125.1	-	UL15-splice	2	71548	76859	75662	76859	71548	76859	76859	76859	71548	75662	FALSE	NAGATA	76851	76879	6	3525.445459	76862	***
TC_1718	LT934125.1	-	UL15-16-17	1	71548	77985	71548	77985	71548	77985	77985	77985	71548	71548	TRUE	NAGATA	77976	77996	3	226.352271	77986	**
TC_1718	LT934125.1	-	UL15-splice-L	1	71548	77985	71548	72782	71548	77985	77985	72782	71548	71548	TRUE	NAGATA	77976	77996	3	226.352271	77986	**
TC_1718	LT934125.1	-	UL15-splice-L	2	71548	77985	75662	77985	71548	77985	77985	77985	71548	75662	FALSE	NAGATA	77976	77996	3	226.352271	77986	**
TC_1730	LT934125.1	-	UL10.4	1	80352	80835	80352	80835	80352	80835	80835	80835	80352	80352	TRUE	NAGATA	80826	80867	2	118.309184	80846	**
TC_1738	LT934125.1	-	UL10.7	1	80352	81429	80352	81429	80352	81429	81429	81429	80352	80352	TRUE	NAGATA	81417	81437	5	910.542053	81427	***
TC_1743	LT934125.1	-	UL10	1	80352	81804	80352	81804	80352	81804	81804	81804	80352	80352	TRUE	NAGATA	81795	81830	6	83516.820632	81804	***
TC_1744	LT934125.1	-	UL10-L3	1	80352	81897	80352	81897	80352	81897	81897	81897	80352	80352	TRUE	NAGATA	81863	81911	5	3128.800646	81891	***
TC_1745	LT934125.1	-	UL10-L4	1	80352	82026	80352	82026	80352	82026	82026	82026	80352	80352	TRUE	NAGATA	82014	82035	3	198.157385	82023	**
TC_1752	LT934125.1	-	UL10-L8	1	80352	83205	80352	83205	80352	83205	83205	83205	80352	80352	TRUE	NAGATA	83193	83214	4	143.331067	83203	**
TC_1769	LT934125.1	-	UL7	1	86133	87161	86133	87161	86133	87161	87161	87161	86133	86133	TRUE	NAGATA	87148	87174	6	4220.577227	87161	***
TC_1771	LT934125.1	-	UL7-L3	1	86133	87447	86133	87447	86133	87447	87447	87447	86133	86133	TRUE	NAGATA	87437	87457	3	293.422267	87447	**
TC_1781	LT934125.1	-	UL6-7	1	86133	89079	86133	89079	86133	89079	89079	89079	86133	86133	TRUE	NAGATA	89068	89092	5	3494.966375	89079	***
TC_1805	LT934125.1	-	TRL3.5	1	92069	92422	92069	92422	92069	92422	92422	92422	92069	92069	TRUE	NAGATA	92404	92427	2	595.145045	92416	**
TC_1809	LT934125.1	-	nc-UL3.5	1	92069	92622	92069	92622	92069	92622	92622	92622	92069	92069	TRUE	NAGATA	92615	92642	5	1461.228428	92629	***
TC_1814	LT934125.1	-	UL3.5	1	92069	92933	92069	92933	92069	92933	92933	92933	92069	92069	TRUE	NAGATA	92922	92950	6	81107.800396	92933	***
TC_1817	LT934125.1	-	UL3.5-L	1	92069	93265	92069	93265	92069	93265	93265	93265	92069	92069	TRUE	NAGATA	93254	93305	5	1312.915097	93274	***
TC_1822	LT934125.1	-	UL3	1	92445	93654	92445	93654	92445	93654	93654	93654	92445	92445	TRUE	NAGATA	93645	93666	6	8802.454078	93654	***
TC_1822	LT934125.1	-	UL3-3.5	1	92069	93654	92069	93654	92069	93654	93654	93654	92069	92069	TRUE	NAGATA	93645	93666	6	8802.454078	93654	***
TC_1827	LT934125.1	-	UL3L-3.5	1	92069	93980	92069	93980	92069	93980	93980	93980	92069	92069	TRUE	NAGATA	93974	93992	1	54.571748	93983	*
TC_1829	LT934125.1	-	UL3L2-3.5	1	92069	94108	92069	94108	92069	94108	94108	94108	92069	92069	TRUE	NAGATA	94099	94117	2	51.586915	94108	*
TC_1837	LT934125.1	-	UL2	1	93229	94526	93229	94526	93229	94526	94526	94526	93229	93229	TRUE	NAGATA	94517	94542	6	9492.686429	94526	***
TC_1837	LT934125.1	-	UL2-3-3.5	1	92069	94526	92069	94526	92069	94526	94526	94526	92069	92069	TRUE	NAGATA	94517	94542	6	9492.686429	94526	***
TC_1842	LT934125.1	-	UL1-2-3-3.5	1	92069	94947	92069	94947	92069	94947	94947	94947	92069	92069	TRUE	NAGATA	94934	94959	6	72603.729756	94946	***
TC_1853	LT934125.1	-	nc-EP0-2	1	95889	96090	95889	96090	95889	96090	96090	96090	95889	95889	TRUE	NAGATA	96077	96095	1	54.571748	96086	*
TC_1871	LT934125.1	-	EP0.5-S2-sp1	1	95889	97126	95889	96851	95889	97126	97126	96851	95889	95889	TRUE	NAGATA	97107	97131	2	45.293055	97119	*
TC_1871	LT934125.1	-	EP0.5-S2-sp1	2	95889	97126	96990	97126	95889	97126	97126	97126	95889	96990	FALSE	NAGATA	97107	97131	2	45.293055	97119	*
TC_1872	LT934125.1	-	EP0.5-S	1	95889	97175	95889	97175	95889	97175	97175	97175	95889	95889	TRUE	NAGATA	97161	97187	5	1326.668154	97174	***
TC_1872	LT934125.1	-	EP0.5-S-sp1	1	95889	97175	95889	96851	95889	97175	97175	96851	95889	95889	TRUE	NAGATA	97161	97187	5	1326.668154	97174	***
TC_1872	LT934125.1	-	EP0.5-S-sp1	2	95889	97175	96990	97175	95889	97175	97175	97175	95889	96990	FALSE	NAGATA	97161	97187	5	1326.668154	97174	***
TC_1874	LT934125.1	-	EP0	1	95889	97361	95889	97361	95889	97361	97361	97361	95889	95889	TRUE	NAGATA	97328	97377	6	56879.026948	97346	***
TC_1874	LT934125.1	-	EP0-sp1	1	95889	97361	95889	96851	95889	97361	97361	96851	95889	95889	TRUE	NAGATA	97328	97377	6	56879.026948	97346	***
TC_1874	LT934125.1	-	EP0-sp1	2	95889	97361	96990	97361	95889	97361	97361	97361	95889	96990	FALSE	NAGATA	97328	97377	6	56879.026948	97346	***
TC_1874	LT934125.1	-	EP0-sp2	1	95889	97361	95889	96851	95889	97361	97361	96851	95889	95889	TRUE	NAGATA	97328	97377	6	56879.026948	97346	***
TC_1874	LT934125.1	-	EP0-sp2	2	95889	97361	96942	97361	95889	97361	97361	97361	95889	96942	FALSE	NAGATA	97328	97377	6	56879.026948	97346	***
TC_1874	LT934125.1	-	EP0.5	1	95889	97338	95889	97338	95889	97338	97338	97338	95889	95889	TRUE	NAGATA	97328	97377	6	56879.026948	97346	***
TC_1874	LT934125.1	-	EP0.5-sp1	1	95889	97338	95889	96851	95889	97338	97338	96851	95889	95889	TRUE	NAGATA	97328	97377	6	56879.026948	97346	***
TC_1874	LT934125.1	-	EP0.5-sp1	2	95889	97338	96990	97338	95889	97338	97338	97338	95889	96990	FALSE	NAGATA	97328	97377	6	56879.026948	97346	***
TC_1874	LT934125.1	-	EP0.5-sp2	1	95889	97338	95889	96851	95889	97338	97338	96851	95889	95889	TRUE	NAGATA	97328	97377	6	56879.026948	97346	***
TC_1874	LT934125.1	-	EP0.5-sp2	2	95889	97338	96942	97338	95889	97338	97338	97338	95889	96942	FALSE	NAGATA	97328	97377	6	56879.026948	97346	***
TC_1946	LT934125.1	-	IE180-S	1	102362	107370	102362	107370	102362	107370	107370	107370	102362	102362	TRUE	NAGATA	107356	107391	6	12367.046274	107369	***
TC_1949	LT934125.1	-	IE180	1	102362	107560	102362	107560	102362	107560	107560	107560	102362	102362	TRUE	NAGATA	107547	107573	6	10238.850526	107559	***
TC_196	LT934125.1	+	UL32-33-34-35	1	28636	32415	28636	32415	28636	32415	28636	28636	32415	32415	TRUE	NAGATA	28616	28636	2	50.857307	28626	*
TC_1981	LT934125.1	-	NOIR-2	1	110204	111104	110204	111104	110204	111104	111104	111104	110204	110204	TRUE	NAGATA	111090	111115	5	942.926365	111104	***
TC_202	LT934125.1	+	UL33-L2-34-35	1	29468	32415	29468	32415	29468	32415	29468	29468	32415	32415	TRUE	NAGATA	29455	29474	2	63.300237	29465	*
TC_2029	LT934125.1	-	AZURE-S-L	1	117251	118401	117251	118401	117251	118401	118401	118401	117251	117251	TRUE	NAGATA	118367	118409	5	1092.166695	118390	***
TC_2029	LT934125.1	-	AZURE-S-L-splice	1	117251	118401	117251	117361	117251	118401	118401	117361	117251	117251	TRUE	NAGATA	118367	118409	5	1092.166695	118390	***
TC_2029	LT934125.1	-	AZURE-S-L-splice	2	117251	118401	117773	118401	117251	118401	118401	118401	117251	117773	FALSE	NAGATA	118367	118409	5	1092.166695	118390	***
TC_2030	LT934125.1	-	AZURE-M	1	117251	118739	117251	118739	117251	118739	118739	118739	117251	117251	TRUE	NAGATA	118715	118752	3	973.353912	118731	***
TC_2035	LT934125.1	-	AZURE-L	1	117251	119190	117251	119190	117251	119190	119190	119190	117251	117251	TRUE	NAGATA	119181	119199	1	36.451562	119190	*
TC_204	LT934125.1	+	UL33	1	30240	31198	30240	31198	30240	31198	30240	30240	31198	31198	TRUE	NAGATA	30224	30258	4	2302.463604	30236	***
TC_206	LT934125.1	+	UL33-34-35	1	30298	32415	30298	32415	30298	32415	30298	30298	32415	32415	TRUE	NAGATA	30290	30308	1	27.285874	30299	*
TC_2072	LT934125.1	-	TRS1_2-S	1	126752	127002	126752	127002	126752	127002	127002	127002	126752	126752	TRUE	NAGATA	126988	127017	6	6305.204618	126998	***
TC_2073	LT934125.1	-	TRS1_2	1	126752	127083	126752	127083	126752	127083	127083	127083	126752	126752	TRUE	NAGATA	127053	127101	2	6403.930201	127076	**
TC_2074	LT934125.1	-	TRS1_2-L	1	126752	127117	126752	127117	126752	127117	127117	127117	126752	126752	TRUE	NAGATA	127096	127183	6	18190.28677	127129	***
TC_2075	LT934125.1	-	TRS1_2-L2	1	126752	127165	126752	127165	126752	127165	127165	127165	126752	126752	TRUE	NAGATA	127164	127227	5	10896.242244	127187	***
TC_2075	LT934125.1	-	TRS1_2-L3	1	126752	127176	126752	127176	126752	127176	127176	127176	126752	126752	TRUE	NAGATA	127164	127227	5	10896.242244	127187	***
TC_2099	LT934125.1	-	US1_2	1	126752	128731	126752	128731	126752	128731	128731	128731	126752	126752	TRUE	NAGATA	128720	128746	6	180849.555395	128732	***
TC_2099	LT934125.1	-	US1_2-splice	1	126752	128731	126752	128251	126752	128731	128731	128251	126752	126752	TRUE	NAGATA	128720	128746	6	180849.555395	128732	***
TC_2099	LT934125.1	-	US1_2-splice	2	126752	128731	128407	128459	126752	128731	128731	128459	126752	128407	FALSE	NAGATA	128720	128746	6	180849.555395	128732	***
TC_2099	LT934125.1	-	US1_2-splice	3	126752	128731	128577	128731	126752	128731	128731	128731	126752	128577	FALSE	NAGATA	128720	128746	6	180849.555395	128732	***
TC_2099	LT934125.1	-	US1_2-splice-2	1	126752	128731	126752	127972	126752	128731	128731	127972	126752	126752	TRUE	NAGATA	128720	128746	6	180849.555395	128732	***
TC_2099	LT934125.1	-	US1_2-splice-2	2	126752	128731	128147	128731	126752	128731	128731	128731	126752	128147	FALSE	NAGATA	128720	128746	6	180849.555395	128732	***
TC_2099	LT934125.1	-	US1_2-splice-3	1	126752	128731	126752	127972	126752	128731	128731	127972	126752	126752	TRUE	NAGATA	128720	128746	6	180849.555395	128732	***
TC_2099	LT934125.1	-	US1_2-splice-3	2	126752	128731	128279	128731	126752	128731	128731	128731	126752	128279	FALSE	NAGATA	128720	128746	6	180849.555395	128732	***
TC_2099	LT934125.1	-	US1_2-splice-4	1	126752	128731	126752	127973	126752	128731	128731	127973	126752	126752	TRUE	NAGATA	128720	128746	6	180849.555395	128732	***
TC_2099	LT934125.1	-	US1_2-splice-4	2	126752	128731	128279	128731	126752	128731	128731	128731	126752	128279	FALSE	NAGATA	128720	128746	6	180849.555395	128732	***
TC_2099	LT934125.1	-	US1_2-splice-5	1	126752	128731	126752	128198	126752	128731	128731	128198	126752	126752	TRUE	NAGATA	128720	128746	6	180849.555395	128732	***
TC_2099	LT934125.1	-	US1_2-splice-5	2	126752	128731	128321	128731	126752	128731	128731	128731	126752	128321	FALSE	NAGATA	128720	128746	6	180849.555395	128732	***
TC_2099	LT934125.1	-	US1_2-splice-6	1	126752	128731	126752	127972	126752	128731	128731	127972	126752	126752	TRUE	NAGATA	128720	128746	6	180849.555395	128732	***
TC_2099	LT934125.1	-	US1_2-splice-6	2	126752	128731	128290	128731	126752	128731	128731	128731	126752	128290	FALSE	NAGATA	128720	128746	6	180849.555395	128732	***
TC_2100	LT934125.1	-	US1_2-splice-L2	1	126752	128883	126752	128251	126752	128883	128883	128251	126752	126752	TRUE	NAGATA	128871	128897	2	200.154814	128885	**
TC_2100	LT934125.1	-	US1_2-splice-L2	2	126752	128883	128407	128459	126752	128883	128883	128459	126752	128407	FALSE	NAGATA	128871	128897	2	200.154814	128885	**
TC_2100	LT934125.1	-	US1_2-splice-L2	3	126752	128883	128577	128883	126752	128883	128883	128883	126752	128577	FALSE	NAGATA	128871	128897	2	200.154814	128885	**
TC_2103	LT934125.1	-	US1_2-splice-L	1	126752	129714	126752	127952	126752	129714	129714	127952	126752	126752	TRUE	NAGATA	129708	129727	3	115.42859	129718	**
TC_2103	LT934125.1	-	US1_2-splice-L	2	126752	129714	128147	128198	126752	129714	129714	128198	126752	128147	FALSE	NAGATA	129708	129727	3	115.42859	129718	**
TC_2103	LT934125.1	-	US1_2-splice-L	3	126752	129714	128321	129714	126752	129714	129714	129714	126752	128321	FALSE	NAGATA	129708	129727	3	115.42859	129718	**
TC_2112	LT934125.1	-	PTO-US1_2-nonsp	1	126752	130831	126752	130831	126752	130831	130831	130831	126752	126752	TRUE	NAGATA	130811	130843	5	1106.576475	130830	***
TC_2112	LT934125.1	-	PTO-US1_2-sp	1	126752	130831	126752	127972	126752	130831	130831	127972	126752	126752	TRUE	NAGATA	130811	130843	5	1106.576475	130830	***
TC_2112	LT934125.1	-	PTO-US1_2-sp	2	126752	130831	128147	128198	126752	130831	130831	128198	126752	128147	FALSE	NAGATA	130811	130843	5	1106.576475	130830	***
TC_2112	LT934125.1	-	PTO-US1_2-sp	3	126752	130831	128321	130831	126752	130831	130831	130831	126752	128321	FALSE	NAGATA	130811	130843	5	1106.576475	130830	***
TC_213	LT934125.1	+	UL34L2-35	1	30932	32415	30932	32415	30932	32415	30932	30932	32415	32415	TRUE	NAGATA	30916	30958	2	90.218536	30937	**
TC_2149	LT934125.1	-	NOIR_2-1S4-2	1	134888	135619	134888	135619	134888	135619	135619	135619	134888	134888	TRUE	NAGATA	135602	135620	1	24.301041	135611	*
TC_215	LT934125.1	+	UL34-35	1	31098	32415	31098	32415	31098	32415	31098	31098	32415	32415	TRUE	NAGATA	31080	31107	6	71695.866303	31098	***
TC_2154	LT934125.1	-	NOIR_2-1S2-2	1	134888	136103	134888	136103	134888	136103	136103	136103	134888	134888	TRUE	NAGATA	136093	136116	2	132.27773	136105	**
TC_2156	LT934125.1	-	NOIR_2-1M-2	1	134888	136235	134888	136235	134888	136235	136235	136235	134888	134888	TRUE	NAGATA	136222	136253	6	59045.92898	136235	***
TC_2156	LT934125.1	-	NOIR_2-1M-splice-2	1	134888	136248	134888	135256	134888	136248	136248	135256	134888	134888	TRUE	NAGATA	136222	136253	6	59045.92898	136235	***
TC_2156	LT934125.1	-	NOIR_2-1M-splice-2	2	134888	136248	135752	136248	134888	136248	136248	136248	134888	135752	FALSE	NAGATA	136222	136253	6	59045.92898	136235	***
TC_2157	LT934125.1	-	NOIR_2-1L-2	1	134888	136285	134888	136285	134888	136285	136285	136285	134888	134888	TRUE	NAGATA	136274	136308	6	2488.29566	136291	***
TC_2159	LT934125.1	-	NOIR_2-1L3-2	1	134888	136409	134888	136409	134888	136409	136409	136409	134888	134888	TRUE	NAGATA	136398	136417	3	85.346054	136407	**
TC_220	LT934125.1	+	UL35-L6	1	31349	32415	31349	32415	31349	32415	31349	31349	32415	32415	TRUE	NAGATA	31348	31391	3	587.025234	31372	***
TC_227	LT934125.1	+	UL35-L2	1	31847	32415	31847	32415	31847	32415	31847	31847	32415	32415	TRUE	NAGATA	31844	31881	6	1420.384425	31864	***
TC_228	LT934125.1	+	UL35-L	1	31930	32415	31930	32415	31930	32415	31930	31930	32415	32415	TRUE	NAGATA	31922	31958	4	5172.41006	31935	***
TC_229	LT934125.1	+	UL35	1	32038	32415	32038	32415	32038	32415	32038	32038	32415	32415	TRUE	NAGATA	31998	32049	6	285532.616687	32037	***
TC_229	LT934125.1	+	UL35-AT	1	32038	32709	32038	32709	32038	32709	32038	32038	32709	32709	TRUE	NAGATA	31998	32049	6	285532.616687	32037	***
TC_230	LT934125.1	+	UL35.2	1	32092	32415	32092	32415	32092	32415	32092	32092	32415	32415	TRUE	NAGATA	32082	32127	4	1064.592174	32100	***
TC_231	LT934125.1	+	TRL35	1	32163	32415	32163	32415	32163	32415	32163	32163	32415	32415	TRUE	NAGATA	32136	32173	4	238.685422	32159	**
TC_252	LT934125.1	+	UL38	1	44812	46038	44812	46038	44812	46038	44812	44812	46038	46038	TRUE	NAGATA	44797	44821	6	38737.454713	44812	***
TC_252	LT934125.1	+	UL38-39-40	1	44812	49647	44812	49647	44812	49647	44812	44812	49647	49647	TRUE	NAGATA	44797	44821	6	38737.454713	44812	***
TC_254	LT934125.1	+	UL38.3	1	44946	46038	44946	46038	44946	46038	44946	44946	46038	46038	TRUE	NAGATA	44937	44979	3	119.030026	44954	**
TC_260	LT934125.1	+	UL38.4	1	45302	46038	45302	46038	45302	46038	45302	45302	46038	46038	TRUE	NAGATA	45276	45315	3	149.917336	45299	**
TC_269	LT934125.1	+	UL39-40-L	1	46026	49647	46026	49647	46026	49647	46026	46026	49647	49647	TRUE	NAGATA	46008	46038	6	10537.450681	46023	***
TC_272	LT934125.1	+	UL39-40	1	46233	49647	46233	49647	46233	49647	46233	46233	49647	49647	TRUE	NAGATA	46218	46244	6	22853.904508	46235	***
TC_276	LT934125.1	+	UL40-L23	1	46489	49647	46489	49647	46489	49647	46489	46489	49647	49647	TRUE	NAGATA	46480	46501	4	409.953043	46489	***
TC_280	LT934125.1	+	UL40-L22	1	46717	49647	46717	49647	46717	49647	46717	46717	49647	49647	TRUE	NAGATA	46701	46719	1	24.301041	46710	*
TC_281	LT934125.1	+	UL40-L21	1	46754	49647	46754	49647	46754	49647	46754	46754	49647	49647	TRUE	NAGATA	46745	46763	1	241.779497	46754	*
TC_288	LT934125.1	+	UL40-L19	1	47188	49647	47188	49647	47188	49647	47188	47188	49647	49647	TRUE	NAGATA	47183	47201	1	27.285874	47192	*
TC_289	LT934125.1	+	UL40-L16	1	47315	49647	47315	49647	47315	49647	47315	47315	49647	49647	TRUE	NAGATA	47301	47329	6	2543.621847	47315	***
TC_291	LT934125.1	+	UL40-L12	1	47567	49647	47567	49647	47567	49647	47567	47567	49647	49647	TRUE	NAGATA	47553	47577	2	90.218536	47565	**
TC_292	LT934125.1	+	UL40-L10	1	47642	49647	47642	49647	47642	49647	47642	47642	49647	49647	TRUE	NAGATA	47633	47657	2	100.188997	47642	**
TC_292	LT934125.1	+	UL40-L9	1	47655	49647	47655	49647	47655	49647	47655	47655	49647	49647	TRUE	NAGATA	47633	47657	2	100.188997	47642	**
TC_296	LT934125.1	+	UL40-L6	1	47872	49647	47872	49647	47872	49647	47872	47872	49647	49647	TRUE	NAGATA	47868	47907	3	721.010369	47888	***
TC_299	LT934125.1	+	UL40-L4	1	48069	49647	48069	49647	48069	49647	48069	48069	49647	49647	TRUE	NAGATA	48030	48075	3	204.738113	48049	**
TC_3	LT934125.1	+	ORF-1M2	1	990	2273	990	2273	990	2273	990	990	2273	2273	TRUE	NAGATA	976	999	6	23498.565689	990	***
TC_303	LT934125.1	+	UL40-L3	1	48294	49647	48294	49647	48294	49647	48294	48294	49647	49647	TRUE	NAGATA	48250	48303	5	1516.860735	48276	***
TC_305	LT934125.1	+	UL40-L2	1	48412	49647	48412	49647	48412	49647	48412	48412	49647	49647	TRUE	NAGATA	48398	48421	2	45.293055	48410	*
TC_307	LT934125.1	+	UL40	1	48567	49647	48567	49647	48567	49647	48567	48567	49647	49647	TRUE	NAGATA	48545	48579	6	139579.392918	48566	***
TC_309	LT934125.1	+	UL40.2	1	48691	49647	48691	49647	48691	49647	48691	48691	49647	49647	TRUE	NAGATA	48677	48701	1	136.42937	48686	*
TC_311	LT934125.1	+	UL40.3-S	1	48803	49647	48803	49647	48803	49647	48803	48803	49647	49647	TRUE	NAGATA	48730	48813	5	2808.863206	48767	***
TC_313	LT934125.1	+	UL40.3-S2	1	48931	49647	48931	49647	48931	49647	48931	48931	49647	49647	TRUE	NAGATA	48869	48938	4	1489.582387	48908	***
TC_316	LT934125.1	+	TRL40	1	49115	49647	49115	49647	49115	49647	49115	49115	49647	49647	TRUE	NAGATA	49103	49141	4	1315.518049	49115	***
TC_317	LT934125.1	+	UL40.6	1	49196	49647	49196	49647	49196	49647	49196	49196	49647	49647	TRUE	NAGATA	49166	49233	6	1954.607015	49203	***
TC_318	LT934125.1	+	UL40.6-S	1	49263	49647	49263	49647	49263	49647	49263	49263	49647	49647	TRUE	NAGATA	49252	49281	1	245.572866	49265	*
TC_329	LT934125.1	+	UL42-43-L	1	50133	53594	50133	53594	50133	53594	50133	50133	53594	53594	TRUE	NAGATA	50133	50173	4	506.465439	50154	***
TC_338	LT934125.1	+	UL42-L1	1	51148	52437	51148	52437	51148	52437	51148	51148	52437	52437	TRUE	NAGATA	51138	51161	4	466.055948	51148	***
TC_338	LT934125.1	+	UL42L-43	1	51148	53594	51148	53594	51148	53594	51148	51148	53594	53594	TRUE	NAGATA	51138	51161	4	466.055948	51148	***
TC_338	LT934125.1	+	UL42L-43-44	1	51148	55161	51148	55161	51148	55161	51148	51148	55161	55161	TRUE	NAGATA	51138	51161	4	466.055948	51148	***
TC_339	LT934125.1	+	UL42	1	51235	52437	51235	52437	51235	52437	51235	51235	52437	52437	TRUE	NAGATA	51221	51248	6	68419.426177	51235	***
TC_339	LT934125.1	+	UL42-43-44	1	51235	55161	51235	55161	51235	55161	51235	51235	55161	55161	TRUE	NAGATA	51221	51248	6	68419.426177	51235	***
TC_351	LT934125.1	+	UL42.5	1	52121	52437	52121	52437	52121	52437	52121	52121	52437	52437	TRUE	NAGATA	52082	52134	6	2328.531085	52113	***
TC_351	LT934125.1	+	UL43-L2	1	52121	53594	52121	53594	52121	53594	52121	52121	53594	53594	TRUE	NAGATA	52082	52134	6	2328.531085	52113	***
TC_355	LT934125.1	+	UL42.5-S	1	52306	52437	52306	52437	52306	52437	52306	52306	52437	52437	TRUE	NAGATA	52293	52326	2	309.310303	52316	**
TC_355	LT934125.1	+	UL43-L	1	52306	53594	52306	53594	52306	53594	52306	52306	53594	53594	TRUE	NAGATA	52293	52326	2	309.310303	52316	**
TC_357	LT934125.1	+	UL43	1	52444	53594	52444	53594	52444	53594	52444	52444	53594	53594	TRUE	NAGATA	52425	52470	6	25485.451385	52460	***
TC_357	LT934125.1	+	UL43-44	1	52460	55161	52460	55161	52460	55161	52460	52460	55161	55161	TRUE	NAGATA	52425	52470	6	25485.451385	52460	***
TC_357	LT934125.1	+	UL43-S	1	52460	53594	52460	53594	52460	53594	52460	52460	53594	53594	TRUE	NAGATA	52425	52470	6	25485.451385	52460	***
TC_359	LT934125.1	+	UL43.6	1	52649	53594	52649	53594	52649	53594	52649	52649	53594	53594	TRUE	NAGATA	52643	52661	1	27.285874	52652	*
TC_359	LT934125.1	+	UL44-L6	1	52649	55161	52649	55161	52649	55161	52649	52649	55161	55161	TRUE	NAGATA	52643	52661	1	27.285874	52652	*
TC_376	LT934125.1	+	UL44	1	53648	55161	53648	55161	53648	55161	53648	53648	55161	55161	TRUE	NAGATA	53626	53661	6	39830.489408	53648	***
TC_376	LT934125.1	+	UL44-AT	1	53648	55271	53648	55271	53648	55271	53648	53648	55271	55271	TRUE	NAGATA	53626	53661	6	39830.489408	53648	***
TC_380	LT934125.1	+	UL44.4-S2	1	53910	55161	53910	55161	53910	55161	53910	53910	55161	55161	TRUE	NAGATA	53893	53940	6	1090.632313	53922	***
TC_380	LT934125.1	+	UL44.4-S2-AT	1	53910	55271	53910	55271	53910	55271	53910	53910	55271	55271	TRUE	NAGATA	53893	53940	6	1090.632313	53922	***
TC_380	LT934125.1	+	UL44.4-S3	1	53934	55161	53934	55161	53934	55161	53934	53934	55161	55161	TRUE	NAGATA	53893	53940	6	1090.632313	53922	***
TC_382	LT934125.1	+	UL44.4-S5	1	53996	55161	53996	55161	53996	55161	53996	53996	55161	55161	TRUE	NAGATA	53981	54015	4	815.56549	54002	***
TC_382	LT934125.1	+	UL44.4-S5-AT	1	53996	55271	53996	55271	53996	55271	53996	53996	55271	55271	TRUE	NAGATA	53981	54015	4	815.56549	54002	***
TC_386	LT934125.1	+	UL44.4-S7	1	54165	55161	54165	55161	54165	55161	54165	54165	55161	55161	TRUE	NAGATA	54159	54177	2	78.872789	54168	*
TC_387	LT934125.1	+	UL44.4-S9	1	54245	55161	54245	55161	54245	55161	54245	54245	55161	55161	TRUE	NAGATA	54242	54261	2	51.586915	54252	*
TC_387	LT934125.1	+	UL44.4-S9-AT	1	54245	55271	54245	55271	54245	55271	54245	54245	55271	55271	TRUE	NAGATA	54242	54261	2	51.586915	54252	*
TC_388	LT934125.1	+	UL44.4-S10	1	54290	55161	54290	55161	54290	55161	54290	54290	55161	55161	TRUE	NAGATA	54273	54316	4	168.361717	54293	**
TC_388	LT934125.1	+	UL44.4-S11	1	54306	55161	54306	55161	54306	55161	54306	54306	55161	55161	TRUE	NAGATA	54273	54316	4	168.361717	54293	**
TC_389	LT934125.1	+	UL44.4-S12	1	54337	55161	54337	55161	54337	55161	54337	54337	55161	55161	TRUE	NAGATA	54333	54369	2	595.145045	54351	**
TC_389	LT934125.1	+	UL44.4-S13	1	54366	55161	54366	55161	54366	55161	54366	54366	55161	55161	TRUE	NAGATA	54333	54369	2	595.145045	54351	**
TC_392	LT934125.1	+	UL44.4-S16	1	54475	55161	54475	55161	54475	55161	54475	54475	55161	55161	TRUE	NAGATA	54460	54484	3	451.111991	54472	***
TC_393	LT934125.1	+	UL44.4-S19	1	54561	55161	54561	55161	54561	55161	54561	54561	55161	55161	TRUE	NAGATA	54544	54579	2	90.218536	54562	**
TC_398	LT934125.1	+	UL44.4-S21	1	54834	55161	54834	55161	54834	55161	54834	54834	55161	55161	TRUE	NAGATA	54825	54843	1	24.301041	54834	*
TC_410	LT934125.1	+	UL25-24-23	1	55896	60251	55896	60251	55896	60251	55896	55896	60251	60251	TRUE	NAGATA	55891	55909	4	886.977075	55900	***
TC_424	LT934125.1	+	UL23-L2	1	58625	60251	58625	60251	58625	60251	58625	58625	60251	60251	TRUE	NAGATA	58613	58634	4	169.887333	58624	**
TC_424	LT934125.1	+	UL23L-22	1	58625	62340	58625	62340	58625	62340	58625	58625	62340	62340	TRUE	NAGATA	58613	58634	4	169.887333	58624	**
TC_428	LT934125.1	+	UL23	1	59068	60251	59068	60251	59068	60251	59068	59068	60251	60251	TRUE	NAGATA	59048	59079	6	32085.911969	59068	***
TC_428	LT934125.1	+	UL23-22	1	59068	62340	59068	62340	59068	62340	59068	59068	62340	62340	TRUE	NAGATA	59048	59079	6	32085.911969	59068	***
TC_428	LT934125.1	+	UL23-AT	1	59068	60354	59068	60354	59068	60354	59068	59068	60354	60354	TRUE	NAGATA	59048	59079	6	32085.911969	59068	***
TC_434	LT934125.1	+	UL23.4-S	1	59412	60251	59412	60251	59412	60251	59412	59412	60251	60251	TRUE	NAGATA	59389	59430	2	90.218536	59410	**
TC_44	LT934125.1	+	UL51	1	7588	8523	7588	8523	7588	8523	7588	7588	8523	8523	TRUE	NAGATA	7576	7600	5	9331.639306	7591	***
TC_44	LT934125.1	+	UL51-50-49.5-49	1	7588	10426	7588	10426	7588	10426	7588	7588	10426	10426	TRUE	NAGATA	7576	7600	5	9331.639306	7591	***
TC_440	LT934125.1	+	UL22-L	1	59793	62340	59793	62340	59793	62340	59793	59793	62340	62340	TRUE	NAGATA	59722	59802	6	1748.41845	59779	***
TC_440	LT934125.1	+	UL23.6	1	59793	60251	59793	60251	59793	60251	59793	59793	60251	60251	TRUE	NAGATA	59722	59802	6	1748.41845	59779	***
TC_443	LT934125.1	+	UL22	1	60234	62340	60234	62340	60234	62340	60234	60234	62340	62340	TRUE	NAGATA	60223	60248	5	7924.933019	60233	***
TC_443	LT934125.1	+	UL22-AT	1	60234	63051	60234	63051	60234	63051	60234	60234	63051	63051	TRUE	NAGATA	60223	60248	5	7924.933019	60233	***
TC_457	LT934125.1	+	UL22.5	1	61078	62340	61078	62340	61078	62340	61078	61078	62340	62340	TRUE	NAGATA	61067	61087	3	159.262428	61077	**
TC_462	LT934125.1	+	UL22.8	1	61621	62340	61621	62340	61621	62340	61621	61621	62340	62340	TRUE	NAGATA	61616	61637	2	90.218536	61626	**
TC_469	LT934125.1	+	UL22.11	1	62000	62340	62000	62340	62000	62340	62000	62000	62340	62340	TRUE	NAGATA	61985	62003	1	54.571748	61994	*
TC_47	LT934125.1	+	UL51.5	1	7811	8523	7811	8523	7811	8523	7811	7811	8523	8523	TRUE	NAGATA	7799	7820	3	175.932164	7811	**
TC_479	LT934125.1	+	nc-CTO-S	1	63176	63421	63176	63421	63176	63421	63176	63176	63421	63421	TRUE	NAGATA	63165	63183	1	27.285874	63174	*
TC_495	LT934125.1	+	UL20	1	65806	66392	65806	66392	65806	66392	65806	65806	66392	66392	TRUE	NAGATA	65793	65818	6	7122.257872	65806	***
TC_495	LT934125.1	+	UL20-19	1	65806	70521	65806	70521	65806	70521	65806	65806	70521	70521	TRUE	NAGATA	65793	65818	6	7122.257872	65806	***
TC_500	LT934125.1	+	UL19	1	66338	70521	66338	70521	66338	70521	66338	66338	70521	70521	TRUE	NAGATA	66321	66347	6	136431.887615	66338	***
TC_500	LT934125.1	+	UL19-18	1	66338	71544	66338	71544	66338	71544	66338	66338	71544	71544	TRUE	NAGATA	66321	66347	6	136431.887615	66338	***
TC_508	LT934125.1	+	UL19.9	1	66797	70521	66797	70521	66797	70521	66797	66797	70521	70521	TRUE	NAGATA	66789	66810	3	198.444253	66800	**
TC_51	LT934125.1	+	UL50-49.5-49	1	8597	10426	8597	10426	8597	10426	8597	8597	10426	10426	TRUE	NAGATA	8596	8614	1	62.932662	8605	*
TC_520	LT934125.1	+	UL19.12-S	1	67505	70521	67505	70521	67505	70521	67505	67505	70521	70521	TRUE	NAGATA	67502	67539	2	78.872789	67520	*
TC_522	LT934125.1	+	UL19.16	1	67731	70521	67731	70521	67731	70521	67731	67731	70521	70521	TRUE	NAGATA	67730	67748	1	125.865324	67739	*
TC_528	LT934125.1	+	UL19.19	1	68058	70521	68058	70521	68058	70521	68058	68058	70521	70521	TRUE	NAGATA	68053	68071	1	54.571748	68062	*
TC_531	LT934125.1	+	UL19.20	1	68267	70521	68267	70521	68267	70521	68267	68267	70521	70521	TRUE	NAGATA	68258	68302	6	1035.985399	68280	***
TC_533	LT934125.1	+	UL19.24-S	1	68457	70521	68457	70521	68457	70521	68457	68457	70521	70521	TRUE	NAGATA	68451	68469	2	68.977493	68460	*
TC_537	LT934125.1	+	UL18-L15	1	68667	71544	68667	71544	68667	71544	68667	68667	71544	71544	TRUE	NAGATA	68634	68674	2	90.218536	68654	**
TC_537	LT934125.1	+	UL19.25	1	68667	70521	68667	70521	68667	70521	68667	68667	70521	70521	TRUE	NAGATA	68634	68674	2	90.218536	68654	**
TC_539	LT934125.1	+	UL19.25-S	1	68783	70521	68783	70521	68783	70521	68783	68783	70521	70521	TRUE	NAGATA	68776	68796	1	81.857622	68787	*
TC_545	LT934125.1	+	UL18-L13	1	69244	71544	69244	71544	69244	71544	69244	69244	71544	71544	TRUE	NAGATA	69238	69256	1	27.285874	69247	*
TC_55	LT934125.1	+	UL49.5L-49	1	8899	10426	8899	10426	8899	10426	8899	8899	10426	10426	TRUE	NAGATA	8893	8913	4	356.299074	8903	***
TC_551	LT934125.1	+	UL18-L9	1	69611	71544	69611	71544	69611	71544	69611	69611	71544	71544	TRUE	NAGATA	69597	69622	2	144.790284	69613	**
TC_552	LT934125.1	+	UL18-L8	1	69671	71544	69671	71544	69671	71544	69671	69671	71544	71544	TRUE	NAGATA	69657	69675	2	90.218536	69666	**
TC_552	LT934125.1	+	UL19.35-S	1	69671	70521	69671	70521	69671	70521	69671	69671	70521	70521	TRUE	NAGATA	69657	69675	2	90.218536	69666	**
TC_554	LT934125.1	+	UL18-L6	1	69765	71544	69765	71544	69765	71544	69765	69765	71544	71544	TRUE	NAGATA	69753	69777	4	880.8847	69765	***
TC_554	LT934125.1	+	UL19.37	1	69765	70521	69765	70521	69765	70521	69765	69765	70521	70521	TRUE	NAGATA	69753	69777	4	880.8847	69765	***
TC_556	LT934125.1	+	UL18-L5	1	69947	71544	69947	71544	69947	71544	69947	69947	71544	71544	TRUE	NAGATA	69937	69959	3	213.767777	69948	**
TC_556	LT934125.1	+	UL19.38-S	1	69947	70521	69947	70521	69947	70521	69947	69947	70521	70521	TRUE	NAGATA	69937	69959	3	213.767777	69948	**
TC_557	LT934125.1	+	UL18-L3	1	70090	71544	70090	71544	70090	71544	70090	70090	71544	71544	TRUE	NAGATA	70078	70099	6	4102.08846	70090	***
TC_558	LT934125.1	+	UL18-L2	1	70132	71544	70132	71544	70132	71544	70132	70132	71544	71544	TRUE	NAGATA	70126	70153	5	1632.957235	70135	***
TC_558	LT934125.1	+	nc-UL19	1	70132	70521	70132	70521	70132	70521	70132	70132	70521	70521	TRUE	NAGATA	70126	70153	5	1632.957235	70135	***
TC_563	LT934125.1	+	UL18	1	70529	71544	70529	71544	70529	71544	70529	70529	71544	71544	TRUE	NAGATA	70516	70543	6	66142.025299	70530	***
TC_563	LT934125.1	+	UL18-17-16	1	70529	75645	70529	75645	70529	75645	70529	70529	75645	75645	TRUE	NAGATA	70516	70543	6	66142.025299	70530	***
TC_563	LT934125.1	+	UL18-AT	1	70529	71518	70529	71518	70529	71518	70529	70529	71518	71518	TRUE	NAGATA	70516	70543	6	66142.025299	70530	***
TC_58	LT934125.1	+	UL49.5-49-48-47-46	1	9113	16224	9113	16224	9113	16224	9113	9113	16224	16224	TRUE	NAGATA	9099	9124	6	31004.025366	9111	***
TC_59	LT934125.1	+	UL49.5-S-49	1	9270	10426	9270	10426	9270	10426	9270	9270	10426	10426	TRUE	NAGATA	9248	9279	6	96386.194546	9270	***
TC_592	LT934125.1	+	UL17L-16	1	72652	75645	72652	75645	72652	75645	72652	72652	75645	75645	TRUE	NAGATA	72652	72670	1	241.779497	72661	*
TC_593	LT934125.1	+	UL17-16	1	72759	75645	72759	75645	72759	75645	72759	72759	75645	75645	TRUE	NAGATA	72747	72772	5	7816.302683	72760	***
TC_60	LT934125.1	+	UL49-L3	1	9338	10426	9338	10426	9338	10426	9338	9338	10426	10426	TRUE	NAGATA	9330	9348	2	77.338407	9339	*
TC_601	LT934125.1	+	UL16	1	74400	75645	74400	75645	74400	75645	74400	74400	75645	75645	TRUE	NAGATA	74388	74414	6	18862.241721	74400	***
TC_61	LT934125.1	+	UL49-L2	1	9412	10426	9412	10426	9412	10426	9412	9412	10426	10426	TRUE	NAGATA	9402	9432	6	6723.976813	9415	***
TC_613	LT934125.1	+	UL16.2-S2	1	75311	75645	75311	75645	75311	75645	75311	75311	75645	75645	TRUE	NAGATA	75293	75317	1	81.857622	75302	*
TC_621	LT934125.1	+	UL14-13-12-11	1	76683	79996	76683	79996	76683	79996	76683	76683	79996	79996	TRUE	NAGATA	76668	76694	6	5652.708033	76684	***
TC_627	LT934125.1	+	UL13-12-11	1	76990	79996	76990	79996	76990	79996	76990	76990	79996	79996	TRUE	NAGATA	76978	77001	5	1122.738068	76989	***
TC_63	LT934125.1	+	UL49-L	1	9548	10426	9548	10426	9548	10426	9548	9548	10426	10426	TRUE	NAGATA	9536	9567	5	1685.312489	9548	***
TC_630	LT934125.1	+	UL12-11	1	78035	79996	78035	79996	78035	79996	78035	78035	79996	79996	TRUE	NAGATA	78028	78056	5	2439.0185	78040	***
TC_633	LT934125.1	+	UL-11-L6	1	78825	79996	78825	79996	78825	79996	78825	78825	79996	79996	TRUE	NAGATA	78818	78852	2	144.790284	78832	**
TC_637	LT934125.1	+	UL-11-L3	1	79062	79996	79062	79996	79062	79996	79062	79062	79996	79996	TRUE	NAGATA	79046	79079	2	153.151198	79062	**
TC_638	LT934125.1	+	UL-11-L7	1	79143	79996	79143	79996	79143	79996	79143	79143	79996	79996	TRUE	NAGATA	79133	79151	1	21.608618	79142	*
TC_641	LT934125.1	+	UL11	1	79444	79996	79444	79996	79444	79996	79444	79444	79996	79996	TRUE	NAGATA	79430	79456	6	113668.029218	79444	***
TC_65	LT934125.1	+	UL49	1	9646	10426	9646	10426	9646	10426	9646	9646	10426	10426	TRUE	NAGATA	9629	9656	6	122944.445765	9646	***
TC_654	LT934125.1	+	UL9L-8	1	81082	86167	81082	86167	81082	86167	81082	81082	86167	86167	TRUE	NAGATA	81072	81091	6	6011.888254	81082	***
TC_66	LT934125.1	+	UL49.1	1	9699	10426	9699	10426	9699	10426	9699	9699	10426	10426	TRUE	NAGATA	9698	9737	2	1953.842948	9718	**
TC_674	LT934125.1	+	UL8-L	1	83792	86167	83792	86167	83792	86167	83792	83792	86167	86167	TRUE	NAGATA	83783	83801	2	269.065371	83792	**
TC_675	LT934125.1	+	UL8	1	83975	86167	83975	86167	83975	86167	83975	83975	86167	86167	TRUE	NAGATA	83964	83991	3	644.429674	83978	***
TC_70	LT934125.1	+	UL49.1-S	1	9930	10426	9930	10426	9930	10426	9930	9930	10426	10426	TRUE	NAGATA	9923	9958	6	3287.384727	9933	***
TC_700	LT934125.1	+	UL5	1	88883	91559	88883	91559	88883	91559	88883	88883	91559	91559	TRUE	NAGATA	88875	88897	6	7692.101999	88885	***
TC_700	LT934125.1	+	UL5-4	1	88883	92059	88883	92059	88883	92059	88883	88883	92059	92059	TRUE	NAGATA	88875	88897	6	7692.101999	88885	***
TC_703	LT934125.1	+	UL5-4-M	1	89133	92059	89133	92059	89133	92059	89133	89133	92059	92059	TRUE	NAGATA	89121	89144	3	428.091245	89132	***
TC_703	LT934125.1	+	UL5.3	1	89133	91559	89133	91559	89133	91559	89133	89133	91559	91559	TRUE	NAGATA	89121	89144	3	428.091245	89132	***
TC_712	LT934125.1	+	UL4-L5	1	89883	92059	89883	92059	89883	92059	89883	89883	92059	92059	TRUE	NAGATA	89868	89919	5	1567.100599	89891	***
TC_712	LT934125.1	+	UL5.5	1	89883	91559	89883	91559	89883	91559	89883	89883	91559	91559	TRUE	NAGATA	89868	89919	5	1567.100599	89891	***
TC_716	LT934125.1	+	UL5-4-S	1	90381	92059	90381	92059	90381	92059	90381	90381	92059	92059	TRUE	NAGATA	90372	90390	2	88.038477	90381	**
TC_725	LT934125.1	+	UL4-L	1	91360	92059	91360	92059	91360	92059	91360	91360	92059	92059	TRUE	NAGATA	91349	91374	4	688.423579	91361	***
TC_726	LT934125.1	+	UL4	1	91409	92059	91409	92059	91409	92059	91409	91409	92059	92059	TRUE	NAGATA	91395	91421	6	7125.268962	91409	***
TC_728	LT934125.1	+	UL4.2	1	91548	92059	91548	92059	91548	92059	91548	91548	92059	92059	TRUE	NAGATA	91533	91557	5	1336.803282	91547	***
TC_74	LT934125.1	+	UL49.1-S4	1	10135	10426	10135	10426	10135	10426	10135	10135	10426	10426	TRUE	NAGATA	10126	10175	5	759.504515	10154	***
TC_74	LT934125.1	+	UL49.1-S5	1	10159	10426	10159	10426	10159	10426	10159	10159	10426	10426	TRUE	NAGATA	10126	10175	5	759.504515	10154	***
TC_76	LT934125.1	+	UL49.1-S6	1	10252	10426	10252	10426	10252	10426	10252	10252	10426	10426	TRUE	NAGATA	10249	10276	1	54.571748	10258	*
TC_78	LT934125.1	+	UL48-47-46	1	10431	16224	10431	16224	10431	16224	10431	10431	16224	16224	TRUE	NAGATA	10417	10444	5	12852.35641	10430	***
TC_78	LT934125.1	+	UL48-L-AT	1	10431	12084	10431	12084	10431	12084	10431	10431	12084	12084	TRUE	NAGATA	10417	10444	5	12852.35641	10430	***
TC_794	LT934125.1	+	ELIE-2-L	1	101291	102393	101291	102393	101291	102393	101291	101291	102393	102393	TRUE	NAGATA	101281	101305	2	947.545706	101293	**
TC_8	LT934125.1	+	ORF-1M1	1	1335	2273	1335	2273	1335	2273	1335	1335	2273	2273	TRUE	NAGATA	1318	1348	6	6740.009665	1336	***
TC_822	LT934125.1	+	NOIR-L3	1	107309	108830	107309	108830	107309	108830	107309	107309	108830	108830	TRUE	NAGATA	107300	107319	3	85.346054	107310	**
TC_825	LT934125.1	+	NOIR-1M	1	107483	108830	107483	108830	107483	108830	107483	107483	108830	108830	TRUE	NAGATA	107464	107495	6	59045.92898	107482	***
TC_825	LT934125.1	+	NOIR-1M-splice	1	107483	108830	107483	107615	107483	108830	107483	107483	108830	107615	FALSE	NAGATA	107464	107495	6	59045.92898	107482	***
TC_825	LT934125.1	+	NOIR-1M-splice	2	107483	108830	108460	108830	107483	108830	107483	108460	108830	108830	TRUE	NAGATA	107464	107495	6	59045.92898	107482	***
TC_826	LT934125.1	+	NOIR-1S	1	107615	108830	107615	108830	107615	108830	107615	107615	108830	108830	TRUE	NAGATA	107601	107624	2	132.27773	107612	**
TC_834	LT934125.1	+	NOIR-1S4	1	108228	108830	108228	108830	108228	108830	108228	108228	108830	108830	TRUE	NAGATA	108220	108238	1	36.451562	108229	*
TC_864	LT934125.1	+	PTO-US1-nonsp	1	112884	116961	112884	116961	112884	116961	112884	112884	116961	116961	TRUE	NAGATA	112874	112897	4	1079.290601	112884	***
TC_864	LT934125.1	+	PTO-US1-sp	1	112884	116961	112884	115138	112884	116961	112884	112884	116961	115138	FALSE	NAGATA	112874	112897	4	1079.290601	112884	***
TC_864	LT934125.1	+	PTO-US1-sp	2	112884	116961	115256	115308	112884	116961	112884	115256	116961	115308	FALSE	NAGATA	112874	112897	4	1079.290601	112884	***
TC_864	LT934125.1	+	PTO-US1-sp	3	112884	116961	115464	116961	112884	116961	112884	115464	116961	116961	TRUE	NAGATA	112874	112897	4	1079.290601	112884	***
TC_872	LT934125.1	+	US1-splice-L	1	114001	116961	114001	115138	114001	116961	114001	114001	116961	115138	FALSE	NAGATA	113990	114009	3	115.42859	113999	**
TC_872	LT934125.1	+	US1-splice-L	2	114001	116961	115256	115308	114001	116961	114001	115256	116961	115308	FALSE	NAGATA	113990	114009	3	115.42859	113999	**
TC_872	LT934125.1	+	US1-splice-L	3	114001	116961	115464	116961	114001	116961	114001	115464	116961	116961	TRUE	NAGATA	113990	114009	3	115.42859	113999	**
TC_876	LT934125.1	+	US1-splice-L2	1	114832	116961	114832	115138	114832	116961	114832	114832	116961	115138	FALSE	NAGATA	114820	114846	2	200.154814	114832	**
TC_876	LT934125.1	+	US1-splice-L2	2	114832	116961	115256	115308	114832	116961	114832	115256	116961	115308	FALSE	NAGATA	114820	114846	2	200.154814	114832	**
TC_876	LT934125.1	+	US1-splice-L2	3	114832	116961	115464	116961	114832	116961	114832	115464	116961	116961	TRUE	NAGATA	114820	114846	2	200.154814	114832	**
TC_877	LT934125.1	+	US1	1	114984	116961	114984	116961	114984	116961	114984	114984	116961	116961	TRUE	NAGATA	114971	114997	6	180876.841269	114985	***
TC_877	LT934125.1	+	US1-splice	1	114984	116961	114984	115138	114984	116961	114984	114984	116961	115138	FALSE	NAGATA	114971	114997	6	180876.841269	114985	***
TC_877	LT934125.1	+	US1-splice	2	114984	116961	115256	115308	114984	116961	114984	115256	116961	115308	FALSE	NAGATA	114971	114997	6	180876.841269	114985	***
TC_877	LT934125.1	+	US1-splice	3	114984	116961	115464	116961	114984	116961	114984	115464	116961	116961	TRUE	NAGATA	114971	114997	6	180876.841269	114985	***
TC_877	LT934125.1	+	US1-splice-2	1	114984	116961	114984	115139	114984	116961	114984	114984	116961	115139	FALSE	NAGATA	114971	114997	6	180876.841269	114985	***
TC_877	LT934125.1	+	US1-splice-2	2	114984	116961	115257	116961	114984	116961	114984	115257	116961	116961	TRUE	NAGATA	114971	114997	6	180876.841269	114985	***
TC_877	LT934125.1	+	US1-splice-3	1	114984	116961	114984	115186	114984	116961	114984	114984	116961	115186	FALSE	NAGATA	114971	114997	6	180876.841269	114985	***
TC_877	LT934125.1	+	US1-splice-3	2	114984	116961	115474	116961	114984	116961	114984	115474	116961	116961	TRUE	NAGATA	114971	114997	6	180876.841269	114985	***
TC_877	LT934125.1	+	US1-splice-4	1	114984	116961	114984	115169	114984	116961	114984	114984	116961	115169	FALSE	NAGATA	114971	114997	6	180876.841269	114985	***
TC_877	LT934125.1	+	US1-splice-4	2	114984	116961	115465	116961	114984	116961	114984	115465	116961	116961	TRUE	NAGATA	114971	114997	6	180876.841269	114985	***
TC_877	LT934125.1	+	US1-splice-5	1	114984	116961	114984	115180	114984	116961	114984	114984	116961	115180	FALSE	NAGATA	114971	114997	6	180876.841269	114985	***
TC_877	LT934125.1	+	US1-splice-5	2	114984	116961	115465	116961	114984	116961	114984	115465	116961	116961	TRUE	NAGATA	114971	114997	6	180876.841269	114985	***
TC_877	LT934125.1	+	US1-splice-6	1	114984	116961	114984	115309	114984	116961	114984	114984	116961	115309	FALSE	NAGATA	114971	114997	6	180876.841269	114985	***
TC_877	LT934125.1	+	US1-splice-6	2	114984	116961	115465	116961	114984	116961	114984	115465	116961	116961	TRUE	NAGATA	114971	114997	6	180876.841269	114985	***
TC_904	LT934125.1	+	TRS1-L2	1	116552	116961	116552	116961	116552	116961	116552	116552	116961	116961	TRUE	NAGATA	116490	116553	5	10896.242244	116530	***
TC_904	LT934125.1	+	TRS1-L3	1	116541	116961	116541	116961	116541	116961	116541	116541	116961	116961	TRUE	NAGATA	116490	116553	5	10896.242244	116530	***
TC_905	LT934125.1	+	TRS1-L	1	116600	116961	116600	116961	116600	116961	116600	116600	116961	116961	TRUE	NAGATA	116534	116621	6	18190.28677	116588	***
TC_906	LT934125.1	+	TRS1	1	116628	116961	116628	116961	116628	116961	116628	116628	116961	116961	TRUE	NAGATA	116616	116664	2	6403.930201	116641	**
TC_907	LT934125.1	+	TRS1-S	1	116715	116961	116715	116961	116715	116961	116715	116715	116961	116961	TRUE	NAGATA	116700	116729	6	6308.806055	116719	***
TC_916	LT934125.1	+	US3-L-4	1	117607	120477	117607	120477	117607	120477	117607	117607	120477	120477	TRUE	NAGATA	117592	117617	6	4852.268621	117606	***
TC_918	LT934125.1	+	US3-4	1	117769	120477	117769	120477	117769	120477	117769	117769	120477	120477	TRUE	NAGATA	117757	117779	6	19456.349928	117768	***
TC_93	LT934125.1	+	UL47-46	1	11793	16224	11793	16224	11793	16224	11793	11793	16224	16224	TRUE	NAGATA	11776	11806	6	172970.721939	11793	***
TC_93	LT934125.1	+	nc-UL47	1	11793	12084	11793	12084	11793	12084	11793	11793	12084	12084	TRUE	NAGATA	11776	11806	6	172970.721939	11793	***
TC_932	LT934125.1	+	US4	1	118864	120477	118864	120477	118864	120477	118864	118864	120477	120477	TRUE	NAGATA	118844	118875	6	329925.689345	118864	***
TC_932	LT934125.1	+	US4-6-7	1	118864	122915	118864	122915	118864	122915	118864	118864	122915	122915	TRUE	NAGATA	118844	118875	6	329925.689345	118864	***
TC_932	LT934125.1	+	US4-AT	1	118864	121347	118864	121347	118864	121347	118864	118864	121347	121347	TRUE	NAGATA	118844	118875	6	329925.689345	118864	***
TC_940	LT934125.1	+	US4.3-S	1	119221	120477	119221	120477	119221	120477	119221	119221	120477	120477	TRUE	NAGATA	119213	119240	1	125.865324	119222	*
TC_942	LT934125.1	+	US4.5	1	119344	120477	119344	120477	119344	120477	119344	119344	120477	120477	TRUE	NAGATA	119336	119355	3	310.75699	119346	***
TC_944	LT934125.1	+	US4.5-S2	1	119436	120477	119436	120477	119436	120477	119436	119436	120477	120477	TRUE	NAGATA	119418	119446	5	1505.153972	119428	***
TC_962	LT934125.1	+	US6	1	120555	121842	120555	121842	120555	121842	120555	120555	121842	121842	TRUE	NAGATA	120543	120574	6	31693.564651	120554	***
TC_962	LT934125.1	+	US6-7	1	120555	122915	120555	122915	120555	122915	120555	120555	122915	122915	TRUE	NAGATA	120543	120574	6	31693.564651	120554	***
TC_962	LT934125.1	+	US6-7-8-9-2	1	120555	126151	120555	126151	120555	126151	120555	120555	126151	126151	TRUE	NAGATA	120543	120574	6	31693.564651	120554	***
TC_966	LT934125.1	+	US7-L	1	120934	122915	120934	122915	120934	122915	120934	120934	122915	122915	TRUE	NAGATA	120921	120946	6	1366.669543	120932	***
TC_974	LT934125.1	+	US7-L3	1	121715	122915	121715	122915	121715	122915	121715	121715	122915	122915	TRUE	NAGATA	121698	121726	5	2684.782767	121712	***
TC_975	LT934125.1	+	US7	1	121784	122915	121784	122915	121784	122915	121784	121784	122915	122915	TRUE	NAGATA	121773	121795	6	53629.581895	121784	***
TC_975	LT934125.1	+	US7-8-9	1	121784	125230	121784	125230	121784	125230	121784	121784	125230	125230	TRUE	NAGATA	121773	121795	6	53629.581895	121784	***
TC_975	LT934125.1	+	US7-8-9-2	1	121784	126151	121784	126151	121784	126151	121784	121784	126151	126151	TRUE	NAGATA	121773	121795	6	53629.581895	121784	***
TC_975	LT934125.1	+	US7-8-9-2-AT1	1	121784	126191	121784	126191	121784	126191	121784	121784	126191	126191	TRUE	NAGATA	121773	121795	6	53629.581895	121784	***
TC_977	LT934125.1	+	US7.3	1	121886	122915	121886	122915	121886	122915	121886	121886	122915	122915	TRUE	NAGATA	121881	121914	4	742.618987	121900	***
TC_982	LT934125.1	+	US7.3-S	1	122258	122915	122258	122915	122258	122915	122258	122258	122915	122915	TRUE	NAGATA	122235	122261	1	81.857622	122244	*
TC_985	LT934125.1	+	US7.3-S2	1	122463	122915	122463	122915	122463	122915	122463	122463	122915	122915	TRUE	NAGATA	122454	122483	5	639.736113	122468	***
TC_991	LT934125.1	+	US8-9	1	122979	125230	122979	125230	122979	125230	122979	122979	125230	125230	TRUE	NAGATA	122964	122997	6	31795.941143	122978	***
TC_991	LT934125.1	+	US8-9-2	1	122979	126151	122979	126151	122979	126151	122979	122979	126151	126151	TRUE	NAGATA	122964	122997	6	31795.941143	122978	***
TC_991	LT934125.1	+	US8-9-2-AT1	1	122979	126191	122979	126191	122979	126191	122979	122979	126191	126191	TRUE	NAGATA	122964	122997	6	31795.941143	122978	***
TC_995	LT934125.1	+	US9-L6	1	123560	125230	123560	125230	123560	125230	123560	123560	125230	125230	TRUE	NAGATA	123553	123571	1	27.285874	123562	*
TC_998	LT934125.1	+	US9-US2-L2	1	123824	126151	123824	126151	123824	126151	123824	123824	126151	126151	TRUE	NAGATA	123816	123836	2	117.50441	123826	**
TC_999	LT934125.1	+	US9-L4	1	123878	125230	123878	125230	123878	125230	123878	123878	125230	125230	TRUE	NAGATA	123861	123879	1	27.285874	123870	*
