seqnames	strand	transcript_id	start.TR	end.TR	start.exon	end.exon	exon_number	start	end	prime5.TR	prime5.ex	prime3.TR	prime3.ex	last_exon	source
LT934125.1	+	ELIE-1	100549	102393	100549	102393	1	100549	102393	100549	100549	102393	102393	TRUE	NAGATA
LT934125.1	+	ELIE-2	101661	102393	101661	102393	1	101661	102393	101661	101661	102393	102393	TRUE	NAGATA
LT934125.1	+	ELIE-2-L	101291	102383	101291	102383	1	101291	102383	101291	101291	102383	102383	TRUE	NAGATA
LT934125.1	+	IE180_2	136158	141356	136158	141356	1	136158	141356	136158	136158	141356	141356	TRUE	NAGATA
LT934125.1	+	IE180_2-S	136348	141356	136348	141356	1	136348	141356	136348	136348	141356	141356	TRUE	NAGATA
LT934125.1	+	NOIR-1M	107483	108830	107483	108830	1	107483	108830	107483	107483	108830	108830	TRUE	NAGATA
LT934125.1	+	NOIR-1M-splice	107482	108829	107482	107615	1	107482	108829	107482	107482	108829	107615	FALSE	NAGATA
LT934125.1	+	NOIR-1M-splice	107482	108829	108460	108829	2	107482	108829	107482	108460	108829	108829	TRUE	NAGATA
LT934125.1	+	NOIR-1S	107615	108830	107615	108830	1	107615	108830	107615	107615	108830	108830	TRUE	NAGATA
LT934125.1	+	NOIR-1S2	107819	108830	107819	108830	1	107819	108830	107819	107819	108830	108830	TRUE	NAGATA
LT934125.1	+	NOIR-1S3	108030	108830	108030	108830	1	108030	108830	108030	108030	108830	108830	TRUE	NAGATA
LT934125.1	+	NOIR-1S4	108228	108830	108228	108830	1	108228	108830	108228	108228	108830	108830	TRUE	NAGATA
LT934125.1	+	NOIR-L3	107309	108830	107309	108830	1	107309	108830	107309	107309	108830	108830	TRUE	NAGATA
LT934125.1	+	NOIR1-L	105212	108829	105212	108829	1	105212	108829	105212	105212	108829	108829	TRUE	NAGATA
LT934125.1	+	NOIR_2-2	132614	133513	132614	133513	1	132614	133513	132614	132614	133513	133513	TRUE	NAGATA
LT934125.1	+	ORF-1	1600	2273	1600	2273	1	1600	2273	1600	1600	2273	2273	TRUE	NAGATA
LT934125.1	+	ORF-1.5	1725	2273	1725	2273	1	1725	2273	1725	1725	2273	2273	TRUE	NAGATA
LT934125.1	+	ORF-1.5-S	1806	2273	1806	2273	1	1806	2273	1806	1806	2273	2273	TRUE	NAGATA
LT934125.1	+	ORF-1L1	419	2273	419	2273	1	419	2273	419	419	2273	2273	TRUE	NAGATA
LT934125.1	+	ORF-1L1-S	779	2273	779	2273	1	779	2273	779	779	2273	2273	TRUE	NAGATA
LT934125.1	+	ORF-1L2	227	2273	227	2273	1	227	2273	227	227	2273	2273	TRUE	NAGATA
LT934125.1	+	ORF-1M1	1335	2273	1335	2273	1	1335	2273	1335	1335	2273	2273	TRUE	NAGATA
LT934125.1	+	ORF-1M1-S	1496	2273	1496	2273	1	1496	2273	1496	1496	2273	2273	TRUE	NAGATA
LT934125.1	+	ORF-1M2	990	2273	990	2273	1	990	2273	990	990	2273	2273	TRUE	NAGATA
LT934125.1	+	PTO-US1-nonsp	112884	116962	112884	116962	1	112884	116962	112884	112884	116962	116962	TRUE	NAGATA
LT934125.1	+	PTO-US1-sp	112883	116961	112883	115138	1	112883	116961	112883	112883	116961	115138	FALSE	NAGATA
LT934125.1	+	PTO-US1-sp	112883	116961	115256	115308	2	112883	116961	112883	115256	116961	115308	FALSE	NAGATA
LT934125.1	+	PTO-US1-sp	112883	116961	115464	116961	3	112883	116961	112883	115464	116961	116961	TRUE	NAGATA
LT934125.1	+	TRL35	32163	32415	32163	32415	1	32163	32415	32163	32163	32415	32415	TRUE	NAGATA
LT934125.1	+	TRL40	49115	49647	49115	49647	1	49115	49647	49115	49115	49647	49647	TRUE	NAGATA
LT934125.1	+	TRS1	116628	116962	116628	116962	1	116628	116962	116628	116628	116962	116962	TRUE	NAGATA
LT934125.1	+	TRS1-L	116600	116962	116600	116962	1	116600	116962	116600	116600	116962	116962	TRUE	NAGATA
LT934125.1	+	TRS1-L2	116552	116962	116552	116962	1	116552	116962	116552	116552	116962	116962	TRUE	NAGATA
LT934125.1	+	TRS1-L3	116541	116962	116541	116962	1	116541	116962	116541	116541	116962	116962	TRUE	NAGATA
LT934125.1	+	TRS1-S	116715	116962	116715	116962	1	116715	116962	116715	116715	116962	116962	TRUE	NAGATA
LT934125.1	+	UL-11-L2	79315	79996	79315	79996	1	79315	79996	79315	79315	79996	79996	TRUE	NAGATA
LT934125.1	+	UL-11-L3	79062	79996	79062	79996	1	79062	79996	79062	79062	79996	79996	TRUE	NAGATA
LT934125.1	+	UL-11-L4	79024	79996	79024	79996	1	79024	79996	79024	79024	79996	79996	TRUE	NAGATA
LT934125.1	+	UL-11-L5	78969	79996	78969	79996	1	78969	79996	78969	78969	79996	79996	TRUE	NAGATA
LT934125.1	+	UL-11-L6	78825	79996	78825	79996	1	78825	79996	78825	78825	79996	79996	TRUE	NAGATA
LT934125.1	+	UL-11-L7	79143	79996	79143	79996	1	79143	79996	79143	79143	79996	79996	TRUE	NAGATA
LT934125.1	+	UL-11-S	79517	79996	79517	79996	1	79517	79996	79517	79517	79996	79996	TRUE	NAGATA
LT934125.1	+	UL-5-4-S	90381	92055	90381	92055	1	90381	92055	90381	90381	92055	92055	TRUE	NAGATA
LT934125.1	+	UL11	79444	79996	79444	79996	1	79444	79996	79444	79444	79996	79996	TRUE	NAGATA
LT934125.1	+	UL11.5	79789	79996	79789	79996	1	79789	79996	79789	79789	79996	79996	TRUE	NAGATA
LT934125.1	+	UL12-11	78035	79996	78035	79996	1	78035	79996	78035	78035	79996	79996	TRUE	NAGATA
LT934125.1	+	UL12S-11	78278	79996	78278	79996	1	78278	79996	78278	78278	79996	79996	TRUE	NAGATA
LT934125.1	+	UL12S2-11	78329	79996	78329	79996	1	78329	79996	78329	78329	79996	79996	TRUE	NAGATA
LT934125.1	+	UL13-12-11	76990	79996	76990	79996	1	76990	79996	76990	76990	79996	79996	TRUE	NAGATA
LT934125.1	+	UL14-13-12-11	76683	79996	76683	79996	1	76683	79996	76683	76683	79996	79996	TRUE	NAGATA
LT934125.1	+	UL14L-13-12	75675	79955	75675	79955	1	75675	79955	75675	75675	79955	79955	TRUE	NAGATA
LT934125.1	+	UL16	74400	75645	74400	75645	1	74400	75645	74400	74400	75645	75645	TRUE	NAGATA
LT934125.1	+	UL16-L	74327	75645	74327	75645	1	74327	75645	74327	74327	75645	75645	TRUE	NAGATA
LT934125.1	+	UL16.2	75139	75645	75139	75645	1	75139	75645	75139	75139	75645	75645	TRUE	NAGATA
LT934125.1	+	UL16.2-S	75154	75645	75154	75645	1	75154	75645	75154	75154	75645	75645	TRUE	NAGATA
LT934125.1	+	UL16.2-S2	75311	75645	75311	75645	1	75311	75645	75311	75311	75645	75645	TRUE	NAGATA
LT934125.1	+	UL17-16	72759	75645	72759	75645	1	72759	75645	72759	72759	75645	75645	TRUE	NAGATA
LT934125.1	+	UL17L-16	72652	75645	72652	75645	1	72652	75645	72652	72652	75645	75645	TRUE	NAGATA
LT934125.1	+	UL18	70529	71544	70529	71544	1	70529	71544	70529	70529	71544	71544	TRUE	NAGATA
LT934125.1	+	UL18-17-16	70529	75645	70529	75645	1	70529	75645	70529	70529	75645	75645	TRUE	NAGATA
LT934125.1	+	UL18-AT	70529	71518	70529	71518	1	70529	71518	70529	70529	71518	71518	TRUE	NAGATA
LT934125.1	+	UL18-L	70311	71544	70311	71544	1	70311	71544	70311	70311	71544	71544	TRUE	NAGATA
LT934125.1	+	UL18-L10	69555	71544	69555	71544	1	69555	71544	69555	69555	71544	71544	TRUE	NAGATA
LT934125.1	+	UL18-L11	69530	71544	69530	71544	1	69530	71544	69530	69530	71544	71544	TRUE	NAGATA
LT934125.1	+	UL18-L12	69488	71544	69488	71544	1	69488	71544	69488	69488	71544	71544	TRUE	NAGATA
LT934125.1	+	UL18-L13	69244	71544	69244	71544	1	69244	71544	69244	69244	71544	71544	TRUE	NAGATA
LT934125.1	+	UL18-L14	68873	71544	68873	71544	1	68873	71544	68873	68873	71544	71544	TRUE	NAGATA
LT934125.1	+	UL18-L15	68667	71544	68667	71544	1	68667	71544	68667	68667	71544	71544	TRUE	NAGATA
LT934125.1	+	UL18-L16	68626	71544	68626	71544	1	68626	71544	68626	68626	71544	71544	TRUE	NAGATA
LT934125.1	+	UL18-L17	66753	71544	66753	71544	1	66753	71544	66753	66753	71544	71544	TRUE	NAGATA
LT934125.1	+	UL18-L2	70132	71544	70132	71544	1	70132	71544	70132	70132	71544	71544	TRUE	NAGATA
LT934125.1	+	UL18-L3	70090	71544	70090	71544	1	70090	71544	70090	70090	71544	71544	TRUE	NAGATA
LT934125.1	+	UL18-L4	70012	71544	70012	71544	1	70012	71544	70012	70012	71544	71544	TRUE	NAGATA
LT934125.1	+	UL18-L5	69947	71544	69947	71544	1	69947	71544	69947	69947	71544	71544	TRUE	NAGATA
LT934125.1	+	UL18-L6	69765	71544	69765	71544	1	69765	71544	69765	69765	71544	71544	TRUE	NAGATA
LT934125.1	+	UL18-L7	69713	71544	69713	71544	1	69713	71544	69713	69713	71544	71544	TRUE	NAGATA
LT934125.1	+	UL18-L8	69671	71544	69671	71544	1	69671	71544	69671	69671	71544	71544	TRUE	NAGATA
LT934125.1	+	UL18-L9	69611	71544	69611	71544	1	69611	71544	69611	69611	71544	71544	TRUE	NAGATA
LT934125.1	+	UL18.5	71035	71544	71035	71544	1	71035	71544	71035	71035	71544	71544	TRUE	NAGATA
LT934125.1	+	UL19	66338	70521	66338	70521	1	66338	70521	66338	66338	70521	70521	TRUE	NAGATA
LT934125.1	+	UL19-18	66338	71544	66338	71544	1	66338	71544	66338	66338	71544	71544	TRUE	NAGATA
LT934125.1	+	UL19.11	66959	70521	66959	70521	1	66959	70521	66959	66959	70521	70521	TRUE	NAGATA
LT934125.1	+	UL19.12	67406	70521	67406	70521	1	67406	70521	67406	67406	70521	70521	TRUE	NAGATA
LT934125.1	+	UL19.12-S	67505	70521	67505	70521	1	67505	70521	67505	67505	70521	70521	TRUE	NAGATA
LT934125.1	+	UL19.16	67731	70521	67731	70521	1	67731	70521	67731	67731	70521	70521	TRUE	NAGATA
LT934125.1	+	UL19.18	68001	70521	68001	70521	1	68001	70521	68001	68001	70521	70521	TRUE	NAGATA
LT934125.1	+	UL19.19	68058	70521	68058	70521	1	68058	70521	68058	68058	70521	70521	TRUE	NAGATA
LT934125.1	+	UL19.19-S	68121	70521	68121	70521	1	68121	70521	68121	68121	70521	70521	TRUE	NAGATA
LT934125.1	+	UL19.20	68267	70521	68267	70521	1	68267	70521	68267	68267	70521	70521	TRUE	NAGATA
LT934125.1	+	UL19.22	68357	70521	68357	70521	1	68357	70521	68357	68357	70521	70521	TRUE	NAGATA
LT934125.1	+	UL19.24-S	68457	70521	68457	70521	1	68457	70521	68457	68457	70521	70521	TRUE	NAGATA
LT934125.1	+	UL19.24-S2	68536	70521	68536	70521	1	68536	70521	68536	68536	70521	70521	TRUE	NAGATA
LT934125.1	+	UL19.25	68667	70521	68667	70521	1	68667	70521	68667	68667	70521	70521	TRUE	NAGATA
LT934125.1	+	UL19.25-S	68783	70521	68783	70521	1	68783	70521	68783	68783	70521	70521	TRUE	NAGATA
LT934125.1	+	UL19.27	68910	70521	68910	70521	1	68910	70521	68910	68910	70521	70521	TRUE	NAGATA
LT934125.1	+	UL19.29	69032	70521	69032	70521	1	69032	70521	69032	69032	70521	70521	TRUE	NAGATA
LT934125.1	+	UL19.30	69182	70521	69182	70521	1	69182	70521	69182	69182	70521	70521	TRUE	NAGATA
LT934125.1	+	UL19.31	69259	70521	69259	70521	1	69259	70521	69259	69259	70521	70521	TRUE	NAGATA
LT934125.1	+	UL19.31-S	69311	70521	69311	70521	1	69311	70521	69311	69311	70521	70521	TRUE	NAGATA
LT934125.1	+	UL19.32	69393	70521	69393	70521	1	69393	70521	69393	69393	70521	70521	TRUE	NAGATA
LT934125.1	+	UL19.33	69488	70521	69488	70521	1	69488	70521	69488	69488	70521	70521	TRUE	NAGATA
LT934125.1	+	UL19.35	69555	70521	69555	70521	1	69555	70521	69555	69555	70521	70521	TRUE	NAGATA
LT934125.1	+	UL19.35-S	69671	70521	69671	70521	1	69671	70521	69671	69671	70521	70521	TRUE	NAGATA
LT934125.1	+	UL19.37	69765	70521	69765	70521	1	69765	70521	69765	69765	70521	70521	TRUE	NAGATA
LT934125.1	+	UL19.38	69821	70521	69821	70521	1	69821	70521	69821	69821	70521	70521	TRUE	NAGATA
LT934125.1	+	UL19.38-S	69947	70521	69947	70521	1	69947	70521	69947	69947	70521	70521	TRUE	NAGATA
LT934125.1	+	UL19.9	66797	70521	66797	70521	1	66797	70521	66797	66797	70521	70521	TRUE	NAGATA
LT934125.1	+	UL1L-2-3-3.5	92069	95694	92069	95694	1	92069	95694	92069	92069	95694	95694	TRUE	NAGATA
LT934125.1	+	UL20	65806	66392	65806	66392	1	65806	66392	65806	65806	66392	66392	TRUE	NAGATA
LT934125.1	+	UL20-19	65805	70521	65805	70521	1	65805	70521	65805	65805	70521	70521	TRUE	NAGATA
LT934125.1	+	UL21-as	63850	65656	63850	65656	1	63850	65656	63850	63850	65656	65656	TRUE	NAGATA
LT934125.1	+	UL22	60234	62340	60234	62340	1	60234	62340	60234	60234	62340	62340	TRUE	NAGATA
LT934125.1	+	UL22-AT	60235	63051	60235	63051	1	60235	63051	60235	60235	63051	63051	TRUE	NAGATA
LT934125.1	+	UL22-L	59793	62340	59793	62340	1	59793	62340	59793	59793	62340	62340	TRUE	NAGATA
LT934125.1	+	UL22.11	62000	62340	62000	62340	1	62000	62340	62000	62000	62340	62340	TRUE	NAGATA
LT934125.1	+	UL22.13	62144	62340	62144	62340	1	62144	62340	62144	62144	62340	62340	TRUE	NAGATA
LT934125.1	+	UL22.5	61078	62340	61078	62340	1	61078	62340	61078	61078	62340	62340	TRUE	NAGATA
LT934125.1	+	UL22.8	61621	62340	61621	62340	1	61621	62340	61621	61621	62340	62340	TRUE	NAGATA
LT934125.1	+	UL23	59068	60251	59068	60251	1	59068	60251	59068	59068	60251	60251	TRUE	NAGATA
LT934125.1	+	UL23-22	59068	62340	59068	62340	1	59068	62340	59068	59068	62340	62340	TRUE	NAGATA
LT934125.1	+	UL23-AT	59069	60354	59069	60354	1	59069	60354	59069	59069	60354	60354	TRUE	NAGATA
LT934125.1	+	UL23-L1	59044	60251	59044	60251	1	59044	60251	59044	59044	60251	60251	TRUE	NAGATA
LT934125.1	+	UL23-L2	58625	60251	58625	60251	1	58625	60251	58625	58625	60251	60251	TRUE	NAGATA
LT934125.1	+	UL23-L3	58478	60251	58478	60251	1	58478	60251	58478	58478	60251	60251	TRUE	NAGATA
LT934125.1	+	UL23-L4	58002	60251	58002	60251	1	58002	60251	58002	58002	60251	60251	TRUE	NAGATA
LT934125.1	+	UL23.4	59287	60251	59287	60251	1	59287	60251	59287	59287	60251	60251	TRUE	NAGATA
LT934125.1	+	UL23.4-S	59412	60251	59412	60251	1	59412	60251	59412	59412	60251	60251	TRUE	NAGATA
LT934125.1	+	UL23.6	59793	60251	59793	60251	1	59793	60251	59793	59793	60251	60251	TRUE	NAGATA
LT934125.1	+	UL23L-22	58625	62340	58625	62340	1	58625	62340	58625	58625	62340	62340	TRUE	NAGATA
LT934125.1	+	UL25-24-23	55896	60251	55896	60251	1	55896	60251	55896	55896	60251	60251	TRUE	NAGATA
LT934125.1	+	UL30	25420	28632	25420	28632	1	25420	28632	25420	25420	28632	28632	TRUE	NAGATA
LT934125.1	+	UL32-33-34-35	28636	32415	28636	32415	1	28636	32415	28636	28636	32415	32415	TRUE	NAGATA
LT934125.1	+	UL33	30240	31198	30240	31198	1	30240	31198	30240	30240	31198	31198	TRUE	NAGATA
LT934125.1	+	UL33-34-35	30298	32415	30298	32415	1	30298	32415	30298	30298	32415	32415	TRUE	NAGATA
LT934125.1	+	UL33-L2-34-35	29468	32415	29468	32415	1	29468	32415	29468	29468	32415	32415	TRUE	NAGATA
LT934125.1	+	UL33L3-34-35	29338	32415	29338	32415	1	29338	32415	29338	29338	32415	32415	TRUE	NAGATA
LT934125.1	+	UL34-35	31098	32415	31098	32415	1	31098	32415	31098	31098	32415	32415	TRUE	NAGATA
LT934125.1	+	UL34L-35	31042	32415	31042	32415	1	31042	32415	31042	31042	32415	32415	TRUE	NAGATA
LT934125.1	+	UL34L2-35	30932	32415	30932	32415	1	30932	32415	30932	30932	32415	32415	TRUE	NAGATA
LT934125.1	+	UL35	32038	32415	32038	32415	1	32038	32415	32038	32038	32415	32415	TRUE	NAGATA
LT934125.1	+	UL35-AT	32037	32709	32037	32709	1	32037	32709	32037	32037	32709	32709	TRUE	NAGATA
LT934125.1	+	UL35-L	31930	32415	31930	32415	1	31930	32415	31930	31930	32415	32415	TRUE	NAGATA
LT934125.1	+	UL35-L2	31847	32415	31847	32415	1	31847	32415	31847	31847	32415	32415	TRUE	NAGATA
LT934125.1	+	UL35-L3	31690	32415	31690	32415	1	31690	32415	31690	31690	32415	32415	TRUE	NAGATA
LT934125.1	+	UL35-L4	31474	32415	31474	32415	1	31474	32415	31474	31474	32415	32415	TRUE	NAGATA
LT934125.1	+	UL35-L5	31410	32415	31410	32415	1	31410	32415	31410	31410	32415	32415	TRUE	NAGATA
LT934125.1	+	UL35-L6	31349	32415	31349	32415	1	31349	32415	31349	31349	32415	32415	TRUE	NAGATA
LT934125.1	+	UL35.2	32092	32415	32092	32415	1	32092	32415	32092	32092	32415	32415	TRUE	NAGATA
LT934125.1	+	UL37-38	39430	46038	39430	46038	1	39430	46038	39430	39430	46038	46038	TRUE	NAGATA
LT934125.1	+	UL38	44812	46038	44812	46038	1	44812	46038	44812	44812	46038	46038	TRUE	NAGATA
LT934125.1	+	UL38-39-40	44812	49647	44812	49647	1	44812	49647	44812	44812	49647	49647	TRUE	NAGATA
LT934125.1	+	UL38.3	44946	46038	44946	46038	1	44946	46038	44946	44946	46038	46038	TRUE	NAGATA
LT934125.1	+	UL38.4	45302	46038	45302	46038	1	45302	46038	45302	45302	46038	46038	TRUE	NAGATA
LT934125.1	+	UL38.5	45415	46038	45415	46038	1	45415	46038	45415	45415	46038	46038	TRUE	NAGATA
LT934125.1	+	UL38.6	45445	46038	45445	46038	1	45445	46038	45445	45445	46038	46038	TRUE	NAGATA
LT934125.1	+	UL38.6-S	45525	46038	45525	46038	1	45525	46038	45525	45525	46038	46038	TRUE	NAGATA
LT934125.1	+	UL39-40	46233	49647	46233	49647	1	46233	49647	46233	46233	49647	49647	TRUE	NAGATA
LT934125.1	+	UL39-40-L	46026	49647	46026	49647	1	46026	49647	46026	46026	49647	49647	TRUE	NAGATA
LT934125.1	+	UL39L-40	45911	49647	45911	49647	1	45911	49647	45911	45911	49647	49647	TRUE	NAGATA
LT934125.1	+	UL4	91409	92059	91409	92059	1	91409	92059	91409	91409	92059	92059	TRUE	NAGATA
LT934125.1	+	UL4-L	91360	92059	91360	92059	1	91360	92059	91360	91360	92059	92059	TRUE	NAGATA
LT934125.1	+	UL4-L2	91154	92059	91154	92059	1	91154	92059	91154	91154	92059	92059	TRUE	NAGATA
LT934125.1	+	UL4-L3	90932	92059	90932	92059	1	90932	92059	90932	90932	92059	92059	TRUE	NAGATA
LT934125.1	+	UL4-L4	90249	92059	90249	92059	1	90249	92059	90249	90249	92059	92059	TRUE	NAGATA
LT934125.1	+	UL4-L5	89883	92059	89883	92059	1	89883	92059	89883	89883	92059	92059	TRUE	NAGATA
LT934125.1	+	UL4.2	91548	92059	91548	92059	1	91548	92059	91548	91548	92059	92059	TRUE	NAGATA
LT934125.1	+	UL40	48567	49647	48567	49647	1	48567	49647	48567	48567	49647	49647	TRUE	NAGATA
LT934125.1	+	UL40-L1	48455	49647	48455	49647	1	48455	49647	48455	48455	49647	49647	TRUE	NAGATA
LT934125.1	+	UL40-L10	47642	49647	47642	49647	1	47642	49647	47642	47642	49647	49647	TRUE	NAGATA
LT934125.1	+	UL40-L11	47628	49647	47628	49647	1	47628	49647	47628	47628	49647	49647	TRUE	NAGATA
LT934125.1	+	UL40-L12	47567	49647	47567	49647	1	47567	49647	47567	47567	49647	49647	TRUE	NAGATA
LT934125.1	+	UL40-L13	47521	49647	47521	49647	1	47521	49647	47521	47521	49647	49647	TRUE	NAGATA
LT934125.1	+	UL40-L14	47486	49647	47486	49647	1	47486	49647	47486	47486	49647	49647	TRUE	NAGATA
LT934125.1	+	UL40-L15	47411	49647	47411	49647	1	47411	49647	47411	47411	49647	49647	TRUE	NAGATA
LT934125.1	+	UL40-L16	47315	49647	47315	49647	1	47315	49647	47315	47315	49647	49647	TRUE	NAGATA
LT934125.1	+	UL40-L17	47288	49647	47288	49647	1	47288	49647	47288	47288	49647	49647	TRUE	NAGATA
LT934125.1	+	UL40-L18	47203	49647	47203	49647	1	47203	49647	47203	47203	49647	49647	TRUE	NAGATA
LT934125.1	+	UL40-L19	47188	49647	47188	49647	1	47188	49647	47188	47188	49647	49647	TRUE	NAGATA
LT934125.1	+	UL40-L2	48412	49647	48412	49647	1	48412	49647	48412	48412	49647	49647	TRUE	NAGATA
LT934125.1	+	UL40-L20	47168	49647	47168	49647	1	47168	49647	47168	47168	49647	49647	TRUE	NAGATA
LT934125.1	+	UL40-L21	46754	49647	46754	49647	1	46754	49647	46754	46754	49647	49647	TRUE	NAGATA
LT934125.1	+	UL40-L22	46717	49647	46717	49647	1	46717	49647	46717	46717	49647	49647	TRUE	NAGATA
LT934125.1	+	UL40-L23	46489	49647	46489	49647	1	46489	49647	46489	46489	49647	49647	TRUE	NAGATA
LT934125.1	+	UL40-L3	48294	49647	48294	49647	1	48294	49647	48294	48294	49647	49647	TRUE	NAGATA
LT934125.1	+	UL40-L4	48069	49647	48069	49647	1	48069	49647	48069	48069	49647	49647	TRUE	NAGATA
LT934125.1	+	UL40-L5	47933	49647	47933	49647	1	47933	49647	47933	47933	49647	49647	TRUE	NAGATA
LT934125.1	+	UL40-L6	47872	49647	47872	49647	1	47872	49647	47872	47872	49647	49647	TRUE	NAGATA
LT934125.1	+	UL40-L7	47785	49647	47785	49647	1	47785	49647	47785	47785	49647	49647	TRUE	NAGATA
LT934125.1	+	UL40-L8	47699	49647	47699	49647	1	47699	49647	47699	47699	49647	49647	TRUE	NAGATA
LT934125.1	+	UL40-L9	47655	49647	47655	49647	1	47655	49647	47655	47655	49647	49647	TRUE	NAGATA
LT934125.1	+	UL40-S	48505	49647	48505	49647	1	48505	49647	48505	48505	49647	49647	TRUE	NAGATA
LT934125.1	+	UL40.2	48691	49647	48691	49647	1	48691	49647	48691	48691	49647	49647	TRUE	NAGATA
LT934125.1	+	UL40.3	48726	49647	48726	49647	1	48726	49647	48726	48726	49647	49647	TRUE	NAGATA
LT934125.1	+	UL40.3-S	48803	49647	48803	49647	1	48803	49647	48803	48803	49647	49647	TRUE	NAGATA
LT934125.1	+	UL40.3-S2	48931	49647	48931	49647	1	48931	49647	48931	48931	49647	49647	TRUE	NAGATA
LT934125.1	+	UL40.3-S3	48957	49647	48957	49647	1	48957	49647	48957	48957	49647	49647	TRUE	NAGATA
LT934125.1	+	UL40.6	49196	49647	49196	49647	1	49196	49647	49196	49196	49647	49647	TRUE	NAGATA
LT934125.1	+	UL40.6-S	49263	49647	49263	49647	1	49263	49647	49263	49263	49647	49647	TRUE	NAGATA
LT934125.1	+	UL41-42	49894	52434	49894	52434	1	49894	52434	49894	49894	52434	52434	TRUE	NAGATA
LT934125.1	+	UL42	51235	52437	51235	52437	1	51235	52437	51235	51235	52437	52437	TRUE	NAGATA
LT934125.1	+	UL42-43-44	51235	55161	51235	55161	1	51235	55161	51235	51235	55161	55161	TRUE	NAGATA
LT934125.1	+	UL42-43-L	50133	53594	50133	53594	1	50133	53594	50133	50133	53594	53594	TRUE	NAGATA
LT934125.1	+	UL42-L1	51148	52437	51148	52437	1	51148	52437	51148	51148	52437	52437	TRUE	NAGATA
LT934125.1	+	UL42.3	51495	52437	51495	52437	1	51495	52437	51495	51495	52437	52437	TRUE	NAGATA
LT934125.1	+	UL42.5	52121	52437	52121	52437	1	52121	52437	52121	52121	52437	52437	TRUE	NAGATA
LT934125.1	+	UL42.5-S	52306	52437	52306	52437	1	52306	52437	52306	52306	52437	52437	TRUE	NAGATA
LT934125.1	+	UL42L-43	51148	53594	51148	53594	1	51148	53594	51148	51148	53594	53594	TRUE	NAGATA
LT934125.1	+	UL42L-43-44	51148	55161	51148	55161	1	51148	55161	51148	51148	55161	55161	TRUE	NAGATA
LT934125.1	+	UL43	52444	53594	52444	53594	1	52444	53594	52444	52444	53594	53594	TRUE	NAGATA
LT934125.1	+	UL43-44	52460	55161	52460	55161	1	52460	55161	52460	52460	55161	55161	TRUE	NAGATA
LT934125.1	+	UL43-L	52306	53594	52306	53594	1	52306	53594	52306	52306	53594	53594	TRUE	NAGATA
LT934125.1	+	UL43-L2	52121	53594	52121	53594	1	52121	53594	52121	52121	53594	53594	TRUE	NAGATA
LT934125.1	+	UL43-L3	51495	53594	51495	53594	1	51495	53594	51495	51495	53594	53594	TRUE	NAGATA
LT934125.1	+	UL43-S	52460	53594	52460	53594	1	52460	53594	52460	52460	53594	53594	TRUE	NAGATA
LT934125.1	+	UL43.13	53421	53594	53421	53594	1	53421	53594	53421	53421	53594	53594	TRUE	NAGATA
LT934125.1	+	UL43.6	52649	53594	52649	53594	1	52649	53594	52649	52649	53594	53594	TRUE	NAGATA
LT934125.1	+	UL43.9	52789	53594	52789	53594	1	52789	53594	52789	52789	53594	53594	TRUE	NAGATA
LT934125.1	+	UL43.9-S	52806	53594	52806	53594	1	52806	53594	52806	52806	53594	53594	TRUE	NAGATA
LT934125.1	+	UL44	53648	55161	53648	55161	1	53648	55161	53648	53648	55161	55161	TRUE	NAGATA
LT934125.1	+	UL44-AT	53648	55271	53648	55271	1	53648	55271	53648	53648	55271	55271	TRUE	NAGATA
LT934125.1	+	UL44-L3	53421	55161	53421	55161	1	53421	55161	53421	53421	55161	55161	TRUE	NAGATA
LT934125.1	+	UL44-L4	52806	55161	52806	55161	1	52806	55161	52806	52806	55161	55161	TRUE	NAGATA
LT934125.1	+	UL44-L5	52789	55161	52789	55161	1	52789	55161	52789	52789	55161	55161	TRUE	NAGATA
LT934125.1	+	UL44-L6	52649	55161	52649	55161	1	52649	55161	52649	52649	55161	55161	TRUE	NAGATA
LT934125.1	+	UL44.4	53736	55161	53736	55161	1	53736	55161	53736	53736	55161	55161	TRUE	NAGATA
LT934125.1	+	UL44.4-S	53863	55161	53863	55161	1	53863	55161	53863	53863	55161	55161	TRUE	NAGATA
LT934125.1	+	UL44.4-S10	54290	55161	54290	55161	1	54290	55161	54290	54290	55161	55161	TRUE	NAGATA
LT934125.1	+	UL44.4-S11	54306	55161	54306	55161	1	54306	55161	54306	54306	55161	55161	TRUE	NAGATA
LT934125.1	+	UL44.4-S12	54337	55161	54337	55161	1	54337	55161	54337	54337	55161	55161	TRUE	NAGATA
LT934125.1	+	UL44.4-S13	54366	55161	54366	55161	1	54366	55161	54366	54366	55161	55161	TRUE	NAGATA
LT934125.1	+	UL44.4-S14	54421	55161	54421	55161	1	54421	55161	54421	54421	55161	55161	TRUE	NAGATA
LT934125.1	+	UL44.4-S15	54454	55161	54454	55161	1	54454	55161	54454	54454	55161	55161	TRUE	NAGATA
LT934125.1	+	UL44.4-S16	54475	55161	54475	55161	1	54475	55161	54475	54475	55161	55161	TRUE	NAGATA
LT934125.1	+	UL44.4-S17	54497	55161	54497	55161	1	54497	55161	54497	54497	55161	55161	TRUE	NAGATA
LT934125.1	+	UL44.4-S18	54519	55161	54519	55161	1	54519	55161	54519	54519	55161	55161	TRUE	NAGATA
LT934125.1	+	UL44.4-S19	54561	55161	54561	55161	1	54561	55161	54561	54561	55161	55161	TRUE	NAGATA
LT934125.1	+	UL44.4-S2	53910	55161	53910	55161	1	53910	55161	53910	53910	55161	55161	TRUE	NAGATA
LT934125.1	+	UL44.4-S2-AT	53910	55271	53910	55271	1	53910	55271	53910	53910	55271	55271	TRUE	NAGATA
LT934125.1	+	UL44.4-S20	54723	55161	54723	55161	1	54723	55161	54723	54723	55161	55161	TRUE	NAGATA
LT934125.1	+	UL44.4-S21	54834	55161	54834	55161	1	54834	55161	54834	54834	55161	55161	TRUE	NAGATA
LT934125.1	+	UL44.4-S22	54901	55161	54901	55161	1	54901	55161	54901	54901	55161	55161	TRUE	NAGATA
LT934125.1	+	UL44.4-S23	54960	55161	54960	55161	1	54960	55161	54960	54960	55161	55161	TRUE	NAGATA
LT934125.1	+	UL44.4-S3	53934	55161	53934	55161	1	53934	55161	53934	53934	55161	55161	TRUE	NAGATA
LT934125.1	+	UL44.4-S4	53971	55161	53971	55161	1	53971	55161	53971	53971	55161	55161	TRUE	NAGATA
LT934125.1	+	UL44.4-S5	53996	55161	53996	55161	1	53996	55161	53996	53996	55161	55161	TRUE	NAGATA
LT934125.1	+	UL44.4-S5-AT	53996	55271	53996	55271	1	53996	55271	53996	53996	55271	55271	TRUE	NAGATA
LT934125.1	+	UL44.4-S6	54053	55161	54053	55161	1	54053	55161	54053	54053	55161	55161	TRUE	NAGATA
LT934125.1	+	UL44.4-S7	54165	55161	54165	55161	1	54165	55161	54165	54165	55161	55161	TRUE	NAGATA
LT934125.1	+	UL44.4-S8	54209	55161	54209	55161	1	54209	55161	54209	54209	55161	55161	TRUE	NAGATA
LT934125.1	+	UL44.4-S9	54245	55161	54245	55161	1	54245	55161	54245	54245	55161	55161	TRUE	NAGATA
LT934125.1	+	UL44.4-S9-AT	54245	55271	54245	55271	1	54245	55271	54245	54245	55271	55271	TRUE	NAGATA
LT934125.1	+	UL46	14048	16224	14048	16224	1	14048	16224	14048	14048	16224	16224	TRUE	NAGATA
LT934125.1	+	UL46-L	13944	16224	13944	16224	1	13944	16224	13944	13944	16224	16224	TRUE	NAGATA
LT934125.1	+	UL46-L2	13793	16224	13793	16224	1	13793	16224	13793	13793	16224	16224	TRUE	NAGATA
LT934125.1	+	UL46-L3	13746	16224	13746	16224	1	13746	16224	13746	13746	16224	16224	TRUE	NAGATA
LT934125.1	+	UL46-L4	13569	16224	13569	16224	1	13569	16224	13569	13569	16224	16224	TRUE	NAGATA
LT934125.1	+	UL46-L5	13539	16224	13539	16224	1	13539	16224	13539	13539	16224	16224	TRUE	NAGATA
LT934125.1	+	UL46-L6	13521	16224	13521	16224	1	13521	16224	13521	13521	16224	16224	TRUE	NAGATA
LT934125.1	+	UL46-L7	13177	16224	13177	16224	1	13177	16224	13177	13177	16224	16224	TRUE	NAGATA
LT934125.1	+	UL46-L8	12812	16224	12812	16224	1	12812	16224	12812	12812	16224	16224	TRUE	NAGATA
LT934125.1	+	UL46-L9	12406	16224	12406	16224	1	12406	16224	12406	12406	16224	16224	TRUE	NAGATA
LT934125.1	+	UL46.1	15597	16224	15597	16224	1	15597	16224	15597	15597	16224	16224	TRUE	NAGATA
LT934125.1	+	UL46.1-S2	15646	16224	15646	16224	1	15646	16224	15646	15646	16224	16224	TRUE	NAGATA
LT934125.1	+	UL46.1-S3	15750	16224	15750	16224	1	15750	16224	15750	15750	16224	16224	TRUE	NAGATA
LT934125.1	+	UL46.1-S4	15787	16224	15787	16224	1	15787	16224	15787	15787	16224	16224	TRUE	NAGATA
LT934125.1	+	UL46.10	14307	16224	14307	16224	1	14307	16224	14307	14307	16224	16224	TRUE	NAGATA
LT934125.1	+	UL46.10-S	14439	16224	14439	16224	1	14439	16224	14439	14439	16224	16224	TRUE	NAGATA
LT934125.1	+	UL46.2	15249	16224	15249	16224	1	15249	16224	15249	15249	16224	16224	TRUE	NAGATA
LT934125.1	+	UL46.5	14818	16224	14818	16224	1	14818	16224	14818	14818	16224	16224	TRUE	NAGATA
LT934125.1	+	UL46.5-S2	14930	16224	14930	16224	1	14930	16224	14930	14930	16224	16224	TRUE	NAGATA
LT934125.1	+	UL46.5-S3	15028	16224	15028	16224	1	15028	16224	15028	15028	16224	16224	TRUE	NAGATA
LT934125.1	+	UL46.6	14724	16224	14724	16224	1	14724	16224	14724	14724	16224	16224	TRUE	NAGATA
LT934125.1	+	UL46.6-S	14782	16224	14782	16224	1	14782	16224	14782	14782	16224	16224	TRUE	NAGATA
LT934125.1	+	UL46.9	14560	16224	14560	16224	1	14560	16224	14560	14560	16224	16224	TRUE	NAGATA
LT934125.1	+	UL47-46	11793	16224	11793	16224	1	11793	16224	11793	11793	16224	16224	TRUE	NAGATA
LT934125.1	+	UL47.3	13166	14176	13166	14176	1	13166	14176	13166	13166	14176	14176	TRUE	NAGATA
LT934125.1	+	UL48	10467	11912	10467	11912	1	10467	11912	10467	10467	11912	11912	TRUE	NAGATA
LT934125.1	+	UL48-47-46	10431	16224	10431	16224	1	10431	16224	10431	10431	16224	16224	TRUE	NAGATA
LT934125.1	+	UL48-L-AT	10431	12084	10431	12084	1	10431	12084	10431	10431	12084	12084	TRUE	NAGATA
LT934125.1	+	UL49	9646	10426	9646	10426	1	9646	10426	9646	9646	10426	10426	TRUE	NAGATA
LT934125.1	+	UL49-L	9548	10426	9548	10426	1	9548	10426	9548	9548	10426	10426	TRUE	NAGATA
LT934125.1	+	UL49-L2	9412	10426	9412	10426	1	9412	10426	9412	9412	10426	10426	TRUE	NAGATA
LT934125.1	+	UL49-L3	9338	10426	9338	10426	1	9338	10426	9338	9338	10426	10426	TRUE	NAGATA
LT934125.1	+	UL49.1	9699	10426	9699	10426	1	9699	10426	9699	9699	10426	10426	TRUE	NAGATA
LT934125.1	+	UL49.1-S	9930	10426	9930	10426	1	9930	10426	9930	9930	10426	10426	TRUE	NAGATA
LT934125.1	+	UL49.1-S2	10075	10426	10075	10426	1	10075	10426	10075	10075	10426	10426	TRUE	NAGATA
LT934125.1	+	UL49.1-S3	10105	10426	10105	10426	1	10105	10426	10105	10105	10426	10426	TRUE	NAGATA
LT934125.1	+	UL49.1-S4	10135	10426	10135	10426	1	10135	10426	10135	10135	10426	10426	TRUE	NAGATA
LT934125.1	+	UL49.1-S5	10159	10426	10159	10426	1	10159	10426	10159	10159	10426	10426	TRUE	NAGATA
LT934125.1	+	UL49.1-S6	10252	10426	10252	10426	1	10252	10426	10252	10252	10426	10426	TRUE	NAGATA
LT934125.1	+	UL49.5-49	9208	10426	9208	10426	1	9208	10426	9208	9208	10426	10426	TRUE	NAGATA
LT934125.1	+	UL49.5-49-48-47-46	9113	16224	9113	16224	1	9113	16224	9113	9113	16224	16224	TRUE	NAGATA
LT934125.1	+	UL49.5-S-49	9270	10426	9270	10426	1	9270	10426	9270	9270	10426	10426	TRUE	NAGATA
LT934125.1	+	UL49.5L-49	8899	10426	8899	10426	1	8899	10426	8899	8899	10426	10426	TRUE	NAGATA
LT934125.1	+	UL5	88883	91559	88883	91559	1	88883	91559	88883	88883	91559	91559	TRUE	NAGATA
LT934125.1	+	UL5-4	88885	92058	88885	92058	1	88885	92058	88885	88885	92058	92058	TRUE	NAGATA
LT934125.1	+	UL5-4-M	89133	92059	89133	92059	1	89133	92059	89133	89133	92059	92059	TRUE	NAGATA
LT934125.1	+	UL5-4-S	90381	92059	90381	92059	1	90381	92059	90381	90381	92059	92059	TRUE	NAGATA
LT934125.1	+	UL5.3	89133	91559	89133	91559	1	89133	91559	89133	89133	91559	91559	TRUE	NAGATA
LT934125.1	+	UL5.5	89883	91559	89883	91559	1	89883	91559	89883	89883	91559	91559	TRUE	NAGATA
LT934125.1	+	UL5.6	90249	91559	90249	91559	1	90249	91559	90249	90249	91559	91559	TRUE	NAGATA
LT934125.1	+	UL50-49.5-49	8597	10426	8597	10426	1	8597	10426	8597	8597	10426	10426	TRUE	NAGATA
LT934125.1	+	UL50-49.5-49-L	8352	10426	8352	10426	1	8352	10426	8352	8352	10426	10426	TRUE	NAGATA
LT934125.1	+	UL51	7588	8523	7588	8523	1	7588	8523	7588	7588	8523	8523	TRUE	NAGATA
LT934125.1	+	UL51-50-49.5-49	7588	10426	7588	10426	1	7588	10426	7588	7588	10426	10426	TRUE	NAGATA
LT934125.1	+	UL51.5	7811	8523	7811	8523	1	7811	8523	7811	7811	8523	8523	TRUE	NAGATA
LT934125.1	+	UL51L-50-49.5-49	7475	10426	7475	10426	1	7475	10426	7475	7475	10426	10426	TRUE	NAGATA
LT934125.1	+	UL5L2-4	88155	92059	88155	92059	1	88155	92059	88155	88155	92059	92059	TRUE	NAGATA
LT934125.1	+	UL8	83975	86167	83975	86167	1	83975	86167	83975	83975	86167	86167	TRUE	NAGATA
LT934125.1	+	UL8-L	83792	86167	83792	86167	1	83792	86167	83792	83792	86167	86167	TRUE	NAGATA
LT934125.1	+	UL8-L2	82509	86167	82509	86167	1	82509	86167	82509	82509	86167	86167	TRUE	NAGATA
LT934125.1	+	UL8.5	85104	86167	85104	86167	1	85104	86167	85104	85104	86167	86167	TRUE	NAGATA
LT934125.1	+	UL8.5-S	85607	86167	85607	86167	1	85607	86167	85607	85607	86167	86167	TRUE	NAGATA
LT934125.1	+	UL8.5-S2	85676	86167	85676	86167	1	85676	86167	85676	85676	86167	86167	TRUE	NAGATA
LT934125.1	+	UL9L-8	81082	86167	81082	86167	1	81082	86167	81082	81082	86167	86167	TRUE	NAGATA
LT934125.1	+	US1	114985	116962	114985	116962	1	114985	116962	114985	114985	116962	116962	TRUE	NAGATA
LT934125.1	+	US1-splice	114984	116961	114984	115138	1	114984	116961	114984	114984	116961	115138	FALSE	NAGATA
LT934125.1	+	US1-splice	114984	116961	115256	115308	2	114984	116961	114984	115256	116961	115308	FALSE	NAGATA
LT934125.1	+	US1-splice	114984	116961	115464	116961	3	114984	116961	114984	115464	116961	116961	TRUE	NAGATA
LT934125.1	+	US1-splice-2	114985	116962	114985	115139	1	114985	116962	114985	114985	116962	115139	FALSE	NAGATA
LT934125.1	+	US1-splice-2	114985	116962	115257	116962	2	114985	116962	114985	115257	116962	116962	TRUE	NAGATA
LT934125.1	+	US1-splice-3	114985	116962	114985	115186	1	114985	116962	114985	114985	116962	115186	FALSE	NAGATA
LT934125.1	+	US1-splice-3	114985	116962	115474	116962	2	114985	116962	114985	115474	116962	116962	TRUE	NAGATA
LT934125.1	+	US1-splice-4	114985	116962	114985	115169	1	114985	116962	114985	114985	116962	115169	FALSE	NAGATA
LT934125.1	+	US1-splice-4	114985	116962	115465	116962	2	114985	116962	114985	115465	116962	116962	TRUE	NAGATA
LT934125.1	+	US1-splice-5	114985	116962	114985	115180	1	114985	116962	114985	114985	116962	115180	FALSE	NAGATA
LT934125.1	+	US1-splice-5	114985	116962	115465	116962	2	114985	116962	114985	115465	116962	116962	TRUE	NAGATA
LT934125.1	+	US1-splice-6	114985	116962	114985	115309	1	114985	116962	114985	114985	116962	115309	FALSE	NAGATA
LT934125.1	+	US1-splice-6	114985	116962	115465	116962	2	114985	116962	114985	115465	116962	116962	TRUE	NAGATA
LT934125.1	+	US1-splice-L	114001	116961	114001	115138	1	114001	116961	114001	114001	116961	115138	FALSE	NAGATA
LT934125.1	+	US1-splice-L	114001	116961	115256	115308	2	114001	116961	114001	115256	116961	115308	FALSE	NAGATA
LT934125.1	+	US1-splice-L	114001	116961	115464	116961	3	114001	116961	114001	115464	116961	116961	TRUE	NAGATA
LT934125.1	+	US1-splice-L2	114832	116961	114832	115138	1	114832	116961	114832	114832	116961	115138	FALSE	NAGATA
LT934125.1	+	US1-splice-L2	114832	116961	115256	115308	2	114832	116961	114832	115256	116961	115308	FALSE	NAGATA
LT934125.1	+	US1-splice-L2	114832	116961	115464	116961	3	114832	116961	114832	115464	116961	116961	TRUE	NAGATA
LT934125.1	+	US2	125225	126151	125225	126151	1	125225	126151	125225	125225	126151	126151	TRUE	NAGATA
LT934125.1	+	US2-AT	125225	126191	125225	126191	1	125225	126191	125225	125225	126191	126191	TRUE	NAGATA
LT934125.1	+	US2-L	125105	126151	125105	126151	1	125105	126151	125105	125105	126151	126151	TRUE	NAGATA
LT934125.1	+	US2.3	125373	126151	125373	126151	1	125373	126151	125373	125373	126151	126151	TRUE	NAGATA
LT934125.1	+	US2.3-S	125430	126151	125430	126151	1	125430	126151	125430	125430	126151	126151	TRUE	NAGATA
LT934125.1	+	US2.3-S2	125609	126151	125609	126151	1	125609	126151	125609	125609	126151	126151	TRUE	NAGATA
LT934125.1	+	US2.3-S3	125729	126151	125729	126151	1	125729	126151	125729	125729	126151	126151	TRUE	NAGATA
LT934125.1	+	US3-4	117769	120477	117769	120477	1	117769	120477	117769	117769	120477	120477	TRUE	NAGATA
LT934125.1	+	US3-L-4	117607	120477	117607	120477	1	117607	120477	117607	117607	120477	120477	TRUE	NAGATA
LT934125.1	+	US4	118864	120477	118864	120477	1	118864	120477	118864	118864	120477	120477	TRUE	NAGATA
LT934125.1	+	US4-6-7	118864	122915	118864	122915	1	118864	122915	118864	118864	122915	122915	TRUE	NAGATA
LT934125.1	+	US4-AT	118864	121347	118864	121347	1	118864	121347	118864	118864	121347	121347	TRUE	NAGATA
LT934125.1	+	US4-L	118807	120477	118807	120477	1	118807	120477	118807	118807	120477	120477	TRUE	NAGATA
LT934125.1	+	US4.2	119002	120477	119002	120477	1	119002	120477	119002	119002	120477	120477	TRUE	NAGATA
LT934125.1	+	US4.3	119127	120477	119127	120477	1	119127	120477	119127	119127	120477	120477	TRUE	NAGATA
LT934125.1	+	US4.3-S	119221	120477	119221	120477	1	119221	120477	119221	119221	120477	120477	TRUE	NAGATA
LT934125.1	+	US4.5	119344	120477	119344	120477	1	119344	120477	119344	119344	120477	120477	TRUE	NAGATA
LT934125.1	+	US4.5-S	119404	120477	119404	120477	1	119404	120477	119404	119404	120477	120477	TRUE	NAGATA
LT934125.1	+	US4.5-S2	119436	120477	119436	120477	1	119436	120477	119436	119436	120477	120477	TRUE	NAGATA
LT934125.1	+	US4.6	119500	120477	119500	120477	1	119500	120477	119500	119500	120477	120477	TRUE	NAGATA
LT934125.1	+	US4.6-S	119632	120477	119632	120477	1	119632	120477	119632	119632	120477	120477	TRUE	NAGATA
LT934125.1	+	US4.7	120081	120477	120081	120477	1	120081	120477	120081	120081	120477	120477	TRUE	NAGATA
LT934125.1	+	US4.7-S	120256	120477	120256	120477	1	120256	120477	120256	120256	120477	120477	TRUE	NAGATA
LT934125.1	+	US6	120555	121842	120555	121842	1	120555	121842	120555	120555	121842	121842	TRUE	NAGATA
LT934125.1	+	US6-7	120555	122915	120555	122915	1	120555	122915	120555	120555	122915	122915	TRUE	NAGATA
LT934125.1	+	US6-7-8-9-2	120555	126151	120555	126151	1	120555	126151	120555	120555	126151	126151	TRUE	NAGATA
LT934125.1	+	US7	121784	122915	121784	122915	1	121784	122915	121784	121784	122915	122915	TRUE	NAGATA
LT934125.1	+	US7-8-9	121784	125230	121784	125230	1	121784	125230	121784	121784	125230	125230	TRUE	NAGATA
LT934125.1	+	US7-8-9-2	121784	126151	121784	126151	1	121784	126151	121784	121784	126151	126151	TRUE	NAGATA
LT934125.1	+	US7-8-9-2-AT1	121783	126191	121783	126191	1	121783	126191	121783	121783	126191	126191	TRUE	NAGATA
LT934125.1	+	US7-L	120934	122915	120934	122915	1	120934	122915	120934	120934	122915	122915	TRUE	NAGATA
LT934125.1	+	US7-L2	121058	122915	121058	122915	1	121058	122915	121058	121058	122915	122915	TRUE	NAGATA
LT934125.1	+	US7-L3	121715	122915	121715	122915	1	121715	122915	121715	121715	122915	122915	TRUE	NAGATA
LT934125.1	+	US7.1	122698	122915	122698	122915	1	122698	122915	122698	122698	122915	122915	TRUE	NAGATA
LT934125.1	+	US7.3	121886	122915	121886	122915	1	121886	122915	121886	121886	122915	122915	TRUE	NAGATA
LT934125.1	+	US7.3-S	122258	122915	122258	122915	1	122258	122915	122258	122258	122915	122915	TRUE	NAGATA
LT934125.1	+	US7.3-S2	122463	122915	122463	122915	1	122463	122915	122463	122463	122915	122915	TRUE	NAGATA
LT934125.1	+	US8-9	122979	125230	122979	125230	1	122979	125230	122979	122979	125230	125230	TRUE	NAGATA
LT934125.1	+	US8-9-2	122979	126151	122979	126151	1	122979	126151	122979	122979	126151	126151	TRUE	NAGATA
LT934125.1	+	US8-9-2-AT1	122979	126191	122979	126191	1	122979	126191	122979	122979	126191	126191	TRUE	NAGATA
LT934125.1	+	US8-L-US9	122698	125230	122698	125230	1	122698	125230	122698	122698	125230	125230	TRUE	NAGATA
LT934125.1	+	US9	124756	125230	124756	125230	1	124756	125230	124756	124756	125230	125230	TRUE	NAGATA
LT934125.1	+	US9-2	124756	126151	124756	126151	1	124756	126151	124756	124756	126151	126151	TRUE	NAGATA
LT934125.1	+	US9-L1	124677	125230	124677	125230	1	124677	125230	124677	124677	125230	125230	TRUE	NAGATA
LT934125.1	+	US9-L2	124286	125230	124286	125230	1	124286	125230	124286	124286	125230	125230	TRUE	NAGATA
LT934125.1	+	US9-L3	124180	125230	124180	125230	1	124180	125230	124180	124180	125230	125230	TRUE	NAGATA
LT934125.1	+	US9-L4	123878	125230	123878	125230	1	123878	125230	123878	123878	125230	125230	TRUE	NAGATA
LT934125.1	+	US9-L5	123780	125230	123780	125230	1	123780	125230	123780	123780	125230	125230	TRUE	NAGATA
LT934125.1	+	US9-L6	123560	125230	123560	125230	1	123560	125230	123560	123560	125230	125230	TRUE	NAGATA
LT934125.1	+	US9-US2-L	124402	126151	124402	126151	1	124402	126151	124402	124402	126151	126151	TRUE	NAGATA
LT934125.1	+	US9-US2-L2	123824	126151	123824	126151	1	123824	126151	123824	123824	126151	126151	TRUE	NAGATA
LT934125.1	+	US9-US2-L3	123587	126151	123587	126151	1	123587	126151	123587	123587	126151	126151	TRUE	NAGATA
LT934125.1	+	US9-US2-L4	123314	126151	123314	126151	1	123314	126151	123314	123314	126151	126151	TRUE	NAGATA
LT934125.1	+	US9.3	124872	125230	124872	125230	1	124872	125230	124872	124872	125230	125230	TRUE	NAGATA
LT934125.1	+	nc-CTO-S	63176	63421	63176	63421	1	63176	63421	63176	63176	63421	63421	TRUE	NAGATA
LT934125.1	+	nc-UL19	70132	70521	70132	70521	1	70132	70521	70132	70132	70521	70521	TRUE	NAGATA
LT934125.1	+	nc-UL19-S	70311	70521	70311	70521	1	70311	70521	70311	70311	70521	70521	TRUE	NAGATA
LT934125.1	+	nc-UL46	15883	16224	15883	16224	1	15883	16224	15883	15883	16224	16224	TRUE	NAGATA
LT934125.1	+	nc-UL46-S	16014	16224	16014	16224	1	16014	16224	16014	16014	16224	16224	TRUE	NAGATA
LT934125.1	+	nc-UL47	11793	12084	11793	12084	1	11793	12084	11793	11793	12084	12084	TRUE	NAGATA
LT934125.1	+	nc-US1	115012	116628	115012	116628	1	115012	116628	115012	115012	116628	116628	TRUE	NAGATA
LT934125.1	-	AZURE-L	117251	119190	117251	119190	1	117251	119190	119190	119190	117251	117251	TRUE	NAGATA
LT934125.1	-	AZURE-L2	117251	119611	117251	119611	1	117251	119611	119611	119611	117251	117251	TRUE	NAGATA
LT934125.1	-	AZURE-M	117251	118739	117251	118739	1	117251	118739	118739	118739	117251	117251	TRUE	NAGATA
LT934125.1	-	AZURE-S	117251	118349	117251	118349	1	117251	118349	118349	118349	117251	117251	TRUE	NAGATA
LT934125.1	-	AZURE-S-L	117249	118401	117249	118401	1	117249	118401	118401	118401	117249	117249	TRUE	NAGATA
LT934125.1	-	AZURE-S-L-splice	117248	118409	117248	117361	1	117248	118409	118409	117361	117248	117248	TRUE	NAGATA
LT934125.1	-	AZURE-S-L-splice	117248	118409	117773	118409	2	117248	118409	118409	118409	117248	117773	FALSE	NAGATA
LT934125.1	-	CTO-AT	62617	63420	62617	63420	1	62617	63420	63420	63420	62617	62617	TRUE	NAGATA
LT934125.1	-	CTO-AT2	62344	63420	62344	63420	1	62344	63420	63420	63420	62344	62344	TRUE	NAGATA
LT934125.1	-	CTO-L	63164	65752	63164	65752	1	63164	65752	65752	65752	63164	63164	TRUE	NAGATA
LT934125.1	-	CTO-L2	63161	65821	63161	65821	1	63161	65821	65821	65821	63161	63161	TRUE	NAGATA
LT934125.1	-	CTO-M	63164	64127	63164	64127	1	63164	64127	64127	64127	63164	63164	TRUE	NAGATA
LT934125.1	-	CTO-M-L	63164	64624	63164	64624	1	63164	64624	64624	64624	63164	63164	TRUE	NAGATA
LT934125.1	-	CTO-S	63164	63420	63164	63420	1	63164	63420	63420	63420	63164	63164	TRUE	NAGATA
LT934125.1	-	CTO-UL22-UL23-UL24-UL25-26	55270	63420	55270	63420	1	55270	63420	63420	63420	55270	55270	TRUE	NAGATA
LT934125.1	-	EP0	95890	97362	95890	97362	1	95890	97362	97362	97362	95890	95890	TRUE	NAGATA
LT934125.1	-	EP0-L2	95890	97537	95890	97537	1	95890	97537	97537	97537	95890	95890	TRUE	NAGATA
LT934125.1	-	EP0-sp1	95889	97361	95889	96851	1	95889	97361	97361	96851	95889	95889	TRUE	NAGATA
LT934125.1	-	EP0-sp1	95889	97361	96990	97361	2	95889	97361	97361	97361	95889	96990	FALSE	NAGATA
LT934125.1	-	EP0-sp2	95889	97361	95889	96851	1	95889	97361	97361	96851	95889	95889	TRUE	NAGATA
LT934125.1	-	EP0-sp2	95889	97361	96942	97361	2	95889	97361	97361	97361	95889	96942	FALSE	NAGATA
LT934125.1	-	EP0.10	95890	96629	95890	96629	1	95890	96629	96629	96629	95890	95890	TRUE	NAGATA
LT934125.1	-	EP0.4	95890	96866	95890	96866	1	95890	96866	96866	96866	95890	95890	TRUE	NAGATA
LT934125.1	-	EP0.5	95890	97338	95890	97338	1	95890	97338	97338	97338	95890	95890	TRUE	NAGATA
LT934125.1	-	EP0.5-S	95890	97175	95890	97175	1	95890	97175	97175	97175	95890	95890	TRUE	NAGATA
LT934125.1	-	EP0.5-S-sp1	95889	97174	95889	96851	1	95889	97174	97174	96851	95889	95889	TRUE	NAGATA
LT934125.1	-	EP0.5-S-sp1	95889	97174	96990	97174	2	95889	97174	97174	97174	95889	96990	FALSE	NAGATA
LT934125.1	-	EP0.5-S2-sp1	95889	97126	95889	96851	1	95889	97126	97126	96851	95889	95889	TRUE	NAGATA
LT934125.1	-	EP0.5-S2-sp1	95889	97126	96990	97126	2	95889	97126	97126	97126	95889	96990	FALSE	NAGATA
LT934125.1	-	EP0.5-sp1	95889	97337	95889	96851	1	95889	97337	97337	96851	95889	95889	TRUE	NAGATA
LT934125.1	-	EP0.5-sp1	95889	97337	96990	97337	2	95889	97337	97337	97337	95889	96990	FALSE	NAGATA
LT934125.1	-	EP0.5-sp2	95889	97337	95889	96851	1	95889	97337	97337	96851	95889	95889	TRUE	NAGATA
LT934125.1	-	EP0.5-sp2	95889	97337	96942	97337	2	95889	97337	97337	97337	95889	96942	FALSE	NAGATA
LT934125.1	-	FORF15	71549	73108	71549	73108	1	71549	73108	73108	73108	71549	71549	TRUE	NAGATA
LT934125.1	-	FORF15-L	71549	74345	71549	74345	1	71549	74345	74345	74345	71549	71549	TRUE	NAGATA
LT934125.1	-	FORF15-L2	71549	73139	71549	73139	1	71549	73139	73139	73139	71549	71549	TRUE	NAGATA
LT934125.1	-	FORF15-S	71549	72713	71549	72713	1	71549	72713	72713	72713	71549	71549	TRUE	NAGATA
LT934125.1	-	FORF15-S2	71549	71882	71549	71882	1	71549	71882	71882	71882	71549	71549	TRUE	NAGATA
LT934125.1	-	IE180	102362	107560	102362	107560	1	102362	107560	107560	107560	102362	102362	TRUE	NAGATA
LT934125.1	-	IE180-S	102362	107370	102362	107370	1	102362	107370	107370	107370	102362	102362	TRUE	NAGATA
LT934125.1	-	NOIR-2	110204	111104	110204	111104	1	110204	111104	111104	111104	110204	110204	TRUE	NAGATA
LT934125.1	-	NOIR_2-1L-2	134888	136285	134888	136285	1	134888	136285	136285	136285	134888	134888	TRUE	NAGATA
LT934125.1	-	NOIR_2-1L3-2	134888	136409	134888	136409	1	134888	136409	136409	136409	134888	134888	TRUE	NAGATA
LT934125.1	-	NOIR_2-1M-2	134888	136235	134888	136235	1	134888	136235	136235	136235	134888	134888	TRUE	NAGATA
LT934125.1	-	NOIR_2-1M-splice-2	134894	136248	134894	135256	1	134894	136248	136248	135256	134894	134894	TRUE	NAGATA
LT934125.1	-	NOIR_2-1M-splice-2	134894	136248	135752	136248	2	134894	136248	136248	136248	134894	135752	FALSE	NAGATA
LT934125.1	-	NOIR_2-1S-2	134888	136131	134888	136131	1	134888	136131	136131	136131	134888	134888	TRUE	NAGATA
LT934125.1	-	NOIR_2-1S2-2	134888	136103	134888	136103	1	134888	136103	136103	136103	134888	134888	TRUE	NAGATA
LT934125.1	-	NOIR_2-1S3-2	134888	135899	134888	135899	1	134888	135899	135899	135899	134888	134888	TRUE	NAGATA
LT934125.1	-	NOIR_2-1S4-2	134888	135619	134888	135619	1	134888	135619	135619	135619	134888	134888	TRUE	NAGATA
LT934125.1	-	PTO-US1_2-nonsp	126753	130831	126753	130831	1	126753	130831	130831	130831	126753	126753	TRUE	NAGATA
LT934125.1	-	PTO-US1_2-sp	126752	130830	126752	127972	1	126752	130830	130830	127972	126752	126752	TRUE	NAGATA
LT934125.1	-	PTO-US1_2-sp	126752	130830	128147	128198	2	126752	130830	130830	128198	126752	128147	FALSE	NAGATA
LT934125.1	-	PTO-US1_2-sp	126752	130830	128321	130830	3	126752	130830	130830	130830	126752	128321	FALSE	NAGATA
LT934125.1	-	TRL29.2	21477	21941	21477	21941	1	21477	21941	21941	21941	21477	21477	TRUE	NAGATA
LT934125.1	-	TRL3.5	92071	92422	92071	92422	1	92071	92422	92422	92422	92071	92071	TRUE	NAGATA
LT934125.1	-	TRS1_2	126753	127083	126753	127083	1	126753	127083	127083	127083	126753	126753	TRUE	NAGATA
LT934125.1	-	TRS1_2-L	126753	127117	126753	127117	1	126753	127117	127117	127117	126753	126753	TRUE	NAGATA
LT934125.1	-	TRS1_2-L2	126753	127165	126753	127165	1	126753	127165	127165	127165	126753	126753	TRUE	NAGATA
LT934125.1	-	TRS1_2-L3	126753	127176	126753	127176	1	126753	127176	127176	127176	126753	126753	TRUE	NAGATA
LT934125.1	-	TRS1_2-S	126753	127002	126753	127002	1	126753	127002	127002	127002	126753	126753	TRUE	NAGATA
LT934125.1	-	UL1-2-3-3.5	92069	94947	92069	94947	1	92069	94947	94947	94947	92069	92069	TRUE	NAGATA
LT934125.1	-	UL10	80352	81804	80352	81804	1	80352	81804	81804	81804	80352	80352	TRUE	NAGATA
LT934125.1	-	UL10-L1	80352	81840	80352	81840	1	80352	81840	81840	81840	80352	80352	TRUE	NAGATA
LT934125.1	-	UL10-L3	80352	81897	80352	81897	1	80352	81897	81897	81897	80352	80352	TRUE	NAGATA
LT934125.1	-	UL10-L4	80352	82026	80352	82026	1	80352	82026	82026	82026	80352	80352	TRUE	NAGATA
LT934125.1	-	UL10-L7	80352	83780	80352	83780	1	80352	83780	83780	83780	80352	80352	TRUE	NAGATA
LT934125.1	-	UL10-L8	80352	83205	80352	83205	1	80352	83205	83205	83205	80352	80352	TRUE	NAGATA
LT934125.1	-	UL10-S	80352	81551	80352	81551	1	80352	81551	81551	81551	80352	80352	TRUE	NAGATA
LT934125.1	-	UL10.4	80352	80835	80352	80835	1	80352	80835	80835	80835	80352	80352	TRUE	NAGATA
LT934125.1	-	UL10.5	80352	81051	80352	81051	1	80352	81051	81051	81051	80352	80352	TRUE	NAGATA
LT934125.1	-	UL10.6	80352	81314	80352	81314	1	80352	81314	81314	81314	80352	80352	TRUE	NAGATA
LT934125.1	-	UL10.7	80352	81429	80352	81429	1	80352	81429	81429	81429	80352	80352	TRUE	NAGATA
LT934125.1	-	UL15	71549	76860	71549	76860	1	71549	76860	76860	76860	71549	71549	TRUE	NAGATA
LT934125.1	-	UL15-16-17	71549	77985	71549	77985	1	71549	77985	77985	77985	71549	71549	TRUE	NAGATA
LT934125.1	-	UL15-splice	71548	76859	71548	72782	1	71548	76859	76859	72782	71548	71548	TRUE	NAGATA
LT934125.1	-	UL15-splice	71548	76859	75662	76859	2	71548	76859	76859	76859	71548	75662	FALSE	NAGATA
LT934125.1	-	UL15-splice-L	71548	77984	71548	72782	1	71548	77984	77984	72782	71548	71548	TRUE	NAGATA
LT934125.1	-	UL15-splice-L	71548	77984	75662	77984	2	71548	77984	77984	77984	71548	75662	FALSE	NAGATA
LT934125.1	-	UL16-AS	74413	75324	74413	75324	1	74413	75324	75324	75324	74413	74413	TRUE	NAGATA
LT934125.1	-	UL1L2-2-3-3.5	92069	95471	92069	95471	1	92069	95471	95471	95471	92069	92069	TRUE	NAGATA
LT934125.1	-	UL2	93229	94526	93229	94526	1	93229	94526	94526	94526	93229	93229	TRUE	NAGATA
LT934125.1	-	UL2-3-3.5	92069	94526	92069	94526	1	92069	94526	94526	94526	92069	92069	TRUE	NAGATA
LT934125.1	-	UL20-21-C	64173	66924	64173	66924	1	64173	66924	66924	66924	64173	64173	TRUE	NAGATA
LT934125.1	-	UL21	64133	65752	64133	65752	1	64133	65752	65752	65752	64133	64133	TRUE	NAGATA
LT934125.1	-	UL21-AT2	64532	65752	64532	65752	1	64532	65752	65752	65752	64532	64532	TRUE	NAGATA
LT934125.1	-	UL21-L	64133	65880	64133	65880	1	64133	65880	65880	65880	64133	64133	TRUE	NAGATA
LT934125.1	-	UL21-L2	64138	66283	64138	66283	1	64138	66283	66283	66283	64138	64138	TRUE	NAGATA
LT934125.1	-	UL21.2	64133	65657	64133	65657	1	64133	65657	65657	65657	64133	64133	TRUE	NAGATA
LT934125.1	-	UL21.2-S	64133	65582	64133	65582	1	64133	65582	65582	65582	64133	64133	TRUE	NAGATA
LT934125.1	-	UL21.5	64133	64624	64133	64624	1	64133	64624	64624	64624	64133	64133	TRUE	NAGATA
LT934125.1	-	UL24-25-26-26.5	55270	59277	55270	59277	1	55270	59277	59277	59277	55270	55270	TRUE	NAGATA
LT934125.1	-	UL25	55704	58556	55704	58556	1	55704	58556	58556	58556	55704	55704	TRUE	NAGATA
LT934125.1	-	UL25-26-26.5	55270	58570	55270	58570	1	55270	58570	58570	58570	55270	55270	TRUE	NAGATA
LT934125.1	-	UL25-AT	56317	58570	56317	58570	1	56317	58570	58570	58570	56317	56317	TRUE	NAGATA
LT934125.1	-	UL25L-26-26.5	55270	59016	55270	59016	1	55270	59016	59016	59016	55270	55270	TRUE	NAGATA
LT934125.1	-	UL26-26.5	55270	56946	55270	56946	1	55270	56946	56946	56946	55270	55270	TRUE	NAGATA
LT934125.1	-	UL26-26.5-AT	55310	56946	55310	56946	1	55310	56946	56946	56946	55310	55310	TRUE	NAGATA
LT934125.1	-	UL26-26.5-L	55270	57535	55270	57535	1	55270	57535	57535	57535	55270	55270	TRUE	NAGATA
LT934125.1	-	UL26.6	55270	56188	55270	56188	1	55270	56188	56188	56188	55270	55270	TRUE	NAGATA
LT934125.1	-	UL26.8	55270	55807	55270	55807	1	55270	55807	55807	55807	55270	55270	TRUE	NAGATA
LT934125.1	-	UL26.9	55270	55733	55270	55733	1	55270	55733	55733	55733	55270	55270	TRUE	NAGATA
LT934125.1	-	UL26.9-S	55270	55679	55270	55679	1	55270	55679	55679	55679	55270	55270	TRUE	NAGATA
LT934125.1	-	UL27	16583	19473	16583	19473	1	16583	19473	19473	19473	16583	16583	TRUE	NAGATA
LT934125.1	-	UL27-AT1	16259	19473	16259	19473	1	16259	19473	19473	19473	16259	16259	TRUE	NAGATA
LT934125.1	-	UL27.10	16583	17723	16583	17723	1	16583	17723	17723	17723	16583	16583	TRUE	NAGATA
LT934125.1	-	UL27.10-S	16583	17670	16583	17670	1	16583	17670	17670	17670	16583	16583	TRUE	NAGATA
LT934125.1	-	UL27.11	16583	18161	16583	18161	1	16583	18161	18161	18161	16583	16583	TRUE	NAGATA
LT934125.1	-	UL27.11-S	16583	18107	16583	18107	1	16583	18107	18107	18107	16583	16583	TRUE	NAGATA
LT934125.1	-	UL27.11-S2	16583	18086	16583	18086	1	16583	18086	18086	18086	16583	16583	TRUE	NAGATA
LT934125.1	-	UL27.11-S3	16583	17981	16583	17981	1	16583	17981	17981	17981	16583	16583	TRUE	NAGATA
LT934125.1	-	UL27.11-S4	16583	17900	16583	17900	1	16583	17900	17900	17900	16583	16583	TRUE	NAGATA
LT934125.1	-	UL27.11-S5	16583	17871	16583	17871	1	16583	17871	17871	17871	16583	16583	TRUE	NAGATA
LT934125.1	-	UL27.11-S6	16583	17792	16583	17792	1	16583	17792	17792	17792	16583	16583	TRUE	NAGATA
LT934125.1	-	UL27.11-S7	16583	17751	16583	17751	1	16583	17751	17751	17751	16583	16583	TRUE	NAGATA
LT934125.1	-	UL27.13	16583	18270	16583	18270	1	16583	18270	18270	18270	16583	16583	TRUE	NAGATA
LT934125.1	-	UL27.14	16583	18523	16583	18523	1	16583	18523	18523	18523	16583	16583	TRUE	NAGATA
LT934125.1	-	UL27.14-S	16583	18464	16583	18464	1	16583	18464	18464	18464	16583	16583	TRUE	NAGATA
LT934125.1	-	UL27.2	16583	16878	16583	16878	1	16583	16878	16878	16878	16583	16583	TRUE	NAGATA
LT934125.1	-	UL27.3	16583	16970	16583	16970	1	16583	16970	16970	16970	16583	16583	TRUE	NAGATA
LT934125.1	-	UL27.3-L	16583	16928	16583	16928	1	16583	16928	16928	16928	16583	16583	TRUE	NAGATA
LT934125.1	-	UL27.4	16583	17223	16583	17223	1	16583	17223	17223	17223	16583	16583	TRUE	NAGATA
LT934125.1	-	UL27.4-S	16583	17159	16583	17159	1	16583	17159	17159	17159	16583	16583	TRUE	NAGATA
LT934125.1	-	UL27.4-S2	16583	17132	16583	17132	1	16583	17132	17132	17132	16583	16583	TRUE	NAGATA
LT934125.1	-	UL27.4-S3	16583	17059	16583	17059	1	16583	17059	17059	17059	16583	16583	TRUE	NAGATA
LT934125.1	-	UL27.4-S4	16583	17024	16583	17024	1	16583	17024	17024	17024	16583	16583	TRUE	NAGATA
LT934125.1	-	UL27.5	16583	17497	16583	17497	1	16583	17497	17497	17497	16583	16583	TRUE	NAGATA
LT934125.1	-	UL27.5-L	16583	17951	16583	17951	1	16583	17951	17951	17951	16583	16583	TRUE	NAGATA
LT934125.1	-	UL27.5-S	16583	17407	16583	17407	1	16583	17407	17407	17407	16583	16583	TRUE	NAGATA
LT934125.1	-	UL27.5-S2	16583	17363	16583	17363	1	16583	17363	17363	17363	16583	16583	TRUE	NAGATA
LT934125.1	-	UL27.5-S3	16583	17341	16583	17341	1	16583	17341	17341	17341	16583	16583	TRUE	NAGATA
LT934125.1	-	UL27.6	16583	17568	16583	17568	1	16583	17568	17568	17568	16583	16583	TRUE	NAGATA
LT934125.1	-	UL27.6-S	16583	17530	16583	17530	1	16583	17530	17530	17530	16583	16583	TRUE	NAGATA
LT934125.1	-	UL27.8	16583	17599	16583	17599	1	16583	17599	17599	17599	16583	16583	TRUE	NAGATA
LT934125.1	-	UL27.9	16583	17636	16583	17636	1	16583	17636	17636	17636	16583	16583	TRUE	NAGATA
LT934125.1	-	UL28	18583	21472	18583	21472	1	18583	21472	21472	21472	18583	18583	TRUE	NAGATA
LT934125.1	-	UL28L-27	16583	21635	16583	21635	1	16583	21635	21635	21635	16583	16583	TRUE	NAGATA
LT934125.1	-	UL29	21477	25313	21477	25313	1	21477	25313	25313	25313	21477	21477	TRUE	NAGATA
LT934125.1	-	UL29-28-27	16582	25312	16582	25312	1	16582	25312	25312	25312	16582	16582	TRUE	NAGATA
LT934125.1	-	UL29.11	21477	23258	21477	23258	1	21477	23258	23258	23258	21477	21477	TRUE	NAGATA
LT934125.1	-	UL29.14	21477	23660	21477	23660	1	21477	23660	23660	23660	21477	21477	TRUE	NAGATA
LT934125.1	-	UL29.2	21477	22441	21477	22441	1	21477	22441	22441	22441	21477	21477	TRUE	NAGATA
LT934125.1	-	UL3	92445	93654	92445	93654	1	92445	93654	93654	93654	92445	92445	TRUE	NAGATA
LT934125.1	-	UL3-3.5	92069	93654	92069	93654	1	92069	93654	93654	93654	92069	92069	TRUE	NAGATA
LT934125.1	-	UL3.5	92069	92933	92069	92933	1	92069	92933	92933	92933	92069	92069	TRUE	NAGATA
LT934125.1	-	UL3.5-L	92069	93265	92069	93265	1	92069	93265	93265	93265	92069	92069	TRUE	NAGATA
LT934125.1	-	UL31	28429	29414	28429	29414	1	28429	29414	29414	29414	28429	28429	TRUE	NAGATA
LT934125.1	-	UL31-L	28429	29154	28429	29154	1	28429	29154	29154	29154	28429	28429	TRUE	NAGATA
LT934125.1	-	UL31.2	28429	29086	28429	29086	1	28429	29086	29086	29086	28429	28429	TRUE	NAGATA
LT934125.1	-	UL31.3	28429	29046	28429	29046	1	28429	29046	29046	29046	28429	28429	TRUE	NAGATA
LT934125.1	-	UL31.3-S	28429	28794	28429	28794	1	28429	28794	28794	28794	28429	28429	TRUE	NAGATA
LT934125.1	-	UL31.5	28429	29507	28429	29507	1	28429	29507	29507	29507	28429	28429	TRUE	NAGATA
LT934125.1	-	UL32-31	28429	31043	28429	31043	1	28429	31043	31043	31043	28429	28429	TRUE	NAGATA
LT934125.1	-	UL32-S-31	28429	30877	28429	30877	1	28429	30877	30877	30877	28429	28429	TRUE	NAGATA
LT934125.1	-	UL36-UL36.5	32686	41995	32686	41995	1	32686	41995	41995	41995	32686	32686	TRUE	NAGATA
LT934125.1	-	UL36.38	32686	33356	32686	33356	1	32686	33356	33356	33356	32686	32686	TRUE	NAGATA
LT934125.1	-	UL36.38-S	32686	33242	32686	33242	1	32686	33242	33242	33242	32686	32686	TRUE	NAGATA
LT934125.1	-	UL36.40	32686	33215	32686	33215	1	32686	33215	33215	33215	32686	32686	TRUE	NAGATA
LT934125.1	-	UL36.40-S	32686	33035	32686	33035	1	32686	33035	33035	33035	32686	32686	TRUE	NAGATA
LT934125.1	-	UL36.40-S2	32686	32935	32686	32935	1	32686	32935	32935	32935	32686	32686	TRUE	NAGATA
LT934125.1	-	UL36.43	32686	34532	32686	34532	1	32686	34532	34532	34532	32686	32686	TRUE	NAGATA
LT934125.1	-	UL36.43-S	32686	34330	32686	34330	1	32686	34330	34330	34330	32686	32686	TRUE	NAGATA
LT934125.1	-	UL36.5	32686	34474	32686	34474	1	32686	34474	34474	34474	32686	32686	TRUE	NAGATA
LT934125.1	-	UL37	42005	44889	42005	44889	1	42005	44889	44889	44889	42005	42005	TRUE	NAGATA
LT934125.1	-	UL37-36	32686	44889	32686	44889	1	32686	44889	44889	44889	32686	32686	TRUE	NAGATA
LT934125.1	-	UL37.5	42005	43351	42005	43351	1	42005	43351	43351	43351	42005	42005	TRUE	NAGATA
LT934125.1	-	UL37.5-S2	42005	43473	42005	43473	1	42005	43473	43473	43473	42005	42005	TRUE	NAGATA
LT934125.1	-	UL37.6	42005	44067	42005	44067	1	42005	44067	44067	44067	42005	42005	TRUE	NAGATA
LT934125.1	-	UL37.6-S	42005	43628	42005	43628	1	42005	43628	43628	43628	42005	42005	TRUE	NAGATA
LT934125.1	-	UL37.6-S2	42005	43545	42005	43545	1	42005	43545	43545	43545	42005	42005	TRUE	NAGATA
LT934125.1	-	UL3L-3.5	92069	93980	92069	93980	1	92069	93980	93980	93980	92069	92069	TRUE	NAGATA
LT934125.1	-	UL3L2-3.5	92069	94108	92069	94108	1	92069	94108	94108	94108	92069	92069	TRUE	NAGATA
LT934125.1	-	UL41	50041	51147	50041	51147	1	50041	51147	51147	51147	50041	50041	TRUE	NAGATA
LT934125.1	-	UL41.11	50041	50592	50041	50592	1	50041	50592	50592	50592	50041	50041	TRUE	NAGATA
LT934125.1	-	UL41.2	50041	51094	50041	51094	1	50041	51094	51094	51094	50041	50041	TRUE	NAGATA
LT934125.1	-	UL41.4	50041	50986	50041	50986	1	50041	50986	50986	50986	50041	50041	TRUE	NAGATA
LT934125.1	-	UL41.7	50041	50820	50041	50820	1	50041	50820	50820	50820	50041	50041	TRUE	NAGATA
LT934125.1	-	UL41.9	50041	50641	50041	50641	1	50041	50641	50641	50641	50041	50041	TRUE	NAGATA
LT934125.1	-	UL44-43-42-41	50027	54882	50027	54882	1	50027	54882	54882	54882	50027	50027	TRUE	NAGATA
LT934125.1	-	UL50	8487	9494	8487	9494	1	8487	9494	9494	9494	8487	8487	TRUE	NAGATA
LT934125.1	-	UL50-L3	8487	9752	8487	9752	1	8487	9752	9752	9752	8487	8487	TRUE	NAGATA
LT934125.1	-	UL50-L4	8487	9800	8487	9800	1	8487	9800	9800	9800	8487	8487	TRUE	NAGATA
LT934125.1	-	UL50.1	8487	9058	8487	9058	1	8487	9058	9058	9058	8487	8487	TRUE	NAGATA
LT934125.1	-	UL50.1-S	8487	8997	8487	8997	1	8487	8997	8997	8997	8487	8487	TRUE	NAGATA
LT934125.1	-	UL50L	8487	9590	8487	9590	1	8487	9590	9590	9590	8487	8487	TRUE	NAGATA
LT934125.1	-	UL50S	8487	9214	8487	9214	1	8487	9214	9214	9214	8487	8487	TRUE	NAGATA
LT934125.1	-	UL51-52	4648	8526	4648	8526	1	4648	8526	8526	8526	4648	4648	TRUE	NAGATA
LT934125.1	-	UL52-53-54	2778	7758	2778	7758	1	2778	7758	7758	7758	2778	2778	TRUE	NAGATA
LT934125.1	-	UL53-54	2778	4925	2778	4925	1	2778	4925	4925	4925	2778	2778	TRUE	NAGATA
LT934125.1	-	UL53L-54	2778	5969	2778	5969	1	2778	5969	5969	5969	2778	2778	TRUE	NAGATA
LT934125.1	-	UL54	2778	3910	2778	3910	1	2778	3910	3910	3910	2778	2778	TRUE	NAGATA
LT934125.1	-	UL54-L	2778	4687	2778	4687	1	2778	4687	4687	4687	2778	2778	TRUE	NAGATA
LT934125.1	-	UL54.3	2778	3281	2778	3281	1	2778	3281	3281	3281	2778	2778	TRUE	NAGATA
LT934125.1	-	UL54.3-S	2778	3172	2778	3172	1	2778	3172	3172	3172	2778	2778	TRUE	NAGATA
LT934125.1	-	UL54.3-S2	2778	3141	2778	3141	1	2778	3141	3141	3141	2778	2778	TRUE	NAGATA
LT934125.1	-	UL54.4	2778	3351	2778	3351	1	2778	3351	3351	3351	2778	2778	TRUE	NAGATA
LT934125.1	-	UL54.5	2778	3753	2778	3753	1	2778	3753	3753	3753	2778	2778	TRUE	NAGATA
LT934125.1	-	UL54.5-S	2778	3640	2778	3640	1	2778	3640	3640	3640	2778	2778	TRUE	NAGATA
LT934125.1	-	UL54.5-S2	2778	3429	2778	3429	1	2778	3429	3429	3429	2778	2778	TRUE	NAGATA
LT934125.1	-	UL6-7	86133	89079	86133	89079	1	86133	89079	89079	89079	86133	86133	TRUE	NAGATA
LT934125.1	-	UL6L-7	86133	90875	86133	90875	1	86133	90875	90875	90875	86133	86133	TRUE	NAGATA
LT934125.1	-	UL7	86133	87161	86133	87161	1	86133	87161	87161	87161	86133	86133	TRUE	NAGATA
LT934125.1	-	UL7-L2	86133	87250	86133	87250	1	86133	87250	87250	87250	86133	86133	TRUE	NAGATA
LT934125.1	-	UL7-L3	86133	87447	86133	87447	1	86133	87447	87447	87447	86133	86133	TRUE	NAGATA
LT934125.1	-	UL7-L4	86133	87864	86133	87864	1	86133	87864	87864	87864	86133	86133	TRUE	NAGATA
LT934125.1	-	UL7.5	86133	86928	86133	86928	1	86133	86928	86928	86928	86133	86133	TRUE	NAGATA
LT934125.1	-	US1_2	126753	128732	126753	128732	1	126753	128732	128732	128732	126753	126753	TRUE	NAGATA
LT934125.1	-	US1_2-splice	126752	128731	126752	128251	1	126752	128731	128731	128251	126752	126752	TRUE	NAGATA
LT934125.1	-	US1_2-splice	126752	128731	128407	128459	2	126752	128731	128731	128459	126752	128407	FALSE	NAGATA
LT934125.1	-	US1_2-splice	126752	128731	128577	128731	3	126752	128731	128731	128731	126752	128577	FALSE	NAGATA
LT934125.1	-	US1_2-splice-2	126752	128731	126752	127972	1	126752	128731	128731	127972	126752	126752	TRUE	NAGATA
LT934125.1	-	US1_2-splice-2	126752	128731	128147	128731	2	126752	128731	128731	128731	126752	128147	FALSE	NAGATA
LT934125.1	-	US1_2-splice-3	126752	128731	126752	127972	1	126752	128731	128731	127972	126752	126752	TRUE	NAGATA
LT934125.1	-	US1_2-splice-3	126752	128731	128279	128731	2	126752	128731	128731	128731	126752	128279	FALSE	NAGATA
LT934125.1	-	US1_2-splice-4	126752	128731	126752	127973	1	126752	128731	128731	127973	126752	126752	TRUE	NAGATA
LT934125.1	-	US1_2-splice-4	126752	128731	128273	128731	2	126752	128731	128731	128731	126752	128273	FALSE	NAGATA
LT934125.1	-	US1_2-splice-5	126752	128731	126752	128198	1	126752	128731	128731	128198	126752	126752	TRUE	NAGATA
LT934125.1	-	US1_2-splice-5	126752	128731	128321	128731	2	126752	128731	128731	128731	126752	128321	FALSE	NAGATA
LT934125.1	-	US1_2-splice-6	126752	128731	126752	127972	1	126752	128731	128731	127972	126752	126752	TRUE	NAGATA
LT934125.1	-	US1_2-splice-6	126752	128731	128290	128731	2	126752	128731	128731	128731	126752	128290	FALSE	NAGATA
LT934125.1	-	US1_2-splice-L	126752	129714	126752	127952	1	126752	129714	129714	127952	126752	126752	TRUE	NAGATA
LT934125.1	-	US1_2-splice-L	126752	129714	128147	128198	2	126752	129714	129714	128198	126752	128147	FALSE	NAGATA
LT934125.1	-	US1_2-splice-L	126752	129714	128321	129714	3	126752	129714	129714	129714	126752	128321	FALSE	NAGATA
LT934125.1	-	US1_2-splice-L2	126752	128883	126752	128251	1	126752	128883	128883	128251	126752	126752	TRUE	NAGATA
LT934125.1	-	US1_2-splice-L2	126752	128883	128407	128459	2	126752	128883	128883	128459	126752	128407	FALSE	NAGATA
LT934125.1	-	US1_2-splice-L2	126752	128883	128577	128883	3	126752	128883	128883	128883	126752	128577	FALSE	NAGATA
LT934125.1	-	US4-AS1	118860	120344	118860	120344	1	118860	120344	120344	120344	118860	118860	TRUE	NAGATA
LT934125.1	-	nc-EP0	96800	97006	96800	97006	1	96800	97006	97006	97006	96800	96800	TRUE	NAGATA
LT934125.1	-	nc-EP0-2	95890	96090	95890	96090	1	95890	96090	96090	96090	95890	95890	TRUE	NAGATA
LT934125.1	-	nc-UL10	80352	80491	80352	80491	1	80352	80491	80491	80491	80352	80352	TRUE	NAGATA
LT934125.1	-	nc-UL26	56317	56946	56317	56946	1	56317	56946	56946	56946	56317	56317	TRUE	NAGATA
LT934125.1	-	nc-UL3.5	92069	92622	92069	92622	1	92069	92622	92622	92622	92069	92069	TRUE	NAGATA
LT934125.1	-	nc-UL36	32686	32842	32686	32842	1	32686	32842	32842	32842	32686	32686	TRUE	NAGATA
LT934125.1	-	nc-US1_2	127089	128705	127089	128705	1	127089	128705	128705	128705	127089	127089	TRUE	NAGATA
