gene	Kinetic_class	cluster	C6_12h_1	C6_12h_2	C6_12h_3	C6_1h_1	C6_1h_2	C6_1h_3	C6_2h_1	C6_2h_2	C6_4h_1	C6_4h_2	C6_4h_3	C6_6h_1	C6_6h_2	C6_6h_3	C6_8h_1	C6_8h_2	C6_8h_3	NRK_1h_1	NRK_1h_2	NRK_1h_3	NRK_2h_1	NRK_2h_2	NRK_2h_3	PC-12_0.5h_1	PC-12_0.5h_2	PC-12_1.5h_1	PC-12_1.5h_2	PC-12_1.5h_3	PC-12_12h_1	PC-12_12h_2	PC-12_12h_3	PC-12_1h_1	PC-12_1h_2	PC-12_1h_3	PC-12_2.5h_1	PC-12_2.5h_2	PC-12_2.5h_3	PC-12_2h_1	PC-12_2h_2	PC-12_2h_3	PC-12_4h_1	PC-12_4h_2	PC-12_4h_3	PC-12_6h_1	PC-12_6h_2	PC-12_6h_3	PC-12_8h_1	PC-12_8h_2	PK-15_12h_1	PK-15_12h_2	PK-15_12h_3	PK-15_1h_1	PK-15_1h_2	PK-15_1h_3	PK-15_2h_1	PK-15_2h_2	PK-15_2h_3	PK-15_4h_1	PK-15_4h_2	PK-15_4h_3	PK-15_6h_1	PK-15_6h_2	PK-15_6h_3	PK-15_8h_1	PK-15_8h_2	PK-15_8h_3
AZURE	E	cluster_1	0.000236898869119609	0.000219815355101715	0.000337307356789764	0	0	0	0	0	0	0.000746825989544436	0	0.00156955071610751	0.000256016385048643	0.000931387767773983	0.000299636690512753	0.000369189461319013	0.000672043010752688	0	0	0	0	0	0.00229357798165138	0	0	0	0.00495049504950495	0	0.000108484971215321	0.000196765664391564	0.000124727677903245	0	0	0	0	0.0026525198938992	0	0	0	0	0.000630119722747322	0.000513171399247349	0.000726849832824538	0.000348831414760552	0.000327069457659372	0.000263832353384592	0.000172869384831946	0.000399936010238362	1.3094718463553e-05	2.57644685894322e-05	1.72780803361623e-05	0	0	0	0	0	0	0	6.30358043368633e-05	0	1.39563445542344e-05	1.64972944437112e-05	5.66379700951518e-05	5.25517634870347e-05	2.24703952542525e-05	1.47646151233953e-05
CTO	L		0.0385210029550017	0.03889399571027	0.0206106426286711	0.0111940298507463	0.0118811881188119	0.00684931506849315	0.0173267326732673	0.0572320499479709	0.082962962962963	0.0746825989544436	0.08300395256917	0.152442613301942	0.129928315412186	0.145296491772741	0.0882430053560059	0.111025339822118	0.104324794433903	0	0.016260162601626	0.0111111111111111	0.00319488817891374	0.016	0.0137614678899083	0.0344827586206897	0	0.0166666666666667	0.0346534653465347	0.0172413793103448	0.169851303266121	0.20186927381172	0.157830403618766	0.0345622119815668	0.00711743772241993	0.0129533678756477	0.0536451169188446	0.0530503978779841	0.0554054054054054	0.0195167286245353	0.0189732142857143	0.0340909090909091	0.158160050409578	0.150359219979473	0.111934874254979	0.124084317536254	0.174060418648906	0.141904115784713	0.181907984096017	0.0966645336746121	0.271876909646443	0.183362042312619	0.249706272634285	0.0199004975124378	0.0162337662337662	0.0342857142857143	0.00319051959890611	0.00354609929078014	0.202000882742386	0.123523164741803	0.130295007564297	0.055596848520886	0.169304415787417	0.128101491355418	0.286913797009515	0.121409588444618	0.18536578058408	0.197329081124178
ELIE	unknown	cluster_3	3.7405084597833e-05	9.32549991340607e-05	6.97877289909858e-05	0	0	0	0	0	0	0	0	0	0.000128008192524322	0	0	0.000100688034905185	7.90638836179633e-05	0	0	0	0.00319488817891374	0	0	0	0	0	0.00495049504950495	0	0.000151878959701449	8.60849781713091e-05	9.14669637957127e-05	0	0	0	0	0	0	0	0.00223214285714286	0	0	0	0	0.000149499177754522	0.000178401522359657	0.000188451680988994	9.8782505618255e-05	0.000199968005119181	2.18245307725884e-05	1.47225534796755e-05	1.03668482016974e-05	0	0	0	0	0	0.000294247462115639	6.63746183459445e-05	0	0	2.79126891084687e-05	4.94918833311337e-05	1.4159492523788e-05	3.75369739193105e-05	1.4980263502835e-05	5.90584604935811e-05
EP0	E	cluster_4	0.00774908669251774	0.0112505495383878	0.0141320151206746	0.110074626865672	0.0930693069306931	0.113013698630137	0.0717821782178218	0.0624349635796046	0.0214814814814815	0.0209111277072442	0.0237154150197628	0.020992740827938	0.022273425499232	0.0232846941943496	0.0215363871306041	0.0235274374895117	0.0226122707147375	0.202247191011236	0.284552845528455	0.233333333333333	0.194888178913738	0.152	0.185779816513761	0.172413793103448	0.1	0.1	0.168316831683168	0.129310344827586	0.00576416813724072	0.00506056693107053	0.00780795263674311	0.112903225806452	0.145907473309609	0.116580310880829	0.0852819807427786	0.0901856763925729	0.0824324324324324	0.0780669144981413	0.0870535714285714	0.0836038961038961	0.0182734719596723	0.0212110845022237	0.0242767844163396	0.0207305526486271	0.0155803996194101	0.0152268958239108	0.0154100708764478	0.0164573668213086	0.00123090353557399	0.00153482620025617	0.000846625936471954	0.0497512437810945	0.100649350649351	0.125714285714286	0.226526891522334	0.204660587639311	0.057084007650434	0.0438072481083234	0.0436838124054463	0.0615430355284674	0.0220649807402445	0.0233436716378514	0.0163683733574989	0.0136259215327097	0.0112426877588777	0.01230630670535
IE180	IE	cluster_5	0.00778649177711557	0.00878595313270186	0.0114917127071823	0.0149253731343284	0.0099009900990099	0.0136986301369863	0.00371287128712871	0.00416233090530697	0.0037037037037037	0.00448095593726662	0.00263504611330698	0.00313910143221503	0.00332821300563236	0.00465693883886992	0.00737855350387655	0.00832354421882866	0.00929000632511069	0.0449438202247191	0.040650406504065	0.0666666666666667	0.00638977635782748	0.012	0.00688073394495413	0.0689655172413793	0.1	0.0111111111111111	0.0198019801980198	0.00431034482758621	0.00737697804264183	0.00634569267662793	0.00787447406495818	0.0184331797235023	0.0427046263345196	0.0284974093264249	0.0123796423658872	0.00530503978779841	0.00405405405405405	0.00464684014869889	0.00892857142857143	0.00892857142857143	0.0100819155639572	0.00752651385562778	0.0116295973251926	0.0118104350426073	0.00886060894386299	0.00976179707522991	0.00822364359271973	0.00999840025595905	0.00175905718027062	0.00163420343624398	0.00209410333674288	0.574626865671642	0.409090909090909	0.388571428571429	0.0615314494074749	0.0526849037487335	0.0120641459467412	0.0096906942785079	0.0117876954109934	0.0161290322580645	0.0113604644671468	0.0121255114161278	0.00640009062075215	0.00969204666596598	0.00765491464994869	0.00917620829919016
NOIR	E	cluster_6	0.00304851439472339	0.00234469712108496	0.00205873800523408	0	0	0	0.00123762376237624	0.00520291363163372	0.00740740740740741	0.00672143390589993	0.00395256916996047	0.00706297822248382	0.00460829493087558	0.00589878919590189	0.00516873291134499	0.00805504279241483	0.00703668564199873	0	0	0	0	0	0	0	0	0	0	0	0.00882344432551277	0.00753243558998955	0.00667708835708703	0.00230414746543779	0.00355871886120996	0.0155440414507772	0.00550206327372765	0.0026525198938992	0.00540540540540541	0.00371747211895911	0.00111607142857143	0.00649350649350649	0.010239445494644	0.015224084844338	0.00988515772641372	0.00702646135446255	0.0111203615604187	0.0105532941353837	0.0064702541179957	0.00887857942729163	0.00641641204714099	0.00618347246146372	0.00845589251651785	0.00248756218905473	0.00324675324675325	0	0.000455788514129444	0.00151975683890578	0.00971016624981609	0.0138059206159565	0.0149394856278366	0.015014122194143	0.0127979679562329	0.0141216840438168	0.0196392161304939	0.010562904460894	0.0125085200248672	0.011767398253346
NOIR_2	E	cluster_6	0.00302981185242447	0.00235801926381839	0.00205873800523408	0	0	0	0.00123762376237624	0.00520291363163372	0.00740740740740741	0.00672143390589993	0.00395256916996047	0.00706297822248382	0.00448028673835125	0.00605402049053089	0.00516873291134499	0.00805504279241483	0.00707621758380772	0	0	0	0	0	0	0	0	0	0	0	0.00887407064541326	0.00753243558998955	0.00671034907119456	0.00230414746543779	0.00355871886120996	0.0155440414507772	0.00550206327372765	0.0026525198938992	0.00540540540540541	0.00371747211895911	0.00111607142857143	0.00649350649350649	0.010239445494644	0.015224084844338	0.00988515772641372	0.00702646135446255	0.0112095623215985	0.0105532941353837	0.0064702541179957	0.00891857302831547	0.00643387167175906	0.00619819501494339	0.0084939042932574	0.00248756218905473	0.00324675324675325	0	0.000455788514129444	0.00151975683890578	0.00971016624981609	0.0138722952343024	0.0150025214321735	0.0150884495317378	0.0128258806453414	0.0142041705160354	0.0197241730856366	0.0105553970661101	0.0125609509471272	0.0117969274835928
ORF-1	E	cluster_7	0.0110220315948281	0.0111173281110534	0.0130386740331492	0.0205223880597015	0.0297029702970297	0.0342465753424658	0.0247524752475248	0.0228928199791883	0.037037037037037	0.0276325616131441	0.0289855072463768	0.0223660977045321	0.0249615975422427	0.0239056193728656	0.0189145660886176	0.0178217821782178	0.0158918406072106	0.0337078651685393	0.040650406504065	0.0444444444444444	0.0319488817891374	0.028	0.0229357798165138	0.0344827586206897	0.1	0.0722222222222222	0.0198019801980198	0.0301724137931035	0.0101831226314115	0.00881141240853471	0.00876419816733465	0.032258064516129	0.0355871886120997	0.0310880829015544	0.0357634112792297	0.0371352785145889	0.0324324324324324	0.0278810408921933	0.0345982142857143	0.0332792207792208	0.0248897290485192	0.0256585699623674	0.0247128943160343	0.0208302187671301	0.0230732635585157	0.021181968943163	0.0146198108315017	0.0167173252279635	0.00418594500218245	0.00468545264490673	0.0038426450667625	0.0099502487562189	0.0194805194805195	0.0342857142857143	0.04102096627165	0.0278622087132725	0.0251581580108872	0.0222354971458914	0.021684316691881	0.0195480897874238	0.011793111148328	0.0134123003827372	0.0126444268237426	0.00771009444302638	0.00802193110576815	0.00760377678854857
UL1-2-3-3.5	E/L		0.0537573407478523	0.0560129491227369	0.0508985170107589	0.0242537313432836	0.0099009900990099	0.0102739726027397	0.0198019801980198	0.0197710718002081	0.022962962962963	0.0380881254667662	0.0342555994729908	0.0327643711987444	0.0385304659498208	0.0363241229431854	0.0479044158957264	0.0427252894781004	0.0442362428842505	0.0112359550561798	0.016260162601626	0	0.012779552715655	0.028	0.0160550458715596	0.0344827586206897	0	0.0111111111111111	0.0247524752475248	0.0301724137931035	0.0536638990945121	0.0500584148066162	0.0580565764746969	0.0276497695852535	0.0249110320284698	0.0181347150259067	0.0302613480055021	0.0106100795755968	0.0256756756756757	0.025092936802974	0.0301339285714286	0.0243506493506494	0.0370195337114052	0.0429353404036948	0.037796191306876	0.0514775502068072	0.0445111798287345	0.047225991255842	0.0440076062529326	0.040273556231003	0.0400960279353994	0.0421543512506809	0.0596162883918945	0.00746268656716418	0.0194805194805195	0.0114285714285714	0.0145852324521422	0.0131712259371834	0.028542003825217	0.0347803000132749	0.0351739788199697	0.0417719637282593	0.0413107798805337	0.044163257225815	0.0247224739465338	0.0424167805288209	0.033458418533582	0.0403516931322393
UL10	L	cluster_2	0.0456778424747204	0.0411720821176878	0.041628380343123	0.0130597014925373	0.0138613861386139	0.00684931506849315	0.0198019801980198	0.0187304890738814	0.0274074074074074	0.0253920836445108	0.0171277997364954	0.033941534235825	0.0343061955965182	0.0333747283452344	0.0335967639237425	0.0320523577781507	0.0352229601518027	0	0	0	0	0.012	0.00458715596330275	0	0	0.0166666666666667	0.0099009900990099	0.0172413793103448	0.0365594352995632	0.0361187972698764	0.033468593570704	0.00230414746543779	0	0.0077720207253886	0.00962861072902338	0.013262599469496	0.00945945945945946	0.0120817843866171	0.0133928571428571	0.0121753246753247	0.0138626339004411	0.0164214847759152	0.0167175461549644	0.0238202023222206	0.0216757849666984	0.0245740992009649	0.0274121453090658	0.0315349544072948	0.0538411174159756	0.0636897663530763	0.0564751333867802	0.00497512437810945	0.00649350649350649	0	0.000455788514129444	0.00202634245187437	0.0341327056054142	0.0184521439001726	0.0230080685829551	0.0203656905009663	0.0245073410372355	0.027995908670978	0.028375623017671	0.0381675950811549	0.0414204285853388	0.0337223809418348
UL14-13-12-11	L		0.0382529331820505	0.0416583403274583	0.0391974411166037	0.0317164179104478	0.0554455445544555	0.0684931506849315	0.0655940594059406	0.0645161290322581	0.037037037037037	0.0380881254667662	0.0421607378129117	0.0498332352364136	0.0480030721966206	0.056814653834213	0.0528484212891869	0.0543715388488001	0.0570050600885516	0.0898876404494382	0.032520325203252	0.1	0.0766773162939297	0.072	0.055045871559633	0.0689655172413793	0.1	0.0555555555555556	0.0643564356435644	0.0517241379310345	0.0309760754476813	0.0304863801266679	0.0339841346393707	0.0599078341013825	0.0498220640569395	0.0569948186528497	0.0550206327372765	0.0636604774535809	0.0567567567567568	0.0520446096654275	0.0591517857142857	0.0600649350649351	0.0379647132955262	0.0384878549435512	0.03939526093909	0.0391189515124334	0.0379103235014272	0.0352781546811398	0.0407724791939348	0.0390937450007999	0.0272675687472719	0.0266625443516924	0.0258583750311005	0.027363184079602	0.0324675324675325	0.0228571428571429	0.0259799453053783	0.0258358662613982	0.0273650139767545	0.0532324439134475	0.0530131114473021	0.0430355284673703	0.0379054318093005	0.0371519070872377	0.0371969868599909	0.0338883800543535	0.0398250305222869	0.0377088270251515
UL15	L	cluster_6	0.0030547485754897	0.00288424390178916	0.00373364350101774	0	0	0	0.00371287128712871	0.00208116545265349	0.00222222222222222	0.00298730395817775	0.00658761528326746	0.00255051991367471	0.00281618023553507	0.00232846941943496	0.0038203678040376	0.00355764389998322	0.00288583175205566	0.0112359550561798	0	0	0	0	0.00229357798165138	0	0	0.00555555555555556	0.00495049504950495	0.00431034482758621	0.00283507391442705	0.00274857037446966	0.00255275980775307	0.00230414746543779	0	0	0.00412654745529574	0.00530503978779841	0.00135135135135135	0.00464684014869888	0.00111607142857143	0	0.00173282923755514	0.00307902839548409	0.00203517953190871	0.00323914885134798	0.00324096098953378	0.00373134328358209	0.00306225767416591	0.00395936650135978	0.00117852466171977	0.00144649087937812	0.00117490946285904	0	0	0	0.00227894257064722	0.00101317122593718	0.00205973223480947	0.00212398778707022	0.00239536056480081	0.00312174817898023	0.00200971361580975	0.00224363204434473	0.00244959220661531	0.0027927508595967	0.00283126980203582	0.00211133996264552
UL17-16	L		0.0203920052865853	0.0232138337130144	0.0212154696132597	0.0111940298507463	0.0198019801980198	0.0136986301369863	0.0173267326732673	0.0197710718002081	0.0162962962962963	0.0179238237490665	0.0158102766798419	0.0253090052972337	0.0230414746543779	0.0284073269171065	0.0259934829019814	0.0199697935895284	0.0242330803289058	0	0.024390243902439	0.0222222222222222	0.0223642172523962	0.016	0.0114678899082569	0	0	0.0222222222222222	0.0247524752475248	0.0172413793103448	0.0151228049874157	0.0144807231138166	0.0178693186542715	0.0138248847926267	0.00355871886120996	0.0077720207253886	0.015130674002751	0.00795755968169761	0.0121621621621622	0.0111524163568773	0.0100446428571429	0.00974025974025974	0.0173282923755514	0.0177899418405748	0.0244221543829045	0.0206308865301241	0.0201593720266413	0.0220111563395146	0.0168918084607216	0.0132378819388898	0.0177433435181144	0.0176302577919114	0.0308413734000498	0	0.00324675324675325	0.00571428571428571	0.00592525068368277	0.00405268490374873	0.0113285272914521	0.0323908137528209	0.0301311144730207	0.0266835141965215	0.0284011611678669	0.0285898112709516	0.0198091300407793	0.0182354619300011	0.0164932701166214	0.0193416458116478
UL20-19-18	L		0.0446180317444485	0.0486058377629458	0.0426635649898226	0.0261194029850746	0.0316831683168317	0.0102739726027397	0.0309405940594059	0.0385015608740895	0.0318518518518519	0.0336071695294996	0.0408432147562582	0.0300176574455562	0.0320020481310804	0.0290282520956225	0.0347953106857935	0.0291995301225038	0.0276328273244782	0	0.00813008130081301	0.0333333333333333	0.00958466453674121	0.004	0.0114678899082569	0	0	0.0166666666666667	0.00495049504950495	0.0172413793103448	0.0316269852749732	0.0291643608190371	0.0353727694533602	0.0184331797235023	0.0106761565836299	0.0207253886010363	0.0288858321870702	0.013262599469496	0.0135135135135135	0.016728624535316	0.015625	0.0194805194805195	0.0311909262759924	0.0321587410195005	0.0357610117749673	0.0370757960831215	0.0316662702188392	0.0329036635006784	0.0240535401180451	0.0249560070388738	0.0257529463116543	0.0290255141851803	0.0315843308545047	0.00497512437810945	0.00324675324675325	0	0.00592525068368277	0.00253292806484296	0.0185375901132853	0.0209743793973185	0.019856278366112	0.0215549279024825	0.0257913247362251	0.0267751088821433	0.0176993656547349	0.0251948168946412	0.0195417537394483	0.0217482780767612
UL21	L	cluster_6	0.00802339064623518	0.00839961099343218	0.00788601337598139	0.0111940298507463	0.0118811881188119	0.0171232876712329	0.0099009900990099	0.00832466181061395	0.0125925925925926	0.00746825989544436	0.0118577075098814	0.00882872277810477	0.00793650793650794	0.00791679602607886	0.0108992846174014	0.00815573082732002	0.00964579380139152	0.0112359550561798	0.00813008130081301	0	0.00638977635782748	0.004	0.0137614678899083	0	0	0.0111111111111111	0.0099009900990099	0	0.00860647438308213	0.00841173215273935	0.00920490262925945	0.00921658986175115	0.0106761565836299	0.00259067357512953	0.015130674002751	0.013262599469496	0.00675675675675676	0.0120817843866171	0.0078125	0.00974025974025974	0.0193761814744802	0.0169346561751625	0.0162814362552697	0.0158967459012309	0.0149857278782112	0.0153399668325041	0.0119526831798089	0.00949848024316109	0.00431252728066347	0.00404502156854085	0.00807231913305504	0.00248756218905473	0.00324675324675325	0	0.00319051959890611	0.00101317122593718	0.00573782551125497	0.00776583034647551	0.00743822491174987	0.0068381150587186	0.0090995366493608	0.00785271215520655	0.00724966017217943	0.00574315700965451	0.00541536525627486	0.00583940528130283
UL23-22	L		0.00980636634539855	0.00984506348001013	0.0109566734515848	0.00559701492537313	0.00792079207920792	0.0102739726027397	0.0123762376237624	0.0176899063475546	0.0148148148148148	0.0082150858849888	0.0105401844532279	0.00882872277810477	0.00819252432155658	0.00791679602607886	0.00876437319749803	0.00845779493203558	0.008617963314358	0	0	0	0.00638977635782748	0.012	0.0091743119266055	0	0	0.00555555555555556	0.00495049504950495	0.0172413793103448	0.00991552636908034	0.00958002828506426	0.0102027240524854	0.00921658986175115	0.0213523131672598	0.0181347150259067	0.00825309491059147	0.00530503978779841	0.0121621621621622	0.0111524163568773	0.0178571428571429	0.00974025974025974	0.0108695652173913	0.0107765993841943	0.0132286669574066	0.0105147755020681	0.00814700285442436	0.00987486808382331	0.0107919887387944	0.0128379459286514	0.00428633784373636	0.00453086583337014	0.00350053907610649	0	0	0.00571428571428571	0.00957155879671832	0.00506585612968592	0.00456083566279241	0.00650471259790256	0.00510590015128593	0.00862197116099301	0.00587562105733266	0.0073412960274515	0.00529565020389669	0.0076275131004039	0.00704072384633246	0.00613469758377074
UL24-25-26-26.5	L		0.105438699300525	0.103239945112772	0.109880779296307	0.0914179104477612	0.0871287128712871	0.0684931506849315	0.118811881188119	0.0822060353798127	0.077037037037037	0.0799103808812547	0.0632411067193676	0.0674906807926231	0.068484383000512	0.0610058987891959	0.0659575264991198	0.0640711528779997	0.062579063883618	0.0561797752808989	0.00813008130081301	0.0111111111111111	0.060702875399361	0.044	0.0573394495412844	0.0689655172413793	0.1	0.0555555555555556	0.0346534653465347	0.0387931034482759	0.0612578470795846	0.0603394207710754	0.0640601353711064	0.0483870967741936	0.0640569395017794	0.0259067357512953	0.0618982118294361	0.0610079575596817	0.0554054054054054	0.0715613382899628	0.0591517857142857	0.0673701298701299	0.0639571518588532	0.0557646253848786	0.0678877743858119	0.0639358150196841	0.0597645099904853	0.0686341022161918	0.0456622132220384	0.0711086226203807	0.0616237450894806	0.0838118163214228	0.0626226743703868	0.0199004975124378	0.0357142857142857	0.0285714285714286	0.0706472196900638	0.0688956433637285	0.0654700603207297	0.0556219301739015	0.0523197175995966	0.0690500966255389	0.0663763746999386	0.0712518147023888	0.0461316266425011	0.0708998363387937	0.0598536428255773	0.0584974051188921
UL29-28-27	E/L		0.0309464733239405	0.027696734742816	0.0309508578075022	0.0223880597014925	0.0178217821782178	0.023972602739726	0.0185643564356436	0.0218522372528616	0.0392592592592593	0.0261389096340553	0.0303030303030303	0.0294290759270159	0.0267537122375832	0.0284073269171065	0.0243080265178471	0.0248028192649773	0.0243912080961417	0.0112359550561798	0.032520325203252	0.0111111111111111	0.00638977635782748	0.008	0.0229357798165138	0	0	0.0222222222222222	0.0099009900990099	0.00862068965517241	0.0309037521335378	0.0255180471007809	0.0245380918328317	0.0138248847926267	0.0249110320284698	0.0181347150259067	0.0206327372764787	0.0212201591511936	0.022972972972973	0.0213754646840149	0.0256696428571429	0.025974025974026	0.0196912413358538	0.0177899418405748	0.0209332751853467	0.020032889819106	0.0172752140818268	0.020616613900196	0.0229175413034352	0.0372940329547272	0.0282758620689655	0.038201345641388	0.0206058386089072	0.00497512437810945	0.00974025974025974	0	0.00683682771194166	0.0106382978723404	0.022804178313962	0.0134740475242267	0.0122289460413515	0.0139735394678163	0.015603193211634	0.0158374026659628	0.0233490031717263	0.0345640455849011	0.0334434382700792	0.0259266641566821
UL30	E	cluster_4	0.00043015847287508	0.000366358925169524	0.000883977900552486	0.00746268656716418	0.00396039603960396	0.00684931506849315	0.00247524752475248	0.00208116545265349	0.000740740740740741	0.00224047796863331	0	0.000980969197567197	0.000512032770097286	0.00155231294628997	0.000936364657852354	0.000771941600939755	0.00110689437065149	0	0	0	0.00319488817891374	0	0.00688073394495413	0	0	0	0.00495049504950495	0.00431034482758621	0.000556889518905314	0.000491914160978909	0.000407443747817266	0.00921658986175115	0	0.0129533678756477	0	0	0.00405405405405405	0.00743494423791822	0.00446428571428571	0.00243506493506494	0.000630119722747322	0.000684228532329798	0.000726849832824538	0.000946828125778642	0.00110014272121789	0.000866877732549374	0.000938433803373423	0.00155975043992961	0.000117852466171977	0.000161948088276431	4.83786249412545e-05	0.00248756218905473	0.00324675324675325	0	0.0072926162260711	0.00506585612968592	0.00397234073856113	0.000929244656843223	0.000882501260716087	0.000817600713542441	0.000334952269301625	0.000428929655536492	0.000792931581332125	0.000698187714899176	0.000651641462373323	0.000442938453701858
UL32-31	L		0.032710746480805	0.0301080425775682	0.022867112532713	0.00746268656716418	0.0158415841584158	0.0102739726027397	0.0235148514851485	0.0176899063475546	0.0340740740740741	0.0403286034353996	0.0434782608695652	0.0412007062978222	0.0334101382488479	0.0381868984787333	0.0318738529532941	0.0345695586507803	0.0305186590765338	0.0112359550561798	0.016260162601626	0.0111111111111111	0.0223642172523962	0.028	0.0114678899082569	0	0	0.0222222222222222	0.0247524752475248	0.0129310344827586	0.0384904677871959	0.0445243804956035	0.0390647087192962	0.0138248847926267	0	0.0077720207253886	0.0275103163686382	0.0238726790450928	0.0148648648648649	0.0176579925650558	0.0178571428571429	0.0137987012987013	0.0294580970384373	0.0331850838179952	0.0284925134467219	0.0257138585737778	0.0315473358705994	0.0302276496306347	0.0400563060282024	0.0466125419932811	0.0401134875600175	0.0403913254714898	0.0233046747574158	0.00248756218905473	0	0	0.00546946216955333	0.0060790273556231	0.0226570545829042	0.0353112969600425	0.0352370146243066	0.0293592983499331	0.0328671914252219	0.0305364920153095	0.0439935432714092	0.0396765814327112	0.0428210832228539	0.0381000893259215
UL33-34-35	E/L		0.103244267670785	0.0982774469445665	0.0770921779587089	0.0373134328358209	0.0277227722772277	0.0308219178082192	0.0334158415841584	0.0280957336108221	0.0525925925925926	0.046303211351755	0.0513833992094862	0.0472827153227389	0.0558115719406042	0.0504501707544241	0.0579796996142178	0.0698103708675952	0.0634092346616066	0.0337078651685393	0.040650406504065	0.0555555555555556	0.0191693290734824	0.036	0.0275229357798165	0	0	0.05	0.0198019801980198	0.0431034482758621	0.0929571556687014	0.11534157289553	0.0978363905473051	0.0276497695852535	0.0177935943060498	0.0207253886010363	0.0261348005502063	0.0397877984084881	0.0445945945945946	0.0381040892193309	0.0368303571428571	0.0503246753246753	0.0609640831758034	0.0644885391720835	0.0603285361244367	0.0640354811381871	0.0693981921979068	0.0685587215437962	0.0851258242165313	0.0827267637178052	0.101204714098647	0.0932342505484151	0.0907375666933901	0.0223880597014925	0.0194805194805195	0.0228571428571429	0.0200546946216955	0.0233029381965552	0.049727821097543	0.0475906013540422	0.0523197175995966	0.0564144492344284	0.0794116005135935	0.0693051339580309	0.0600079293158133	0.07894025615231	0.085035465773843	0.0789611616799179
UL37-36	L		0.0218445694051345	0.0207492373073285	0.0242977609770282	0.0335820895522388	0.0297029702970297	0.0616438356164384	0.0160891089108911	0.0114464099895942	0.0140740740740741	0.0082150858849888	0.0118577075098814	0.0121640180498332	0.0130568356374808	0.0167649798199317	0.0162178358740028	0.0171169659338815	0.0179870335230867	0.0224719101123596	0.032520325203252	0.0333333333333333	0.0287539936102236	0.02	0.0298165137614679	0.0689655172413793	0	0.0166666666666667	0.0346534653465347	0.0431034482758621	0.0209303671131426	0.0198364385414745	0.0218190284545409	0.0576036866359447	0.0604982206405694	0.0751295336787565	0.0137551581843191	0.0397877984084881	0.0216216216216216	0.0278810408921933	0.0290178571428571	0.0211038961038961	0.0174858223062382	0.0162504276428327	0.0152638464893153	0.0225743758409329	0.0197431018078021	0.0193351424694708	0.0200034573876966	0.0209166533354663	0.011230903535574	0.0125141704577242	0.0139572332955519	0.0348258706467662	0.0584415584415584	0.0571428571428571	0.0414767547857794	0.0526849037487335	0.0191260850375166	0.00829682729324307	0.00850983358547655	0.0110004459640256	0.01512867749679	0.0155899432493071	0.00977004984141368	0.0149021786459663	0.0125459706836243	0.0121069844011841
UL38-39-40	E		0.0426604989838285	0.0448889599403168	0.0398720558301832	0.0988805970149254	0.110891089108911	0.0650684931506849	0.0829207920792079	0.101977107180021	0.0562962962962963	0.0627333831217326	0.080368906455863	0.0519913674710614	0.0474910394265233	0.0459484632101832	0.0603767931383198	0.0652122839402584	0.0587839974699557	0.0898876404494382	0.016260162601626	0.0666666666666667	0.0958466453674121	0.144	0.114678899082569	0.0344827586206897	0.1	0.0833333333333333	0.108910891089109	0.107758620689655	0.0363496976885469	0.0348152247432823	0.0377592256905756	0.0967741935483871	0.0569395017793594	0.0699481865284974	0.0949105914718019	0.0848806366047745	0.0797297297297297	0.0808550185873606	0.0904017857142857	0.0811688311688312	0.0459987397605545	0.0526855969893945	0.0476813490332897	0.0422086011860268	0.0372264509990485	0.0381803105683703	0.051910206702393	0.0584706446968485	0.0139895242252292	0.0154586811536593	0.00876344234650154	0.0398009950248756	0.0487012987012987	0.0457142857142857	0.0888787602552416	0.100303951367781	0.0456083566279241	0.06219301739015	0.0673852748361069	0.0686041325999703	0.0357003293697315	0.0356836478817474	0.0355686452197553	0.0337157099743247	0.0324247803518864	0.0320465971253294
UL41	L	cluster_10	0.000162088699923943	0.000133221427334372	0.000151206746147136	0	0	0.0102739726027397	0	0	0	0.000746825989544436	0	0.000784775358053757	0.000384024577572965	0.000155231294628997	0.000149818345256377	0.000268501426413828	0.00047438330170778	0	0	0	0	0	0	0	0	0	0	0	9.40203083866115e-05	9.22339051835455e-05	9.14669637957127e-05	0	0.00355871886120996	0	0	0	0	0	0	0	0.000315059861373661	0	0.000290739933129815	0.000298998355509045	0.000267602283539486	0.000263832353384592	0.000172869384831946	0.000179971204607263	0.000144041903099083	9.56965976178908e-05	0.000103668482016974	0	0.00324675324675325	0	0	0	0.000294247462115639	0.000132749236691889	0.00056732223903177	0.000148654675189535	0.000293083235638921	0.000313448594430513	0.000169913910285455	0.000157655290461104	0.000202233557288273	0.000147646151233953
UL42-43-44	L		0.0259591287108961	0.0228941022874119	0.0241581855190462	0.00373134328358209	0.00396039603960396	0.00342465753424658	0.0123762376237624	0.00936524453694069	0.0192592592592593	0.0156833457804332	0.0263504611330698	0.020992740827938	0.0176651305683564	0.0189382179447377	0.013933106108843	0.0144990770263467	0.0148244781783681	0	0.00813008130081301	0	0.00638977635782748	0	0.00229357798165138	0	0	0.0111111111111111	0	0.00431034482758621	0.0294500535192525	0.0294718071696489	0.0257604230762834	0.00230414746543779	0.00711743772241993	0	0.00412654745529574	0.00795755968169761	0.00810810810810811	0.00371747211895911	0.00892857142857143	0.00974025974025974	0.0143352236925016	0.0109476565172768	0.0164268062218346	0.020032889819106	0.0173346812559467	0.0181667420473391	0.0178796335169042	0.0296752519596864	0.0465124399825404	0.0661557940609219	0.0350986923948802	0	0.00324675324675325	0	0.00319051959890611	0.00151975683890578	0.0261880241282919	0.00683658568963228	0.00800554715078165	0.00936524453694069	0.0155194551443086	0.0173716510492279	0.0133240824648845	0.0303298749268029	0.0276310960309792	0.0223905388346289
UL48-47-46	L		0.0703153248631597	0.0680894715105978	0.0740331491712707	0.0279850746268657	0.0396039603960396	0.0513698630136986	0.0160891089108911	0.0260145681581686	0.0340740740740741	0.0351008215085885	0.0289855072463768	0.0345301157543653	0.0346902201740911	0.0416019869605713	0.0438218659874902	0.0414834703809364	0.0417852624920936	0.0224719101123596	0.032520325203252	0.0111111111111111	0.0159744408945687	0.016	0.0412844036697248	0.0689655172413793	0	0.0166666666666667	0.0198019801980198	0.0129310344827586	0.0589362686955767	0.0527762405460247	0.0571917979079011	0.0345622119815668	0.0427046263345196	0.0310880829015544	0.0220082530949106	0.0106100795755968	0.00945945945945946	0.0278810408921933	0.0178571428571429	0.0211038961038961	0.0264650283553875	0.0278823126924393	0.0280564035470272	0.0344844770020432	0.0287523786869648	0.035428916025931	0.0390684809720199	0.0425131978883379	0.0569314709733741	0.0604176788422184	0.0737463024908081	0.0124378109452736	0.0162337662337662	0.00571428571428571	0.0405651777575205	0.0374873353596758	0.0406061497719582	0.0380326563122262	0.0378845184064549	0.0466032406719191	0.0453860324903701	0.0468028243368088	0.0298057317625736	0.0501268749718473	0.0429633957261308	0.0426032969385571
UL49.5-49	L		0.0444372405022256	0.0453618960073538	0.0418261122419308	0.0541044776119403	0.0336633663366337	0.0410958904109589	0.0507425742574258	0.0447450572320499	0.0244444444444444	0.0313666915608663	0.0355731225296443	0.0349225034333922	0.0336661546338966	0.0293387146848805	0.0398516798381962	0.0377915757677463	0.0349462365591398	0.0224719101123596	0.024390243902439	0.0333333333333333	0.0223642172523962	0.036	0.0252293577981651	0.0689655172413793	0	0.05	0.0198019801980198	0.0301724137931035	0.0450935863685018	0.0367459878251245	0.0453509836856197	0.0368663594470046	0.0177935943060498	0.0284974093264249	0.0495185694635488	0.0291777188328912	0.0513513513513514	0.0325278810408922	0.0345982142857143	0.0308441558441558	0.0401701323251418	0.0333561409510777	0.0392498909725251	0.0366771316091095	0.0366912464319696	0.0343735866123926	0.0388462203343788	0.0394736842105263	0.0439895242252292	0.0514590050498359	0.0500131313410555	0.0298507462686567	0.0227272727272727	0.0171428571428571	0.0501367365542388	0.0516717325227964	0.0488450787111961	0.0465949820788531	0.0494200706001009	0.045042366582429	0.0371378328588176	0.0388841230038274	0.0309384911644767	0.0408777645981292	0.0367840370312114	0.0437844661484287
UL5-4	E/L		0.00403974913656596	0.00467607209943647	0.00512939808083745	0.0111940298507463	0.00594059405940594	0.00684931506849315	0.0099009900990099	0.0124869927159209	0.00814814814814815	0.0134428678117999	0.00263504611330698	0.00686678438297038	0.0083205325140809	0.00791679602607886	0.00674182553653695	0.00684678637355261	0.00620651486401012	0.0112359550561798	0	0.0111111111111111	0.012779552715655	0.004	0.00458715596330275	0	0	0.00555555555555556	0.0099009900990099	0.00431034482758621	0.00361616570717737	0.00336346307569329	0.00405780712111889	0.00691244239631336	0.0106761565836299	0.0077720207253886	0.00825309491059147	0.00530503978779841	0.0108108108108108	0.00464684014869889	0.00558035714285714	0.00811688311688312	0.00756143667296786	0.00684228532329798	0.00552405872946649	0.0060298001694324	0.00606565176022835	0.00554047942107644	0.00540834218259946	0.0054191329387298	0.00158882584024443	0.00153482620025617	0.00154811599812014	0	0.00324675324675325	0	0.00364630811303555	0.00151975683890578	0.00264822715904075	0.00497809637594584	0.00371911245587494	0.00431098558049651	0.0031680902138112	0.00295301570542431	0.00310092886270956	0.00281527304394829	0.00263652637649896	0.00299721687004924
UL50	L	cluster_11	0.00367816665212025	0.00490254852590491	0.0045943588252399	0.0223880597014925	0.0277227722772277	0.0102739726027397	0.025990099009901	0.0197710718002081	0.0111111111111111	0.0156833457804332	0.0131752305665349	0.0117716303708064	0.0108806963645673	0.0135051226327228	0.00992546537323495	0.00879342171505286	0.00944813409234662	0.0449438202247191	0.040650406504065	0.0333333333333333	0.0543130990415336	0.044	0.0321100917431193	0	0	0.0388888888888889	0.0198019801980198	0.0172413793103448	0.00334133711343189	0.00335731414868106	0.00350069015981773	0.0161290322580645	0.0355871886120996	0.0129533678756477	0.0123796423658872	0.0212201591511936	0.0175675675675676	0.0102230483271375	0.0178571428571429	0.0292207792207792	0.0113421550094518	0.0138556277796784	0.0127925570577119	0.00807295559874421	0.0079686013320647	0.00768882858435097	0.00570468969945423	0.00525915853463446	0.00183762549105194	0.00188448684539847	0.00207682525640671	0.00248756218905473	0.00974025974025974	0	0.0223336371923428	0.0162107396149949	0.0173606002648227	0.0185185185185185	0.0144351991931417	0.0118923740151628	0.00653156925138168	0.00694536096080243	0.00802843226098777	0.00368613083887629	0.00420945404429664	0.00456964838069084
UL51	L	cluster_12	0.00205104547211451	0.00229140855015121	0.0027682465833091	0.00559701492537313	0.00594059405940594	0.0102739726027397	0.00371287128712871	0.00936524453694069	0.00666666666666667	0.00597460791635549	0.00263504611330698	0.00686678438297038	0.00435227854582693	0.00496740142812791	0.00460691411663358	0.00345695586507803	0.00478336495888678	0	0	0	0.00638977635782748	0	0.0091743119266055	0	0	0.00555555555555556	0	0.0129310344827586	0.00179361819075997	0.00146959355592449	0.00203721873908633	0.00691244239631337	0.00355871886120996	0.0103626943005181	0.00275103163686382	0	0.00405405405405405	0.00743494423791822	0.00334821428571429	0.00811688311688312	0.00740390674228103	0.00786862812179268	0.00814071812763483	0.00458464145113869	0.00579804947668887	0.00584200211065883	0.00375373521349369	0.00285954247320429	0.00056307289393278	0.000614666607776453	0.000933016338152766	0.00746268656716418	0.00324675324675325	0.00571428571428571	0.00319051959890611	0.00202634245187437	0.00235397969692511	0.0118810566839241	0.0103378719112456	0.0066151330459343	0.00506615307318707	0.00489969644978224	0.00465847304032624	0.00261257338478401	0.00297358230531275	0.00360256609010845
UL52-53-54	E/L		0.0070321559043926	0.00842625527889906	0.0110962489095667	0.0503731343283582	0.0297029702970297	0.0410958904109589	0.0334158415841584	0.0301768990634755	0.0140740740740741	0.0179238237490665	0.0131752305665349	0.017853639395723	0.0192012288786482	0.0180068301769637	0.017491291808682	0.0159758348716228	0.0187776723592663	0.0337078651685393	0.024390243902439	0.0222222222222222	0.0383386581469649	0.036	0.0389908256880734	0.0344827586206897	0	0.0277777777777778	0.0693069306930693	0.0474137931034483	0.00668267422686377	0.00544180040582918	0.0073256722821839	0.0345622119815668	0.0391459074733096	0.0518134715025907	0.031636863823934	0.0557029177718833	0.0283783783783784	0.0399628252788104	0.0412946428571429	0.0422077922077922	0.0122873345935728	0.0131713992473486	0.0171536560546591	0.0139034235311706	0.0148073263558516	0.0130031659882406	0.0157311140197071	0.013677811550152	0.0031863814927979	0.00350764836653269	0.00361803002239239	0.0099502487562189	0.0324675324675325	0.0285714285714286	0.04102096627165	0.0390070921985816	0.0283948800941592	0.0224346210009292	0.0205496722138175	0.0205143451761558	0.0127979679562329	0.0136927543882803	0.0134656773901223	0.00924160297893425	0.00940011534802897	0.0101580552048959
UL7-6	E/L		0.00926399261872997	0.00891251348866952	0.0105612096539692	0.00373134328358209	0.00792079207920792	0.00684931506849315	0.00618811881188119	0.0114464099895942	0.0111111111111111	0.00970873786407767	0.00922266139657444	0.00608200902491662	0.00806451612903226	0.00729587084756287	0.00932619199220945	0.00902836046316496	0.00925047438330171	0	0	0	0.00638977635782748	0.016	0.00229357798165138	0	0	0	0	0	0.00640061330170394	0.0061550759392486	0.00658562139329131	0.00230414746543779	0.0142348754448399	0.00259067357512953	0.00137551581843191	0.013262599469496	0.00945945945945946	0.00650557620817844	0.00223214285714286	0.00568181818181818	0.00582860743541273	0.00803968525487513	0.0103212676261084	0.00857128619125928	0.00704686013320647	0.00855570631690035	0.00738399229496456	0.00889857622780355	0.00292012221737233	0.00300340090985381	0.00270229176457579	0.00248756218905473	0	0	0.000911577028258888	0.00202634245187437	0.00161836104163602	0.00657108721624851	0.0056732223903177	0.00943957187453545	0.00481493887121085	0.00529563151643131	0.00427616674218396	0.00532274290175823	0.00458396063186752	0.00453273684288235
UL9-8	E		0.00451978105557149	0.00476266602720382	0.00587380052340797	0.0186567164179104	0.00594059405940594	0.0136986301369863	0.0123762376237624	0.0114464099895942	0.0037037037037037	0.00448095593726662	0.0105401844532279	0.00412007062978223	0.003584229390681	0.00325985718720894	0.00655455260496648	0.00657828494713878	0.0062460468058191	0.0224719101123596	0	0.0111111111111111	0.0159744408945687	0.008	0.018348623853211	0	0	0.0166666666666667	0.00495049504950495	0	0.00406457025486736	0.00332656951361987	0.00417421962049525	0.00691244239631337	0.00711743772241993	0.0181347150259067	0.0123796423658872	0.0106100795755968	0.00945945945945946	0.0111524163568773	0.00669642857142857	0.0146103896103896	0.00393824826717076	0.00496065685939104	0.00596016862916122	0.00568096875467185	0.00460870599429115	0.00422131765415347	0.00642086286518658	0.00595904655255159	0.000737669140113488	0.000728766397243938	0.00114035330218671	0	0.012987012987013	0	0.0173199635369189	0.0172239108409321	0.0108871560982787	0.00816407805655117	0.00706001008572869	0.00773004310985581	0.00392173281973985	0.00361290748317276	0.00303013140009062	0.00309304665095119	0.00279381914327873	0.00336633224813412
US1	E	cluster_6	0.0502973704225528	0.0482861063373433	0.0672288455946496	0.0671641791044776	0.0653465346534654	0.0479452054794521	0.0631188118811881	0.0645161290322581	0.0948148148148148	0.0843913368185213	0.0988142292490119	0.0619972532862468	0.0814132104454685	0.0669046879850978	0.0710513502378366	0.0611176371874476	0.0709203036053131	0.0224719101123596	0.040650406504065	0.0222222222222222	0.0702875399361022	0.06	0.0435779816513761	0	0	0.0555555555555556	0.0445544554455446	0.0646551724137931	0.0303251656203894	0.0265449179118244	0.0372603149789626	0.0783410138248848	0.0533807829181495	0.0725388601036269	0.0687757909215956	0.0583554376657825	0.072972972972973	0.0920074349442379	0.0814732142857143	0.0633116883116883	0.0875866414618777	0.0762914813547725	0.0908562291030673	0.0696167837743559	0.0682683158896289	0.0772274988692899	0.048798557775418	0.0353343465045593	0.0137407245744217	0.0133275915374763	0.0260518895308656	0.0323383084577114	0.0162337662337662	0.0285714285714286	0.0601640838650866	0.074468085106383	0.0417831396204208	0.0842957652993495	0.0767145738779627	0.0921658986175115	0.077360017864121	0.0946119836346839	0.0672717489805165	0.0525442560922509	0.0498468268056835	0.059523545869968
US3-4	L		0.0731331745695298	0.0694616522121418	0.0865949403896482	0.0764925373134328	0.102970297029703	0.0958904109589041	0.0928217821782178	0.0759625390218522	0.102222222222222	0.0978342046303211	0.0843214756258235	0.0596429272120856	0.0700204813108039	0.055883266066439	0.0734484437619387	0.0716563181741903	0.0699715370018975	0.0786516853932584	0.113821138211382	0.0666666666666667	0.0862619808306709	0.092	0.0940366972477064	0.137931034482759	0.2	0.0888888888888889	0.118811881188119	0.0991379310344828	0.0728368096739665	0.0622640349259054	0.0625384577006868	0.0898617511520737	0.0925266903914591	0.0906735751295337	0.107290233837689	0.0769230769230769	0.132432432432432	0.131040892193309	0.120535714285714	0.106331168831169	0.0776622558286075	0.0836469380773178	0.0805349614769589	0.086809189216126	0.0728472882968601	0.0771898085330921	0.0682093201294051	0.101463765797472	0.0647097337407246	0.0772970864066664	0.0435960523042048	0.0348258706467662	0.0551948051948052	0.08	0.0542388331814038	0.0623100303951368	0.0459026040900397	0.0588742864728528	0.0584341906202723	0.0807194886279174	0.0712750516384749	0.0784446350798469	0.0586061395559583	0.122250416660411	0.0992517358380334	0.0855683269476373
US6-7	L		0.0159906736655736	0.0176451780504376	0.0200988659494039	0.0242537313432836	0.0138613861386139	0.0171232876712329	0.0160891089108911	0.0114464099895942	0.0118518518518519	0.0209111277072442	0.0184453227931489	0.0186384147537767	0.0239375320020481	0.0221980751319466	0.0203752949548672	0.0162778989763383	0.0174731182795699	0	0.024390243902439	0	0.00638977635782748	0.012	0.0091743119266055	0	0	0.0166666666666667	0.0148514851485149	0.021551724137931	0.0156507651806636	0.0142901063764373	0.016771715088723	0.00691244239631336	0.0213523131672598	0.0155440414507772	0.0165061898211829	0.026525198938992	0.0162162162162162	0.0185873605947955	0.0212053571428571	0.0186688311688312	0.0226843100189036	0.0203557988368115	0.0231138246838203	0.0257138585737778	0.0237868696479543	0.0245740992009649	0.0192872842219643	0.0172572388417853	0.0147708424268878	0.0161322379753544	0.0197730351367042	0.00746268656716418	0.00974025974025974	0.0114285714285714	0.00820419325432999	0.0101317122593718	0.0119170222156834	0.0228992433293509	0.0218103883005547	0.0249739854318418	0.023460615195668	0.0262142008710571	0.0163542138649751	0.0257053197399438	0.0211296616707488	0.0242951741855469
US8-9-2	L		0.0568307918656409	0.0619746079959501	0.0580633905205002	0.0559701492537313	0.0693069306930693	0.0719178082191781	0.0618811881188119	0.0613943808532778	0.0592592592592593	0.0672143390589993	0.0500658761528327	0.0576809888169511	0.0535074244751664	0.055572803477181	0.0597400651709802	0.0541030374223863	0.0596537001897533	0.112359550561798	0.0731707317073171	0.0888888888888889	0.0479233226837061	0.04	0.0527522935779817	0.103448275862069	0.2	0.0722222222222222	0.0396039603960396	0.0905172413793103	0.0398284490988515	0.0353501813933469	0.0452761470788778	0.0645161290322581	0.0676156583629893	0.0751295336787565	0.0536451169188446	0.0875331564986738	0.0635135135135135	0.0669144981412639	0.0658482142857143	0.0616883116883117	0.0423755513547574	0.0376325692781389	0.0415758104375636	0.0462949120446504	0.0429947668886775	0.0409317051108096	0.0444027362754056	0.0397136458166693	0.0253950240069839	0.0272440852141395	0.0289684294916098	0.027363184079602	0.0162337662337662	0.04	0.0533272561531449	0.0709219858156028	0.0435486243931146	0.0431435019248639	0.0429273827534039	0.0363460680838412	0.032755540668788	0.0338359509040517	0.0227967829632986	0.0301271752676386	0.0253990367690568	0.0293668194804332
