gene	Kinetic_class	hpi	Time	cell_line	group	mean	sd	varcoeff
AZURE	E	12h	12	C6	C6_dcDNA_12h	0.000233035314284619	5.49617642581561e-05	0.235851653758486
AZURE	E	1h	1	C6	C6_dcDNA_1h	0	0	
AZURE	E	2h	2	C6	C6_dcDNA_2h	0	0	
AZURE	E	4h	4	C6	C6_dcDNA_4h	0.000215331610680448	0.000372965290174177	1.73205080756888
AZURE	E	6h	6	C6	C6_dcDNA_6h	0.000779866970295405	0.000558303449253671	0.715895749556096
AZURE	E	8h	8	C6	C6_dcDNA_8h	0.000383345487568933	0.000169875405681173	0.44313918172997
AZURE	E			C6	C6_dRNA	0.00034494653328734		
AZURE	E	1h	1	NRK	NRK_dcDNA_1h	0	0	
AZURE	E	2h	2	NRK	NRK_dcDNA_2h	0.000631313131313131	0.00109346641891975	1.73205080756888
AZURE	E	0.5h	0.5	PC-12	PC-12_dcDNA_0.5h	0	0	
AZURE	E	1.5h	1.5	PC-12	PC-12_dcDNA_1.5h	0.00128205128205128	0.00222057795842164	1.73205080756888
AZURE	E	12h	12	PC-12	PC-12_dcDNA_12h	0.000123630835151694	3.99566896863264e-05	0.323193559578401
AZURE	E	1h	1	PC-12	PC-12_dcDNA_1h	0	0	
AZURE	E	2.5h	2.5	PC-12	PC-12_dcDNA_2.5h	0.000732600732600733	0.00126890169052665	1.73205080756888
AZURE	E	2h	2	PC-12	PC-12_dcDNA_2h	0	0	
AZURE	E	4h	4	PC-12	PC-12_dcDNA_4h	0.00051056964578216	8.40217716552471e-05	0.16456476084968
AZURE	E	6h	6	PC-12	PC-12_dcDNA_6h	0.000260529088438834	3.71045611455033e-05	0.142420032127102
AZURE	E	8h	8	PC-12	PC-12_dcDNA_8h	0.000243882302073189	0.000139666976171	0.572681883776407
AZURE	E			PC-12	PC-12_dRNA	0.000205973223480947		
AZURE	E	12h	12	PK-15	PK-15_dcDNA_12h	1.57175332511103e-05	5.61354186248079e-06	0.357151581790626
AZURE	E	1h	1	PK-15	PK-15_dcDNA_1h	0	0	
AZURE	E	2h	2	PK-15	PK-15_dcDNA_2h	0	0	
AZURE	E	4h	4	PK-15	PK-15_dcDNA_4h	1.70059350713399e-05	2.94551435737782e-05	1.73205080756888
AZURE	E	6h	6	PK-15	PK-15_dcDNA_6h	2.30335917183006e-05	1.86803237946275e-05	0.811003512742897
AZURE	E	8h	8	PK-15	PK-15_dcDNA_8h	2.45137053443636e-05	1.69162413831049e-05	0.690072803987362
AZURE	E			PK-15	PK-15_dRNA	0		
CTO	L	12h	12	C6	C6_dcDNA_12h	0.028809126328228	0.00929578198872081	0.322667958854848
CTO	L	1h	1	C6	C6_dcDNA_1h	0.00824263855764861	0.0021708188622624	0.263364558215164
CTO	L	2h	2	C6	C6_dcDNA_2h	0.030663073944425	0.0228894815996227	0.746483592646599
CTO	L	4h	4	C6	C6_dcDNA_4h	0.0691382397073795	0.00403760191890254	0.0583989690219374
CTO	L	6h	6	C6	C6_dcDNA_6h	0.121044258894574	0.00952678483401693	0.0787049705704295
CTO	L	8h	8	C6	C6_dcDNA_8h	0.0867895870309019	0.00997283845231308	0.11490823719166
CTO	L			C6	C6_dRNA	0.0578360354145108		
CTO	L	1h	1	NRK	NRK_dcDNA_1h	0.00754661453406487	0.00668781805744654	0.886201094180472
CTO	L	2h	2	NRK	NRK_dcDNA_2h	0.00886886826987177	0.00544389879704114	0.613821136066986
CTO	L	0.5h	0.5	PC-12	PC-12_dcDNA_0.5h	0.00952380952380952	0.0164957219768465	1.73205080756888
CTO	L	1.5h	1.5	PC-12	PC-12_dcDNA_1.5h	0.01782668956582	0.00788120742650704	0.442101568965338
CTO	L	12h	12	PC-12	PC-12_dcDNA_12h	0.152353726507452	0.0190388643196935	0.124964874546487
CTO	L	1h	1	PC-12	PC-12_dcDNA_1h	0.0148500534667143	0.0117353011786854	0.790253126360087
CTO	L	2.5h	2.5	PC-12	PC-12_dcDNA_2.5h	0.0437409055230837	0.00148292507304837	0.0339024776765488
CTO	L	2h	2	PC-12	PC-12_dcDNA_2h	0.0197223334654795	0.00691773431204382	0.350756381041428
CTO	L	4h	4	PC-12	PC-12_dcDNA_4h	0.11496778109045	0.0209188171620441	0.1819537348954
CTO	L	6h	6	PC-12	PC-12_dcDNA_6h	0.122007197817489	0.0213444431608522	0.174944130696137
CTO	L	8h	8	PC-12	PC-12_dcDNA_8h	0.117763601296754	0.049422642935049	0.419676728554762
CTO	L			PC-12	PC-12_dRNA	0.0421421215242019		
CTO	L	12h	12	PK-15	PK-15_dcDNA_12h	0.196570631794475	0.036559855553752	0.185988391144702
CTO	L	1h	1	PK-15	PK-15_dcDNA_1h	0.0209186601165385	0.00785319280475741	0.375415670076717
CTO	L	2h	2	PK-15	PK-15_dcDNA_2h	0.0559175024662578	0.0920742883150177	1.64660945596735
CTO	L	4h	4	PK-15	PK-15_dcDNA_4h	0.0831716267874483	0.0335070041888405	0.402865802715033
CTO	L	6h	6	PK-15	PK-15_dcDNA_6h	0.155047396192773	0.0633337267350931	0.408479782893931
CTO	L	8h	8	PK-15	PK-15_dcDNA_8h	0.13549031586687	0.0300445385411434	0.2217467598988
CTO	L			PK-15	PK-15_dRNA	0.0768520802336036		
ELIE	unknown	12h	12	C6	C6_dcDNA_12h	5.88179655040293e-05	2.46083770380574e-05	0.418381982905743
ELIE	unknown	1h	1	C6	C6_dcDNA_1h	0	0	
ELIE	unknown	2h	2	C6	C6_dcDNA_2h	0	0	
ELIE	unknown	4h	4	C6	C6_dcDNA_4h	0	0	
ELIE	unknown	6h	6	C6	C6_dcDNA_6h	3.63901018922853e-05	6.30295053700465e-05	1.73205080756888
ELIE	unknown	8h	8	C6	C6_dcDNA_8h	5.13660109402835e-05	4.54306895583859e-05	0.884450412378766
ELIE	unknown			C6	C6_dRNA	0		
ELIE	unknown	1h	1	NRK	NRK_dcDNA_1h	0	0	
ELIE	unknown	2h	2	NRK	NRK_dcDNA_2h	0.000874890638670166	0.00151535503724311	1.73205080756888
ELIE	unknown	0.5h	0.5	PC-12	PC-12_dcDNA_0.5h	0	0	
ELIE	unknown	1.5h	1.5	PC-12	PC-12_dcDNA_1.5h	0.00128205128205128	0.00222057795842164	1.73205080756888
ELIE	unknown	12h	12	PC-12	PC-12_dcDNA_12h	9.48753497943345e-05	3.18854188707613e-05	0.336076957185199
ELIE	unknown	1h	1	PC-12	PC-12_dcDNA_1h	0	0	
ELIE	unknown	2.5h	2.5	PC-12	PC-12_dcDNA_2.5h	0	0	
ELIE	unknown	2h	2	PC-12	PC-12_dcDNA_2h	0.000606612071580225	0.00105068292846156	1.73205080756888
ELIE	unknown	4h	4	PC-12	PC-12_dcDNA_4h	0	0	
ELIE	unknown	6h	6	PC-12	PC-12_dcDNA_6h	0.000143125972838711	1.67618632720139e-05	0.117112659146099
ELIE	unknown	8h	8	PC-12	PC-12_dcDNA_8h	0.000127124109469268	6.25036779767975e-05	0.49167446079068
ELIE	unknown			PC-12	PC-12_dRNA	4.11946446961895e-05		
ELIE	unknown	12h	12	PK-15	PK-15_dcDNA_12h	1.30958316842564e-05	4.79308868193138e-06	0.366001090842787
ELIE	unknown	1h	1	PK-15	PK-15_dcDNA_1h	0	0	
ELIE	unknown	2h	2	PK-15	PK-15_dcDNA_2h	7.87742723226594e-05	0.000136441041992113	1.73205080756888
ELIE	unknown	4h	4	PK-15	PK-15_dcDNA_4h	1.78081703885743e-05	3.08446559028543e-05	1.73205080756888
ELIE	unknown	6h	6	PK-15	PK-15_dcDNA_6h	2.45150261663087e-05	1.45528307093339e-05	0.593629009841075
ELIE	unknown	8h	8	PK-15	PK-15_dcDNA_8h	2.98543189873534e-05	1.69934823629047e-05	0.569213532223036
ELIE	unknown			PK-15	PK-15_dRNA	0		
EP0	E	12h	12	C6	C6_dcDNA_12h	0.00972071625352519	0.00277287673878306	0.28525436464391
EP0	E	1h	1	C6	C6_dcDNA_1h	0.0873248620173639	0.00945686478495648	0.108295215892538
EP0	E	2h	2	C6	C6_dcDNA_2h	0.0555433214300186	0.00627344577189582	0.1129468964113
EP0	E	4h	4	C6	C6_dcDNA_4h	0.0190014095183464	0.00144378344061955	0.0759829653282053
EP0	E	6h	6	C6	C6_dcDNA_6h	0.0188363454069626	0.000913019648222266	0.0484711672299649
EP0	E	8h	8	C6	C6_dcDNA_8h	0.0193476047033626	0.000837897353131638	0.0433075497446985
EP0	E			C6	C6_dRNA	0.00873864550994596		
EP0	E	1h	1	NRK	NRK_dcDNA_1h	0.197670963515701	0.0316539860487895	0.160134728367807
EP0	E	2h	2	NRK	NRK_dcDNA_2h	0.144462631606811	0.0215561153097741	0.149215856516059
EP0	E	0.5h	0.5	PC-12	PC-12_dcDNA_0.5h	0.11492673992674	0.0341017329329037	0.296725835559609
EP0	E	1.5h	1.5	PC-12	PC-12_dcDNA_1.5h	0.103460483895267	0.0263176429253958	0.254373862701409
EP0	E	12h	12	PC-12	PC-12_dcDNA_12h	0.00536422360443871	0.00124342942102402	0.231800445454049
EP0	E	1h	1	PC-12	PC-12_dcDNA_1h	0.101935111086424	0.0136738028815575	0.134142227695857
EP0	E	2.5h	2.5	PC-12	PC-12_dcDNA_2.5h	0.0696196708077896	0.00442176219311502	0.0635131155004007
EP0	E	2h	2	PC-12	PC-12_dcDNA_2h	0.0676303977378488	0.00350937956715226	0.0518905652566976
EP0	E	4h	4	PC-12	PC-12_dcDNA_4h	0.0174145615807922	0.00237616495030573	0.136447015291305
EP0	E	6h	6	PC-12	PC-12_dcDNA_6h	0.0142855498119659	0.00255765605178445	0.179037984918305
EP0	E	8h	8	PC-12	PC-12_dcDNA_8h	0.013518186501225	0.000822396657399337	0.0608363153833405
EP0	E			PC-12	PC-12_dRNA	0.00803295571575695		
EP0	E	12h	12	PK-15	PK-15_dcDNA_12h	0.00101067984719671	0.000299657037560871	0.296490563645869
EP0	E	1h	1	PK-15	PK-15_dcDNA_1h	0.0818264254262942	0.0322235490122884	0.393803699042359
EP0	E	2h	2	PK-15	PK-15_dcDNA_2h	0.133022872391325	0.0760874231040026	0.57198752166597
EP0	E	4h	4	PK-15	PK-15_dcDNA_4h	0.0400092341116107	0.0081433341710319	0.203536367337477
EP0	E	6h	6	PK-15	PK-15_dcDNA_6h	0.0164840173098807	0.00317575442257429	0.192656581394798
EP0	E	8h	8	PK-15	PK-15_dcDNA_8h	0.0100393837474321	0.00112701184664043	0.112259066392267
EP0	E			PK-15	PK-15_dRNA	0.00634135085890693		
IE180	IE	12h	12	C6	C6_dcDNA_12h	0.00823622561191802	0.00165074681328184	0.200425157233815
IE180	IE	1h	1	C6	C6_dcDNA_1h	0.0106370175400507	0.00216394247727919	0.203435076526995
IE180	IE	2h	2	C6	C6_dcDNA_2h	0.00325476675786473	0.000215509554912228	0.0662135172640178
IE180	IE	4h	4	C6	C6_dcDNA_4h	0.00310627111542114	0.000790651912930188	0.254534096848463
IE180	IE	6h	6	C6	C6_dcDNA_6h	0.00314668577593013	0.00068517892922666	0.217746218725677
IE180	IE	8h	8	C6	C6_dcDNA_8h	0.00714490019460123	0.00081805491497546	0.114494939424569
IE180	IE			C6	C6_dRNA	0.00425434057721053		
IE180	IE	1h	1	NRK	NRK_dcDNA_1h	0.0424297034626857	0.0148502927893455	0.349997562495467
IE180	IE	2h	2	NRK	NRK_dcDNA_2h	0.00679829480377184	0.00231843410705785	0.341031710741867
IE180	IE	0.5h	0.5	PC-12	PC-12_dcDNA_0.5h	0.0863553113553114	0.0348980406895881	0.404121531633406
IE180	IE	1.5h	1.5	PC-12	PC-12_dcDNA_1.5h	0.00915288197896894	0.00601616373476132	0.657297204157661
IE180	IE	12h	12	PC-12	PC-12_dcDNA_12h	0.0062172073310378	0.000694387896347765	0.111688071408076
IE180	IE	1h	1	PC-12	PC-12_dcDNA_1h	0.0243234592591866	0.00972126436993637	0.399666193297107
IE180	IE	2.5h	2.5	PC-12	PC-12_dcDNA_2.5h	0.00580855471944581	0.00343971169988113	0.592180304054932
IE180	IE	2h	2	PC-12	PC-12_dcDNA_2h	0.00611445154980941	0.00199741660631075	0.326671425889868
IE180	IE	4h	4	PC-12	PC-12_dcDNA_4h	0.00798089675299263	0.00164324990366368	0.205897902769824
IE180	IE	6h	6	PC-12	PC-12_dcDNA_6h	0.00843478300316466	0.00124809300394521	0.147969782207431
IE180	IE	8h	8	PC-12	PC-12_dcDNA_8h	0.0077348724165545	0.00117545440992496	0.151968170465127
IE180	IE			PC-12	PC-12_dRNA	0.00527291452111226		
IE180	IE	12h	12	PK-15	PK-15_dcDNA_12h	0.00153132160441289	0.000186889310509621	0.122044454914665
IE180	IE	1h	1	PK-15	PK-15_dcDNA_1h	0.412489300021108	0.105906623699905	0.256749990107588
IE180	IE	2h	2	PK-15	PK-15_dcDNA_2h	0.0344202170406532	0.0217447082665819	0.631742334480328
IE180	IE	4h	4	PK-15	PK-15_dcDNA_4h	0.0100967067413583	0.00261961116316158	0.259452040181683
IE180	IE	6h	6	PK-15	PK-15_dcDNA_6h	0.00798399750923367	0.00257613212622648	0.322661940117982
IE180	IE	8h	8	PK-15	PK-15_dcDNA_8h	0.00715796262683179	0.000897821940058787	0.125429816676226
IE180	IE			PK-15	PK-15_dRNA	0.00268930563401574		
NOIR	E	12h	12	C6	C6_dcDNA_12h	0.00218961245104082	0.000458977884405968	0.209616036932835
NOIR	E	1h	1	C6	C6_dcDNA_1h	0	0	
NOIR	E	2h	2	C6	C6_dcDNA_2h	0.00264653497266701	0.00228029040616666	0.86161355497552
NOIR	E	4h	4	C6	C6_dcDNA_4h	0.00518384552356176	0.00152541964844992	0.294264102106542
NOIR	E	6h	6	C6	C6_dcDNA_6h	0.00497249331357655	0.00103846082426812	0.208841070018692
NOIR	E	8h	8	C6	C6_dcDNA_8h	0.00579161539355159	0.00125074954823216	0.215958668392371
NOIR	E			C6	C6_dRNA	0.00643900195469702		
NOIR	E	1h	1	NRK	NRK_dcDNA_1h	0	0	
NOIR	E	2h	2	NRK	NRK_dcDNA_2h	0	0	
NOIR	E	0.5h	0.5	PC-12	PC-12_dcDNA_0.5h	0	0	
NOIR	E	1.5h	1.5	PC-12	PC-12_dcDNA_1.5h	0	0	
NOIR	E	12h	12	PC-12	PC-12_dcDNA_12h	0.00662971545505228	0.000945292503166169	0.142584174173839
NOIR	E	1h	1	PC-12	PC-12_dcDNA_1h	0.00587117505653688	0.00608622689517167	1.03662841536216
NOIR	E	2.5h	2.5	PC-12	PC-12_dcDNA_2.5h	0.00364085552204364	0.00125030019321314	0.343408351592962
NOIR	E	2h	2	PC-12	PC-12_dcDNA_2h	0.00307780715141822	0.00218373214040589	0.709509086493497
NOIR	E	4h	4	PC-12	PC-12_dcDNA_4h	0.0096685080713747	0.00251370164708978	0.259988576162234
NOIR	E	6h	6	PC-12	PC-12_dcDNA_6h	0.00795638245480768	0.00185088307945159	0.23262872165392
NOIR	E	8h	8	PC-12	PC-12_dcDNA_8h	0.00651919384387075	0.0015378913558208	0.235902075111128
NOIR	E			PC-12	PC-12_dRNA	0.0100514933058702		
NOIR	E	12h	12	PK-15	PK-15_dcDNA_12h	0.00587541721941892	0.00100666941618549	0.171335818137021
NOIR	E	1h	1	PK-15	PK-15_dcDNA_1h	0.00174164023907154	0.0015384365157253	0.883326235356979
NOIR	E	2h	2	PK-15	PK-15_dcDNA_2h	0.00313808422759915	0.0040593741378368	1.29358355079669
NOIR	E	4h	4	PK-15	PK-15_dcDNA_4h	0.0117527272936055	0.000554928858190958	0.0472170283822453
NOIR	E	6h	6	PK-15	PK-15_dcDNA_6h	0.0123789178825493	0.00272469766718538	0.220107903860193
NOIR	E	8h	8	PK-15	PK-15_dcDNA_8h	0.00939576519628775	0.000743869376980087	0.0791707073814476
NOIR	E			PK-15	PK-15_dRNA	0.0112107444920952		
NOIR_2	E	12h	12	C6	C6_dcDNA_12h	0.00218800696039765	0.000448320890509262	0.204899206731858
NOIR_2	E	1h	1	C6	C6_dcDNA_1h	0	0	
NOIR_2	E	2h	2	C6	C6_dcDNA_2h	0.00264653497266701	0.00228029040616666	0.86161355497552
NOIR_2	E	4h	4	C6	C6_dcDNA_4h	0.00518384552356176	0.00152541964844992	0.294264102106542
NOIR_2	E	6h	6	C6	C6_dcDNA_6h	0.00497979041133477	0.00109895048663975	0.220682076124805
NOIR_2	E	8h	8	C6	C6_dcDNA_8h	0.00580291942683066	0.00125421583796369	0.216135318399329
NOIR_2	E			C6	C6_dRNA	0.00643900195469702		
NOIR_2	E	1h	1	NRK	NRK_dcDNA_1h	0	0	
NOIR_2	E	2h	2	NRK	NRK_dcDNA_2h	0	0	
NOIR_2	E	0.5h	0.5	PC-12	PC-12_dcDNA_0.5h	0	0	
NOIR_2	E	1.5h	1.5	PC-12	PC-12_dcDNA_1.5h	0	0	
NOIR_2	E	12h	12	PC-12	PC-12_dcDNA_12h	0.00665392072371731	0.00095599088204193	0.143673320097486
NOIR_2	E	1h	1	PC-12	PC-12_dcDNA_1h	0.00587117505653688	0.00608622689517167	1.03662841536216
NOIR_2	E	2.5h	2.5	PC-12	PC-12_dcDNA_2.5h	0.00364085552204364	0.00125030019321314	0.343408351592962
NOIR_2	E	2h	2	PC-12	PC-12_dcDNA_2h	0.00307780715141822	0.00218373214040589	0.709509086493497
NOIR_2	E	4h	4	PC-12	PC-12_dcDNA_4h	0.0096685080713747	0.00251370164708978	0.259988576162234
NOIR_2	E	6h	6	PC-12	PC-12_dcDNA_6h	0.0079811815818784	0.00187768619493348	0.235264186846325
NOIR_2	E	8h	8	PC-12	PC-12_dcDNA_8h	0.00653632593227233	0.00156211978759008	0.238990497685757
NOIR_2	E			PC-12	PC-12_dRNA	0.0100514933058702		
NOIR_2	E	12h	12	PK-15	PK-15_dcDNA_12h	0.00589497093365718	0.00101716388224005	0.172547734957026
NOIR_2	E	1h	1	PK-15	PK-15_dcDNA_1h	0.00174164023907154	0.0015384365157253	0.883326235356979
NOIR_2	E	2h	2	PK-15	PK-15_dcDNA_2h	0.00313808422759915	0.0040593741378368	1.29358355079669
NOIR_2	E	4h	4	PK-15	PK-15_dcDNA_4h	0.0118074335834261	0.00055591283538322	0.0470815974915619
NOIR_2	E	6h	6	PK-15	PK-15_dcDNA_6h	0.0124308949822901	0.00274203630358917	0.220582372186045
NOIR_2	E	8h	8	PK-15	PK-15_dcDNA_8h	0.00941565683507418	0.000767128175260414	0.0814736761011501
NOIR_2	E			PK-15	PK-15_dRNA	0.0112187010176396		
ORF-1	E	12h	12	C6	C6_dcDNA_12h	0.0103274874406873	0.000959363834171404	0.0928942145590793
ORF-1	E	1h	1	C6	C6_dcDNA_1h	0.0233740469517914	0.0060922009692952	0.260639545298265
ORF-1	E	2h	2	C6	C6_dcDNA_2h	0.0197109379541919	0.00137402912756177	0.0697089672117587
ORF-1	E	4h	4	C6	C6_dcDNA_4h	0.0268754878590395	0.00403322624697342	0.150070810551513
ORF-1	E	6h	6	C6	C6_dcDNA_6h	0.0201646294678344	0.00113312620653811	0.0561937529447599
ORF-1	E	8h	8	C6	C6_dcDNA_8h	0.0150461548472266	0.00131575353946353	0.0874478265592262
ORF-1	E			C6	C6_dRNA	0.0155225939979303		
ORF-1	E	1h	1	NRK	NRK_dcDNA_1h	0.0328260403936761	0.00634535317324652	0.193302423842412
ORF-1	E	2h	2	NRK	NRK_dcDNA_2h	0.0224227106756479	0.00366555638625028	0.163475167622407
ORF-1	E	0.5h	0.5	PC-12	PC-12_dcDNA_0.5h	0.0351648351648352	0.0388830901383607	1.10573787580963
ORF-1	E	1.5h	1.5	PC-12	PC-12_dcDNA_1.5h	0.0318516677212329	0.0217608106225067	0.683192189902211
ORF-1	E	12h	12	PC-12	PC-12_dcDNA_12h	0.00799018091355118	0.000720192097752537	0.0901346421995409
ORF-1	E	1h	1	PC-12	PC-12_dcDNA_1h	0.0268738655182442	0.00155855784070411	0.0579952980581088
ORF-1	E	2.5h	2.5	PC-12	PC-12_dcDNA_2.5h	0.0284266597137884	0.00220065547147807	0.0774151973406371
ORF-1	E	2h	2	PC-12	PC-12_dcDNA_2h	0.0260335849665899	0.00281900355447145	0.108283340849491
ORF-1	E	4h	4	PC-12	PC-12_dcDNA_4h	0.0205659278939658	0.000551455810532744	0.0268140495958145
ORF-1	E	6h	6	PC-12	PC-12_dcDNA_6h	0.0180428445791057	0.00104817980881508	0.0580939332608847
ORF-1	E	8h	8	PC-12	PC-12_dcDNA_8h	0.0132978357361441	0.00144898931085665	0.108964296116114
ORF-1	E			PC-12	PC-12_dRNA	0.014129763130793		
ORF-1	E	12h	12	PK-15	PK-15_dcDNA_12h	0.00355312447355308	0.000395349744045364	0.111268194229632
ORF-1	E	1h	1	PK-15	PK-15_dcDNA_1h	0.0188111856519919	0.0102960579470419	0.547337001373524
ORF-1	E	2h	2	PK-15	PK-15_dcDNA_2h	0.0255521093599172	0.00716648238526266	0.280465392673394
ORF-1	E	4h	4	PK-15	PK-15_dcDNA_4h	0.0170474232315944	0.00118407713054992	0.0694578362057345
ORF-1	E	6h	6	PK-15	PK-15_dcDNA_6h	0.0100843446567118	0.00070190261485898	0.0696031957209848
ORF-1	E	8h	8	PK-15	PK-15_dcDNA_8h	0.00629965373490428	0.000319044192987389	0.0506447189660079
ORF-1	E			PK-15	PK-15_dRNA	0.0092932218358887		
UL1-2-3-3.5	E/L	12h	12	C6	C6_dcDNA_12h	0.0471846264273638	0.0023751712649268	0.050337820700629
UL1-2-3-3.5	E/L	1h	1	C6	C6_dcDNA_1h	0.0122209320086694	0.00660893245088092	0.540787924046434
UL1-2-3-3.5	E/L	2h	2	C6	C6_dcDNA_2h	0.0163650024928254	0.000255995453956434	0.015642860675925
UL1-2-3-3.5	E/L	4h	4	C6	C6_dcDNA_4h	0.0274352026462542	0.0070364599313929	0.256475595318907
UL1-2-3-3.5	E/L	6h	6	C6	C6_dcDNA_6h	0.0304648398824837	0.00250342484670617	0.082174232865263
UL1-2-3-3.5	E/L	8h	8	C6	C6_dcDNA_8h	0.0385584313691456	0.00231617409875235	0.0600691993037286
UL1-2-3-3.5	E/L			C6	C6_dRNA	0.0500172473266644		
UL1-2-3-3.5	E/L	1h	1	NRK	NRK_dcDNA_1h	0.00724928750406457	0.0065492031557376	0.903427150884215
UL1-2-3-3.5	E/L	2h	2	NRK	NRK_dcDNA_2h	0.0152794274496875	0.00605056228693686	0.395994045382937
UL1-2-3-3.5	E/L	0.5h	0.5	PC-12	PC-12_dcDNA_0.5h	0.00952380952380952	0.0164957219768465	1.73205080756888
UL1-2-3-3.5	E/L	1.5h	1.5	PC-12	PC-12_dcDNA_1.5h	0.017191690017777	0.00768221380339071	0.446856230856126
UL1-2-3-3.5	E/L	12h	12	PC-12	PC-12_dcDNA_12h	0.046566147327055	0.00359254391222167	0.0771492622524605
UL1-2-3-3.5	E/L	1h	1	PC-12	PC-12_dcDNA_1h	0.0191835586433618	0.00380129993595282	0.198154055075085
UL1-2-3-3.5	E/L	2.5h	2.5	PC-12	PC-12_dcDNA_2.5h	0.0178256942613378	0.00795565743651566	0.446302809858615
UL1-2-3-3.5	E/L	2h	2	PC-12	PC-12_dcDNA_2h	0.0216401006419415	0.00256486839085856	0.118523866099194
UL1-2-3-3.5	E/L	4h	4	PC-12	PC-12_dcDNA_4h	0.032183181028134	0.00281936217853526	0.0876035894671387
UL1-2-3-3.5	E/L	6h	6	PC-12	PC-12_dcDNA_6h	0.0396953943163991	0.00286795765920435	0.0722491288622753
UL1-2-3-3.5	E/L	8h	8	PC-12	PC-12_dcDNA_8h	0.0357240768744351	0.00172541243574757	0.0482983071000588
UL1-2-3-3.5	E/L			PC-12	PC-12_dRNA	0.0574665293511844		
UL1-2-3-3.5	E/L	12h	12	PK-15	PK-15_dcDNA_12h	0.039589541106719	0.00876386735152554	0.221368247939559
UL1-2-3-3.5	E/L	1h	1	PK-15	PK-15_dcDNA_1h	0.0114407026452617	0.00544785926476274	0.476182227060945
UL1-2-3-3.5	E/L	2h	2	PK-15	PK-15_dcDNA_2h	0.0152203272762044	0.0066989677024506	0.440132960407744
UL1-2-3-3.5	E/L	4h	4	PK-15	PK-15_dcDNA_4h	0.0300002006641703	0.00307314971758639	0.102437638734087
UL1-2-3-3.5	E/L	6h	6	PK-15	PK-15_dcDNA_6h	0.0294318953362811	0.00873608319099576	0.296823670075596
UL1-2-3-3.5	E/L	8h	8	PK-15	PK-15_dcDNA_8h	0.0313649139913378	0.00394916154564612	0.125910166587314
UL1-2-3-3.5	E/L			PK-15	PK-15_dRNA	0.0475402401279409		
UL10	L	12h	12	C6	C6_dcDNA_12h	0.0377335354353926	0.00233364664472676	0.0618454278879442
UL10	L	1h	1	C6	C6_dcDNA_1h	0.0092962067194341	0.00308220207653164	0.331554812576206
UL10	L	2h	2	C6	C6_dcDNA_2h	0.0159391081146312	0.000858301059737137	0.0538487507308683
UL10	L	4h	4	C6	C6_dcDNA_4h	0.0200580941276093	0.00449389041204457	0.224043739323114
UL10	L	6h	6	C6	C6_dcDNA_6h	0.0287676324031346	0.000546518293851258	0.0189976806639016
UL10	L	8h	8	C6	C6_dcDNA_8h	0.028839108422121	0.00137592249631859	0.0477102993677569
UL10	L			C6	C6_dRNA	0.0478325859491779		
UL10	L	1h	1	NRK	NRK_dcDNA_1h	0	0	
UL10	L	2h	2	NRK	NRK_dcDNA_2h	0.00441720039511838	0.00476314440974949	1.07831748249716
UL10	L	0.5h	0.5	PC-12	PC-12_dcDNA_0.5h	0.0416666666666667	0.0721687836487032	1.73205080756888
UL10	L	1.5h	1.5	PC-12	PC-12_dcDNA_1.5h	0.0114164331555636	0.00323373872386673	0.28325298101455
UL10	L	12h	12	PC-12	PC-12_dcDNA_12h	0.0305480236334377	0.00143086425360194	0.0468398306473654
UL10	L	1h	1	PC-12	PC-12_dcDNA_1h	0.00277014247212444	0.00331139278539557	1.19538717546757
UL10	L	2.5h	2.5	PC-12	PC-12_dcDNA_2.5h	0.00875244954452875	0.00193806373691338	0.221431009348106
UL10	L	2h	2	PC-12	PC-12_dcDNA_2h	0.0102381554967854	0.00058965265028062	0.0575936408140859
UL10	L	4h	4	PC-12	PC-12_dcDNA_4h	0.0128412161541974	0.0012696433504961	0.0988725160646953
UL10	L	6h	6	PC-12	PC-12_dcDNA_6h	0.0194206670360793	0.00119846215780661	0.0617106588347422
UL10	L	8h	8	PC-12	PC-12_dcDNA_8h	0.0250148194251777	0.00283194000876032	0.113210491773926
UL10	L			PC-12	PC-12_dRNA	0.0418125643666323		
UL10	L	12h	12	PK-15	PK-15_dcDNA_12h	0.0486262378027958	0.00485497322160723	0.0998426660375541
UL10	L	1h	1	PK-15	PK-15_dcDNA_1h	0.00348328047814309	0.00307687303145059	0.883326235356979
UL10	L	2h	2	PK-15	PK-15_dcDNA_2h	0.00981426084251614	0.0152547849094688	1.55434883525653
UL10	L	4h	4	PK-15	PK-15_dcDNA_4h	0.0166082961839122	0.00189783035958393	0.114270021353682
UL10	L	6h	6	PK-15	PK-15_dcDNA_6h	0.0215402913557818	0.00163755284929534	0.0760227808550877
UL10	L	8h	8	PK-15	PK-15_dcDNA_8h	0.0306301323231601	0.00385746297255276	0.125936869349926
UL10	L			PK-15	PK-15_dRNA	0.0584565931748924		
UL14-13-12-11	L	12h	12	C6	C6_dcDNA_12h	0.0349753281792081	0.00151278019570361	0.0432527805872859
UL14-13-12-11	L	1h	1	C6	C6_dcDNA_1h	0.0431142400227599	0.0160051580090468	0.371226722321854
UL14-13-12-11	L	2h	2	C6	C6_dcDNA_2h	0.0538097947779271	0.00141264644665009	0.0262525893748542
UL14-13-12-11	L	4h	4	C6	C6_dcDNA_4h	0.0337171491609577	0.00271984735379955	0.0806665872258548
UL14-13-12-11	L	6h	6	C6	C6_dcDNA_6h	0.0437633965849892	0.00371263775407543	0.0848343146050246
UL14-13-12-11	L	8h	8	C6	C6_dcDNA_8h	0.0469505332601414	0.00179704196467878	0.038275219468154
UL14-13-12-11	L			C6	C6_dRNA	0.0559963205703116		
UL14-13-12-11	L	1h	1	NRK	NRK_dcDNA_1h	0.0622195633231769	0.0329398918249587	0.529413741685464
UL14-13-12-11	L	2h	2	NRK	NRK_dcDNA_2h	0.0550763352745518	0.00889238480005558	0.161455637084923
UL14-13-12-11	L	0.5h	0.5	PC-12	PC-12_dcDNA_0.5h	0.0863553113553114	0.0348980406895881	0.404121531633406
UL14-13-12-11	L	1.5h	1.5	PC-12	PC-12_dcDNA_1.5h	0.0446729338033686	0.00484156750240674	0.108378095867114
UL14-13-12-11	L	12h	12	PC-12	PC-12_dcDNA_12h	0.0274710833117464	0.00168639001247129	0.0613878234554443
UL14-13-12-11	L	1h	1	PC-12	PC-12_dcDNA_1h	0.0453380173954931	0.00458363439439464	0.1010991361711
UL14-13-12-11	L	2.5h	2.5	PC-12	PC-12_dcDNA_2.5h	0.0473983721508474	0.00486316064755859	0.102601849533595
UL14-13-12-11	L	2h	2	PC-12	PC-12_dcDNA_2h	0.0465629144954407	0.00340100870178765	0.0730411474161623
UL14-13-12-11	L	4h	4	PC-12	PC-12_dcDNA_4h	0.0316518129233553	0.000453901764361777	0.014340466546447
UL14-13-12-11	L	6h	6	PC-12	PC-12_dcDNA_6h	0.0311325456009997	0.00168021838128148	0.0539698360299688
UL14-13-12-11	L	8h	8	PC-12	PC-12_dcDNA_8h	0.0338607451572282	0.000519740924461341	0.0153493646417995
UL14-13-12-11	L			PC-12	PC-12_dRNA	0.0385581874356334		
UL14-13-12-11	L	12h	12	PK-15	PK-15_dcDNA_12h	0.0222824194816395	0.000661928308287133	0.0297063031612233
UL14-13-12-11	L	1h	1	PK-15	PK-15_dcDNA_1h	0.0247868853974457	0.004706725347095	0.189887727789311
UL14-13-12-11	L	2h	2	PK-15	PK-15_dcDNA_2h	0.0214729606038857	0.000453529877491254	0.0211209756240686
UL14-13-12-11	L	4h	4	PK-15	PK-15_dcDNA_4h	0.0401017187915162	0.00480566238821699	0.119836818297017
UL14-13-12-11	L	6h	6	PK-15	PK-15_dcDNA_6h	0.0299039114749349	0.000578739604834957	0.0193533078547283
UL14-13-12-11	L	8h	8	PK-15	PK-15_dcDNA_8h	0.0300493278137504	0.00225313059117555	0.0749810646394735
UL14-13-12-11	L			PK-15	PK-15_dRNA	0.0349768862932934		
UL15	L	12h	12	C6	C6_dcDNA_12h	0.00283951223056859	0.000385351627729595	0.13571050111393
UL15	L	1h	1	C6	C6_dcDNA_1h	0	0	
UL15	L	2h	2	C6	C6_dcDNA_2h	0.00240297800147632	0.000989101656649183	0.411614944473694
UL15	L	4h	4	C6	C6_dcDNA_4h	0.00340416243943378	0.00205306046902547	0.60310296748558
UL15	L	6h	6	C6	C6_dcDNA_6h	0.00217895603537552	0.000218075190193067	0.100082418668665
UL15	L	8h	8	C6	C6_dcDNA_8h	0.00293438031760763	0.000413759197889104	0.141003943969484
UL15	L			C6	C6_dRNA	0.00287455444406117		
UL15	L	1h	1	NRK	NRK_dcDNA_1h	0.003003003003003	0.00520135377648311	1.73205080756888
UL15	L	2h	2	NRK	NRK_dcDNA_2h	0.000631313131313131	0.00109346641891975	1.73205080756888
UL15	L	0.5h	0.5	PC-12	PC-12_dcDNA_0.5h	0	0	
UL15	L	1.5h	1.5	PC-12	PC-12_dcDNA_1.5h	0.00385745277049625	0.000484822611049985	0.125684652514258
UL15	L	12h	12	PC-12	PC-12_dcDNA_12h	0.00234163230787551	0.000125668127127401	0.0536668915545563
UL15	L	1h	1	PC-12	PC-12_dcDNA_1h	0.000624219725343321	0.00108118027938132	1.73205080756888
UL15	L	2.5h	2.5	PC-12	PC-12_dcDNA_2.5h	0.00291298588328291	0.00167238549760333	0.574113835292111
UL15	L	2h	2	PC-12	PC-12_dcDNA_2h	0.00157266374079138	0.00198866262680921	1.26451864771072
UL15	L	4h	4	PC-12	PC-12_dcDNA_4h	0.00187269948101441	0.000590351790158999	0.315241071054933
UL15	L	6h	6	PC-12	PC-12_dcDNA_6h	0.00283020407978212	0.000229472546575647	0.081079858592145
UL15	L	8h	8	PC-12	PC-12_dcDNA_8h	0.00298145044305904	0.000580821838200831	0.194811837155641
UL15	L			PC-12	PC-12_dRNA	0.00317198764160659		
UL15	L	12h	12	PK-15	PK-15_dcDNA_12h	0.00106221065108959	0.000143915611005739	0.135486883753344
UL15	L	1h	1	PK-15	PK-15_dcDNA_1h	0	0	
UL15	L	2h	2	PK-15	PK-15_dcDNA_2h	0.00145122995324422	0.000551047695644104	0.379710806280037
UL15	L	4h	4	PK-15	PK-15_dcDNA_4h	0.00205155872829741	0.000410233642193076	0.199961929695052
UL15	L	6h	6	PK-15	PK-15_dcDNA_6h	0.00178451908955306	0.000159826159670779	0.0895625945423806
UL15	L	8h	8	PK-15	PK-15_dcDNA_8h	0.00209413474773624	0.000384807114814371	0.183754705961661
UL15	L			PK-15	PK-15_dRNA	0.00212439232036154		
UL17-16	L	12h	12	C6	C6_dcDNA_12h	0.0190338280821459	0.00125667606479147	0.0660232959637929
UL17-16	L	1h	1	C6	C6_dcDNA_1h	0.012342517382057	0.00365853445075323	0.296417200600571
UL17-16	L	2h	2	C6	C6_dcDNA_2h	0.0153308763294335	0.0012064797915173	0.0786960748747934
UL17-16	L	4h	4	C6	C6_dcDNA_4h	0.0143754430429854	0.000977841433925119	0.0680216554718476
UL17-16	L	6h	6	C6	C6_dcDNA_6h	0.0217200134204544	0.00217337297402766	0.100063150604729
UL17-16	L	8h	8	C6	C6_dcDNA_8h	0.0200702065286022	0.00267356936673651	0.13321085475261
UL17-16	L			C6	C6_dRNA	0.0196619523973784		
UL17-16	L	1h	1	NRK	NRK_dcDNA_1h	0.012970086817599	0.0112377786481517	0.866438197846394
UL17-16	L	2h	2	NRK	NRK_dcDNA_2h	0.0134868989705796	0.0045146133365025	0.334740650638126
UL17-16	L	0.5h	0.5	PC-12	PC-12_dcDNA_0.5h	0	0	
UL17-16	L	1.5h	1.5	PC-12	PC-12_dcDNA_1.5h	0.0167118623640363	0.00291855859819971	0.17463993746624
UL17-16	L	12h	12	PC-12	PC-12_dcDNA_12h	0.0136645178163379	0.00158093632470896	0.11569645895728
UL17-16	L	1h	1	PC-12	PC-12_dcDNA_1h	0.00684635093647237	0.00420024378591995	0.613501093486768
UL17-16	L	2.5h	2.5	PC-12	PC-12_dcDNA_2.5h	0.00946209619476946	0.00267637021148995	0.282851722958536
UL17-16	L	2h	2	PC-12	PC-12_dcDNA_2h	0.00841473524155469	0.000642304393495973	0.0763309094175734
UL17-16	L	4h	4	PC-12	PC-12_dcDNA_4h	0.0162543525624497	0.00313356823185237	0.192783331099355
UL17-16	L	6h	6	PC-12	PC-12_dcDNA_6h	0.0174067779471856	0.000755929716385489	0.0434273200174713
UL17-16	L	8h	8	PC-12	PC-12_dcDNA_8h	0.0127610083968189	0.00200756931307233	0.157320585540308
UL17-16	L			PC-12	PC-12_dRNA	0.0177960865087539		
UL17-16	L	12h	12	PK-15	PK-15_dcDNA_12h	0.0184664936266582	0.0062351517481414	0.337646760354134
UL17-16	L	1h	1	PK-15	PK-15_dcDNA_1h	0.00262198231484956	0.0024882611608647	0.948999978669753
UL17-16	L	2h	2	PK-15	PK-15_dcDNA_2h	0.00575846924056648	0.00299544916633806	0.520181499839598
UL17-16	L	4h	4	PK-15	PK-15_dcDNA_4h	0.0239605182992392	0.0023527436202825	0.0981925178286818
UL17-16	L	6h	6	PK-15	PK-15_dcDNA_6h	0.0204944597602903	0.00425261561315354	0.207500742292965
UL17-16	L	8h	8	PK-15	PK-15_dcDNA_8h	0.014577885365209	0.000955346687805507	0.0655339690134688
UL17-16	L			PK-15	PK-15_dRNA	0.0180613129858453		
UL20-19-18	L	12h	12	C6	C6_dcDNA_12h	0.0399062556805165	0.00272403405149369	0.0682608279088345
UL20-19-18	L	1h	1	C6	C6_dcDNA_1h	0.0187211232641368	0.00904575890680204	0.48318462408346
UL20-19-18	L	2h	2	C6	C6_dcDNA_2h	0.0286846690355849	0.00400436684546448	0.139599548472979
UL20-19-18	L	4h	4	C6	C6_dcDNA_4h	0.0305740288404317	0.00445963075986378	0.145863366033275
UL20-19-18	L	6h	6	C6	C6_dcDNA_6h	0.0257769600573398	0.00140839115579918	0.0546375970116829
UL20-19-18	L	8h	8	C6	C6_dcDNA_8h	0.0261968501114057	0.00324536644884683	0.123883842333924
UL20-19-18	L			C6	C6_dRNA	0.0301253305737611		
UL20-19-18	L	1h	1	NRK	NRK_dcDNA_1h	0.0120241323495407	0.0156380428016475	1.30055477992513
UL20-19-18	L	2h	2	NRK	NRK_dcDNA_2h	0.00683276228340686	0.00328380125699489	0.480596444130581
UL20-19-18	L	0.5h	0.5	PC-12	PC-12_dcDNA_0.5h	0	0	
UL20-19-18	L	1.5h	1.5	PC-12	PC-12_dcDNA_1.5h	0.0101343818735123	0.00545083407174759	0.537855602816205
UL20-19-18	L	12h	12	PC-12	PC-12_dcDNA_12h	0.0276806105327989	0.00277291782289898	0.100175457460136
UL20-19-18	L	1h	1	PC-12	PC-12_dcDNA_1h	0.0135815479737235	0.00445383203835122	0.327932577859912
UL20-19-18	L	2.5h	2.5	PC-12	PC-12_dcDNA_2.5h	0.0148976046005749	0.00675941593812594	0.453725019515224
UL20-19-18	L	2h	2	PC-12	PC-12_dcDNA_2h	0.0140930170939474	0.00158149169368724	0.112218106537773
UL20-19-18	L	4h	4	PC-12	PC-12_dcDNA_4h	0.0270727304338233	0.00180538091210907	0.0666863254344495
UL20-19-18	L	6h	6	PC-12	PC-12_dcDNA_6h	0.0281739744222691	0.00233159768845564	0.0827571450697674
UL20-19-18	L	8h	8	PC-12	PC-12_dcDNA_8h	0.0207868261894312	0.000840071332280268	0.0404136410544189
UL20-19-18	L			PC-12	PC-12_dRNA	0.027394438722966		
UL20-19-18	L	12h	12	PK-15	PK-15_dcDNA_12h	0.0241195758900118	0.00247145467535067	0.102466755079807
UL20-19-18	L	1h	1	PK-15	PK-15_dcDNA_1h	0.00251146317979518	0.00233581921434763	0.930063093554144
UL20-19-18	L	2h	2	PK-15	PK-15_dcDNA_2h	0.00727470287606287	0.00674042650953461	0.926556950073347
UL20-19-18	L	4h	4	PK-15	PK-15_dcDNA_4h	0.0167529848548833	0.000627840428567307	0.037476332367381
UL20-19-18	L	6h	6	PK-15	PK-15_dcDNA_6h	0.0187542172452094	0.00420745922768998	0.224347365324711
UL20-19-18	L	8h	8	PK-15	PK-15_dcDNA_8h	0.0179615845877016	0.00261746699675751	0.145725839720717
UL20-19-18	L			PK-15	PK-15_dRNA	0.0178146606939682		
UL21	L	12h	12	C6	C6_dcDNA_12h	0.00713859281511458	0.000243680553442459	0.034135656669829
UL21	L	1h	1	C6	C6_dcDNA_1h	0.0111244829380521	0.00286281208034192	0.257343383623654
UL21	L	2h	2	C6	C6_dcDNA_2h	0.0075436596791214	0.00103145613564927	0.136731530785255
UL21	L	4h	4	C6	C6_dcDNA_4h	0.00916381716688145	0.00234874354595414	0.256306242604079
UL21	L	6h	6	C6	C6_dcDNA_6h	0.0069871535729163	0.000453692291644576	0.0649323486180674
UL21	L	8h	8	C6	C6_dcDNA_8h	0.00820604731445227	0.00118510022063616	0.144417912208353
UL21	L			C6	C6_dRNA	0.0101184316430953		
UL21	L	1h	1	NRK	NRK_dcDNA_1h	0.00512614525353379	0.00463140070536576	0.903486045810549
UL21	L	2h	2	NRK	NRK_dcDNA_2h	0.00658918477604983	0.00426539048566152	0.647332049507131
UL21	L	0.5h	0.5	PC-12	PC-12_dcDNA_0.5h	0	0	
UL21	L	1.5h	1.5	PC-12	PC-12_dcDNA_1.5h	0.00546265328874025	0.00475732180453776	0.870881154830689
UL21	L	12h	12	PC-12	PC-12_dcDNA_12h	0.0075474283685378	0.000373953658302538	0.0495471622972138
UL21	L	1h	1	PC-12	PC-12_dcDNA_1h	0.00607751599652764	0.00344942310838084	0.567571210071953
UL21	L	2.5h	2.5	PC-12	PC-12_dcDNA_2.5h	0.00946048431196946	0.00345898944358093	0.36562498594333
UL21	L	2h	2	PC-12	PC-12_dcDNA_2h	0.00806199471097472	0.00177032925273864	0.21958948327375
UL21	L	4h	4	PC-12	PC-12_dcDNA_4h	0.0143722487334401	0.00137266983414546	0.0955083549974786
UL21	L	6h	6	PC-12	PC-12_dcDNA_6h	0.0128121879338805	0.000365375969778015	0.0285178434521567
UL21	L	8h	8	PC-12	PC-12_dcDNA_8h	0.00908597475820216	0.00134100364001929	0.147590509076501
UL21	L			PC-12	PC-12_dRNA	0.0139649845520082		
UL21	L	12h	12	PK-15	PK-15_dcDNA_12h	0.00458020859172537	0.00185255070669503	0.404468632725998
UL21	L	1h	1	PK-15	PK-15_dcDNA_1h	0.00174164023907154	0.0015384365157253	0.883326235356979
UL21	L	2h	2	PK-15	PK-15_dcDNA_2h	0.0026855027663627	0.00189124321732953	0.704241768438418
UL21	L	4h	4	PK-15	PK-15_dcDNA_4h	0.00592033723507165	0.000389905276558478	0.0658586261351309
UL21	L	6h	6	PK-15	PK-15_dcDNA_6h	0.00645082149847361	0.000801938576954949	0.124315728957111
UL21	L	8h	8	PK-15	PK-15_dcDNA_8h	0.00458570807581255	0.000173892887666771	0.0379206187554706
UL21	L			PK-15	PK-15_dRNA	0.0075905253693817		
UL23-22	L	12h	12	C6	C6_dcDNA_12h	0.00898665464505951	0.000539068922538715	0.059985494472637
UL23-22	L	1h	1	C6	C6_dcDNA_1h	0.00658721117512813	0.00203317499180778	0.308654897763807
UL23-22	L	2h	2	C6	C6_dcDNA_2h	0.0124108352462612	0.00292681907090334	0.235827727371134
UL23-22	L	4h	4	C6	C6_dcDNA_4h	0.00962577352283876	0.00276677214841634	0.287433746685574
UL23-22	L	6h	6	C6	C6_dcDNA_6h	0.00705993377670087	0.000417132456792027	0.0590844716091593
UL23-22	L	8h	8	C6	C6_dcDNA_8h	0.00738758201132523	0.00013802721838514	0.0186836800151312
UL23-22	L			C6	C6_dRNA	0.00965850293204553		
UL23-22	L	1h	1	NRK	NRK_dcDNA_1h	0	0	
UL23-22	L	2h	2	NRK	NRK_dcDNA_2h	0.00742960793508497	0.00211098708223047	0.284131693176125
UL23-22	L	0.5h	0.5	PC-12	PC-12_dcDNA_0.5h	0	0	
UL23-22	L	1.5h	1.5	PC-12	PC-12_dcDNA_1.5h	0.00723583114887463	0.00544241588476768	0.752147994168455
UL23-22	L	12h	12	PC-12	PC-12_dcDNA_12h	0.0085476374457631	0.000297163308516286	0.0347655490071802
UL23-22	L	1h	1	PC-12	PC-12_dcDNA_1h	0.0132346910029839	0.00509150339049312	0.384708897951996
UL23-22	L	2.5h	2.5	PC-12	PC-12_dcDNA_2.5h	0.00692769366036693	0.00277908541853756	0.401155933674811
UL23-22	L	2h	2	PC-12	PC-12_dcDNA_2h	0.0105378774920855	0.00353548084994556	0.335502177986117
UL23-22	L	4h	4	PC-12	PC-12_dcDNA_4h	0.0095238878276943	0.00106975656444641	0.112323515753271
UL23-22	L	6h	6	PC-12	PC-12_dcDNA_6h	0.00790866656037926	0.00100278132602309	0.126795246501707
UL23-22	L	8h	8	PC-12	PC-12_dcDNA_8h	0.0100293060470625	0.00137107256293395	0.136706623220012
UL23-22	L			PC-12	PC-12_dRNA	0.0130587023686921		
UL23-22	L	12h	12	PK-15	PK-15_dcDNA_12h	0.00344231087187073	0.000479482653323134	0.139290921468275
UL23-22	L	1h	1	PK-15	PK-15_dcDNA_1h	0.00165016501650165	0.00285816964945359	1.73205080756888
UL23-22	L	2h	2	PK-15	PK-15_dcDNA_2h	0.00522086263775878	0.00229974900880106	0.44049215012259
UL23-22	L	4h	4	PK-15	PK-15_dcDNA_4h	0.00543017482470751	0.00140515900543653	0.258768649407565
UL23-22	L	6h	6	PK-15	PK-15_dcDNA_6h	0.00493847901115524	0.000905453009930268	0.183346534000649
UL23-22	L	8h	8	PK-15	PK-15_dcDNA_8h	0.00562692942759202	0.00077819663081025	0.138298629976468
UL23-22	L			PK-15	PK-15_dRNA	0.00681078586602802		
UL24-25-26-26.5	L	12h	12	C6	C6_dcDNA_12h	0.0935402368345973	0.00271958694303495	0.0290739796590837
UL24-25-26-26.5	L	1h	1	C6	C6_dcDNA_1h	0.0681138242500047	0.00918951112109886	0.134914038703358
UL24-25-26-26.5	L	2h	2	C6	C6_dcDNA_2h	0.0832837117201552	0.0226166689260633	0.271561731086847
UL24-25-26-26.5	L	4h	4	C6	C6_dcDNA_4h	0.0632268285321786	0.0072659094995072	0.114918139470008
UL24-25-26-26.5	L	6h	6	C6	C6_dcDNA_6h	0.0557712074251564	0.00372681913750333	0.0668233540129937
UL24-25-26-26.5	L	8h	8	C6	C6_dcDNA_8h	0.0550654873464986	0.00147299974809588	0.0267499629818412
UL24-25-26-26.5	L			C6	C6_dRNA	0.0628952512360584		
UL24-25-26-26.5	L	1h	1	NRK	NRK_dcDNA_1h	0.0204384872985491	0.0213829370765088	1.04620937763955
UL24-25-26-26.5	L	2h	2	NRK	NRK_dcDNA_2h	0.0439725222366992	0.00812824204231124	0.184848210401892
UL24-25-26-26.5	L	0.5h	0.5	PC-12	PC-12_dcDNA_0.5h	0.0863553113553114	0.0348980406895881	0.404121531633406
UL24-25-26-26.5	L	1.5h	1.5	PC-12	PC-12_dcDNA_1.5h	0.0336022477326825	0.00872830908736731	0.259753727095997
UL24-25-26-26.5	L	12h	12	PC-12	PC-12_dcDNA_12h	0.0534339372765535	0.00179841821364451	0.0336568537769656
UL24-25-26-26.5	L	1h	1	PC-12	PC-12_dcDNA_1h	0.0374536671321774	0.0151453868360783	0.404376607039009
UL24-25-26-26.5	L	2.5h	2.5	PC-12	PC-12_dcDNA_2.5h	0.0481008698830481	0.00276349223824458	0.0574520220728586
UL24-25-26-26.5	L	2h	2	PC-12	PC-12_dcDNA_2h	0.0538731086770265	0.00526431270440664	0.0977168912966691
UL24-25-26-26.5	L	4h	4	PC-12	PC-12_dcDNA_4h	0.0512383665221589	0.00472185084319525	0.0921545935925417
UL24-25-26-26.5	L	6h	6	PC-12	PC-12_dcDNA_6h	0.0533071004644887	0.0035452743954798	0.066506607273482
UL24-25-26-26.5	L	8h	8	PC-12	PC-12_dcDNA_8h	0.0496274334620285	0.0159725139038041	0.321848477536626
UL24-25-26-26.5	L			PC-12	PC-12_dRNA	0.0558187435633368		
UL24-25-26-26.5	L	12h	12	PK-15	PK-15_dcDNA_12h	0.0581858557205008	0.0112561769736844	0.193452117087598
UL24-25-26-26.5	L	1h	1	PK-15	PK-15_dcDNA_1h	0.0250993988901243	0.00680374699594607	0.271072109166052
UL24-25-26-26.5	L	2h	2	PK-15	PK-15_dcDNA_2h	0.0556268759464285	0.00278045541070995	0.0499840295433393
UL24-25-26-26.5	L	4h	4	PK-15	PK-15_dcDNA_4h	0.0475180121659877	0.00696654857177561	0.146608585970313
UL24-25-26-26.5	L	6h	6	PK-15	PK-15_dcDNA_6h	0.0490496203989657	0.011254442799451	0.229450150845374
UL24-25-26-26.5	L	8h	8	PK-15	PK-15_dcDNA_8h	0.0511648838349513	0.0068729269945143	0.134328986589418
UL24-25-26-26.5	L			PK-15	PK-15_dRNA	0.0554012873658331		
UL29-28-27	E/L	12h	12	C6	C6_dcDNA_12h	0.0263096774683708	0.00166054099605448	0.0631152167505955
UL29-28-27	E/L	1h	1	C6	C6_dcDNA_1h	0.0177331345675961	0.00278045783611948	0.15679449256536
UL29-28-27	E/L	2h	2	C6	C6_dcDNA_2h	0.0166997281675179	0.00167985338034184	0.10059166014506
UL29-28-27	E/L	4h	4	C6	C6_dcDNA_4h	0.0274568531334339	0.00544872171753151	0.198446693474012
UL29-28-27	E/L	6h	6	C6	C6_dcDNA_6h	0.0239433557429262	0.00110687077296559	0.0462287235277202
UL29-28-27	E/L	8h	8	C6	C6_dcDNA_8h	0.0210135664096788	0.000208686471152417	0.00993103536467265
UL29-28-27	E/L			C6	C6_dRNA	0.031390134529148		
UL29-28-27	E/L	1h	1	NRK	NRK_dcDNA_1h	0.0147959020381294	0.00926145915074224	0.62594758514048
UL29-28-27	E/L	2h	2	NRK	NRK_dcDNA_2h	0.0101659620121331	0.00761647078348907	0.749212988834586
UL29-28-27	E/L	0.5h	0.5	PC-12	PC-12_dcDNA_0.5h	0	0	
UL29-28-27	E/L	1.5h	1.5	PC-12	PC-12_dcDNA_1.5h	0.0106134562656302	0.00588839811470383	0.554804953950051
UL29-28-27	E/L	12h	12	PC-12	PC-12_dcDNA_12h	0.0233048151288501	0.00302390027962979	0.129754313128464
UL29-28-27	E/L	1h	1	PC-12	PC-12_dcDNA_1h	0.0154382402913018	0.00442541981774876	0.286653124594914
UL29-28-27	E/L	2.5h	2.5	PC-12	PC-12_dcDNA_2.5h	0.0175001679952175	0.00124486652360302	0.0711345470479612
UL29-28-27	E/L	2h	2	PC-12	PC-12_dcDNA_2h	0.0198511440726868	0.002023314057956	0.101924304742712
UL29-28-27	E/L	4h	4	PC-12	PC-12_dcDNA_4h	0.0159548313318077	0.00118532558140218	0.0742925798932829
UL29-28-27	E/L	6h	6	PC-12	PC-12_dcDNA_6h	0.0160536677892417	0.00144257184255108	0.0898593306831613
UL29-28-27	E/L	8h	8	PC-12	PC-12_dcDNA_8h	0.0255952432855115	0.00898888506310497	0.351193577761116
UL29-28-27	E/L			PC-12	PC-12_dRNA	0.0332440782698249		
UL29-28-27	E/L	12h	12	PK-15	PK-15_dcDNA_12h	0.0243713623162178	0.00768183748781379	0.315199347009911
UL29-28-27	E/L	1h	1	PK-15	PK-15_dcDNA_1h	0.004455097776491	0.0043754790674199	0.982128628132196
UL29-28-27	E/L	2h	2	PK-15	PK-15_dcDNA_2h	0.0108731164280068	0.00662545233694946	0.609342535860624
UL29-28-27	E/L	4h	4	PK-15	PK-15_dcDNA_4h	0.0106539406525443	0.000681304508612132	0.0639485924346152
UL29-28-27	E/L	6h	6	PK-15	PK-15_dcDNA_6h	0.0145644101316419	0.00330172141559345	0.226697915380747
UL29-28-27	E/L	8h	8	PK-15	PK-15_dcDNA_8h	0.0254295920977153	0.00453076694551985	0.178169076724078
UL29-28-27	E/L			PK-15	PK-15_dRNA	0.0410556718092344		
UL30	E	12h	12	C6	C6_dcDNA_12h	0.000492887179398618	0.000246251315005842	0.499609901207611
UL30	E	1h	1	C6	C6_dcDNA_1h	0.00504617761534123	0.00154949986665785	0.307064075974478
UL30	E	2h	2	C6	C6_dcDNA_2h	0.00188591491978035	0.000257864033912318	0.136731530785255
UL30	E	4h	4	C6	C6_dcDNA_4h	0.00085577037221336	0.000988637221793891	1.15525993174651
UL30	E	6h	6	C6	C6_dcDNA_6h	0.000860534634454053	0.000437557336719043	0.508471500390733
UL30	E	8h	8	C6	C6_dcDNA_8h	0.000804900273400585	0.000144056606721311	0.178974478555826
UL30	E			C6	C6_dRNA	0.00103483959986202		
UL30	E	1h	1	NRK	NRK_dcDNA_1h	0	0	
UL30	E	2h	2	NRK	NRK_dcDNA_2h	0.00276883003260956	0.00284365093405396	1.02702256930299
UL30	E	0.5h	0.5	PC-12	PC-12_dcDNA_0.5h	0	0	
UL30	E	1.5h	1.5	PC-12	PC-12_dcDNA_1.5h	0.00240817740817741	0.00209861675729638	0.871454382957893
UL30	E	12h	12	PC-12	PC-12_dcDNA_12h	0.000419131715309577	6.51529126842271e-05	0.155447345797023
UL30	E	1h	1	PC-12	PC-12_dcDNA_1h	0.00607341681267514	0.00550341138615257	0.906147487632829
UL30	E	2.5h	2.5	PC-12	PC-12_dcDNA_2.5h	0.0011001100110011	0.00190544643296906	1.73205080756888
UL30	E	2h	2	PC-12	PC-12_dcDNA_2h	0.00390382707802264	0.0020696941851598	0.530170559247244
UL30	E	4h	4	PC-12	PC-12_dcDNA_4h	0.000557624040662642	3.7543351731984e-05	0.0673273549816289
UL30	E	6h	6	PC-12	PC-12_dcDNA_6h	0.000807880827362079	0.000100883888169003	0.124874715121552
UL30	E	8h	8	PC-12	PC-12_dcDNA_8h	0.00106205628854465	0.000387843270740664	0.365181464413842
UL30	E			PC-12	PC-12_dRNA	0.000906282183316169		
UL30	E	12h	12	PK-15	PK-15_dcDNA_12h	9.19468980434336e-05	4.89214349696706e-05	0.532061831455817
UL30	E	1h	1	PK-15	PK-15_dcDNA_1h	0.00174164023907154	0.0015384365157253	0.883326235356979
UL30	E	2h	2	PK-15	PK-15_dcDNA_2h	0.00443932807040036	0.00142416968035297	0.320807486576347
UL30	E	4h	4	PK-15	PK-15_dcDNA_4h	0.00070621150440721	4.62770553966768e-05	0.0655286059599404
UL30	E	6h	6	PK-15	PK-15_dcDNA_6h	0.000413137355593709	0.000186705028611658	0.451919987587055
UL30	E	8h	8	PK-15	PK-15_dcDNA_8h	0.000486122338067194	0.000123552365439807	0.254158996130576
UL30	E			PK-15	PK-15_dRNA	0.000413739328310114		
UL32-31	L	12h	12	C6	C6_dcDNA_12h	0.0251749818110379	0.0045974064471985	0.18261806430314
UL32-31	L	1h	1	C6	C6_dcDNA_1h	0.0092747662650182	0.00352488932275977	0.380051553002975
UL32-31	L	2h	2	C6	C6_dcDNA_2h	0.0170644029815249	0.00365431953372843	0.214148689390707
UL32-31	L	4h	4	C6	C6_dcDNA_4h	0.0339067437075502	0.00454861353616331	0.134150703924731
UL32-31	L	6h	6	C6	C6_dcDNA_6h	0.0319251613838653	0.00328513350857892	0.102901077588262
UL32-31	L	8h	8	C6	C6_dcDNA_8h	0.0277199230983627	0.00174844511177631	0.0630753954681634
UL32-31	L			C6	C6_dRNA	0.0389789582614695		
UL32-31	L	1h	1	NRK	NRK_dcDNA_1h	0.0105496175370679	0.00194768404848796	0.1846212947194
UL32-31	L	2h	2	NRK	NRK_dcDNA_2h	0.0166414731030718	0.00648193914493006	0.389505130031644
UL32-31	L	0.5h	0.5	PC-12	PC-12_dcDNA_0.5h	0	0	
UL32-31	L	1.5h	1.5	PC-12	PC-12_dcDNA_1.5h	0.0155857362379102	0.00480912643315545	0.308559464868776
UL32-31	L	12h	12	PC-12	PC-12_dcDNA_12h	0.0351259512095035	0.00272038443185676	0.0774465697919875
UL32-31	L	1h	1	PC-12	PC-12_dcDNA_1h	0.00589124109884104	0.00563787996000465	0.956993588518005
UL32-31	L	2.5h	2.5	PC-12	PC-12_dcDNA_2.5h	0.0178343505076178	0.00504968951568082	0.283144009843469
UL32-31	L	2h	2	PC-12	PC-12_dcDNA_2h	0.0134143626238542	0.00190632013210747	0.142110377180168
UL32-31	L	4h	4	PC-12	PC-12_dcDNA_4h	0.0249105613057977	0.00220096869286927	0.0883548413803514
UL32-31	L	6h	6	PC-12	PC-12_dcDNA_6h	0.0242529611180001	0.00256937953370872	0.105940858982443
UL32-31	L	8h	8	PC-12	PC-12_dcDNA_8h	0.0367809661876294	0.00446033323446876	0.121267429781899
UL32-31	L			PC-12	PC-12_dRNA	0.0348918640576725		
UL32-31	L	12h	12	PK-15	PK-15_dcDNA_12h	0.0290228635014242	0.00835221361817282	0.287780480990891
UL32-31	L	1h	1	PK-15	PK-15_dcDNA_1h	0.000769822940723634	0.00133337244616542	1.73205080756888
UL32-31	L	2h	2	PK-15	PK-15_dcDNA_2h	0.00921812956899128	0.00777938852746152	0.843922670997214
UL32-31	L	4h	4	PK-15	PK-15_dcDNA_4h	0.0268376771741026	0.00282836970745829	0.105388021813884
UL32-31	L	6h	6	PK-15	PK-15_dcDNA_6h	0.0285567207376128	0.00531591446979009	0.186152833115336
UL32-31	L	8h	8	PK-15	PK-15_dcDNA_8h	0.0325695821111563	0.00262748238676214	0.0806728922033708
UL32-31	L			PK-15	PK-15_dRNA	0.0340061901768736		
UL33-34-35	E/L	12h	12	C6	C6_dcDNA_12h	0.0818504627954853	0.0125634937576515	0.153493252555494
UL33-34-35	E/L	1h	1	C6	C6_dcDNA_1h	0.0264489225207111	0.00385488554363914	0.145748301868272
UL33-34-35	E/L	2h	2	C6	C6_dcDNA_2h	0.0254598514170347	0.0034811644578163	0.136731530785255
UL33-34-35	E/L	4h	4	C6	C6_dcDNA_4h	0.0431699963487293	0.00270094987965902	0.0625654414663514
UL33-34-35	E/L	6h	6	C6	C6_dcDNA_6h	0.0434689518157603	0.00376910581266828	0.0867079985881265
UL33-34-35	E/L	8h	8	C6	C6_dcDNA_8h	0.0546594836518648	0.00503002035004379	0.0920246591072979
UL33-34-35	E/L			C6	C6_dRNA	0.0764631482120271		
UL33-34-35	E/L	1h	1	NRK	NRK_dcDNA_1h	0.0361263704266794	0.0118341945525981	0.327577733739299
UL33-34-35	E/L	2h	2	NRK	NRK_dcDNA_2h	0.0222888238052549	0.00633296124669141	0.284131693176125
UL33-34-35	E/L	0.5h	0.5	PC-12	PC-12_dcDNA_0.5h	0	0	
UL33-34-35	E/L	1.5h	1.5	PC-12	PC-12_dcDNA_1.5h	0.029432944650336	0.0124564575861031	0.423214793289834
UL33-34-35	E/L	12h	12	PC-12	PC-12_dcDNA_12h	0.0880756359063297	0.00976639687130194	0.110886475820495
UL33-34-35	E/L	1h	1	PC-12	PC-12_dcDNA_1h	0.0179886465503595	0.00413426923669636	0.229826586737497
UL33-34-35	E/L	2.5h	2.5	PC-12	PC-12_dcDNA_2.5h	0.0299370679568699	0.00830688065161205	0.277478097173033
UL33-34-35	E/L	2h	2	PC-12	PC-12_dcDNA_2h	0.0340501982371941	0.00595981249073556	0.175030184823578
UL33-34-35	E/L	4h	4	PC-12	PC-12_dcDNA_4h	0.0507701156023941	0.0021740188055977	0.0428208362301854
UL33-34-35	E/L	6h	6	PC-12	PC-12_dcDNA_6h	0.0559921781288426	0.00244786319136913	0.0437179490631065
UL33-34-35	E/L	8h	8	PC-12	PC-12_dcDNA_8h	0.0711690402935105	0.000415199774632744	0.00583399428909544
UL33-34-35	E/L			PC-12	PC-12_dRNA	0.0758805355303811		
UL33-34-35	E/L	12h	12	PK-15	PK-15_dcDNA_12h	0.0796289194253582	0.0043641503214774	0.0548060974953733
UL33-34-35	E/L	1h	1	PK-15	PK-15_dcDNA_1h	0.0193599703226068	0.00169017212974988	0.0873024132571245
UL33-34-35	E/L	2h	2	PK-15	PK-15_dcDNA_2h	0.0251478815806725	0.0128728272515854	0.511885154631828
UL33-34-35	E/L	4h	4	PK-15	PK-15_dcDNA_4h	0.0419815522076402	0.00350869376642314	0.0835770375775812
UL33-34-35	E/L	6h	6	PK-15	PK-15_dcDNA_6h	0.0556499777898293	0.00824519856863374	0.148161758478557
UL33-34-35	E/L	8h	8	PK-15	PK-15_dcDNA_8h	0.0655787794678659	0.00388639390855184	0.0592629801909657
UL33-34-35	E/L			PK-15	PK-15_dRNA	0.0669302928797053		
UL37-36	L	12h	12	C6	C6_dcDNA_12h	0.0196397295287717	0.0015391289791587	0.0783681352079683
UL37-36	L	1h	1	C6	C6_dcDNA_1h	0.0346213062664551	0.0150142507307489	0.433670833075883
UL37-36	L	2h	2	C6	C6_dcDNA_2h	0.0114066582221839	0.00288072743199148	0.252547887021722
UL37-36	L	4h	4	C6	C6_dcDNA_4h	0.00979869985790593	0.00246936332096315	0.25200928253464
UL37-36	L	6h	6	C6	C6_dcDNA_6h	0.011878475611978	0.00201041015705828	0.169248161357593
UL37-36	L	8h	8	C6	C6_dcDNA_8h	0.0146723828685309	0.000754723836002409	0.051438395710156
UL37-36	L			C6	C6_dRNA	0.0275957226629872		
UL37-36	L	1h	1	NRK	NRK_dcDNA_1h	0.0243995651071391	0.00591661388860657	0.242488497750947
UL37-36	L	2h	2	NRK	NRK_dcDNA_2h	0.0213387100092557	0.00484597857389674	0.227098009757609
UL37-36	L	0.5h	0.5	PC-12	PC-12_dcDNA_0.5h	0.0607142857142857	0.0625764838140544	1.03067149811384
UL37-36	L	1.5h	1.5	PC-12	PC-12_dcDNA_1.5h	0.0245834463225768	0.0105662420853421	0.429811261883096
UL37-36	L	12h	12	PC-12	PC-12_dcDNA_12h	0.0180138493691697	0.000916056420314364	0.0508528966541806
UL37-36	L	1h	1	PC-12	PC-12_dcDNA_1h	0.0525862802588664	0.0084067460678402	0.159865767771676
UL37-36	L	2.5h	2.5	PC-12	PC-12_dcDNA_2.5h	0.0204598679846205	0.0113512611741236	0.554806178742513
UL37-36	L	2h	2	PC-12	PC-12_dcDNA_2h	0.0212189017533386	0.00354659706381761	0.167143290687021
UL37-36	L	4h	4	PC-12	PC-12_dcDNA_4h	0.0133910951314167	0.000967255125809876	0.0722312190539674
UL37-36	L	6h	6	PC-12	PC-12_dcDNA_6h	0.0170896223009756	0.00146576821161801	0.0857694913207259
UL37-36	L	8h	8	PC-12	PC-12_dcDNA_8h	0.0173564748949552	0.000797177439237082	0.0459296858412643
UL37-36	L			PC-12	PC-12_dRNA	0.0357569515962925		
UL37-36	L	12h	12	PK-15	PK-15_dcDNA_12h	0.0105286848112231	0.00113855392892714	0.108138285962697
UL37-36	L	1h	1	PK-15	PK-15_dcDNA_1h	0.0447718827054098	0.0108748541015438	0.242894724197734
UL37-36	L	2h	2	PK-15	PK-15_dcDNA_2h	0.0308197225765219	0.0141171877837208	0.458056938983452
UL37-36	L	4h	4	PK-15	PK-15_dcDNA_4h	0.00746586581859584	0.00118783999516675	0.159102778435704
UL37-36	L	6h	6	PK-15	PK-15_dcDNA_6h	0.0108091029303766	0.00271310794441393	0.251002137910015
UL37-36	L	8h	8	PK-15	PK-15_dcDNA_8h	0.0106957142473868	0.00150834966185872	0.141023743433239
UL37-36	L			PK-15	PK-15_dRNA	0.0213791841378707		
UL38-39-40	E	12h	12	C6	C6_dcDNA_12h	0.0374213575774767	0.00230482941974212	0.0615912828648782
UL38-39-40	E	1h	1	C6	C6_dcDNA_1h	0.0757247805786244	0.0189161257284957	0.24980099755925
UL38-39-40	E	2h	2	C6	C6_dcDNA_2h	0.0763808755366622	0.0100330286431392	0.131355245310371
UL38-39-40	E	4h	4	C6	C6_dcDNA_4h	0.0573756107398214	0.0114252355492459	0.199130526053228
UL38-39-40	E	6h	6	C6	C6_dcDNA_6h	0.0411715571087206	0.00277327383097135	0.0673589736634941
UL38-39-40	E	8h	8	C6	C6_dcDNA_8h	0.0527094813041504	0.00283044378484536	0.053698949692045
UL38-39-40	E			C6	C6_dRNA	0.0351845463953087		
UL38-39-40	E	1h	1	NRK	NRK_dcDNA_1h	0.0480722887231054	0.0312481432245954	0.650024037852317
UL38-39-40	E	2h	2	NRK	NRK_dcDNA_2h	0.0956672653156669	0.0174325199505738	0.182220322626061
UL38-39-40	E	0.5h	0.5	PC-12	PC-12_dcDNA_0.5h	0.0351648351648352	0.0388830901383607	1.10573787580963
UL38-39-40	E	1.5h	1.5	PC-12	PC-12_dcDNA_1.5h	0.078097411793064	0.0111546973964278	0.142830564295583
UL38-39-40	E	12h	12	PC-12	PC-12_dcDNA_12h	0.0313506689147888	0.00137144136300401	0.0437452025898265
UL38-39-40	E	1h	1	PC-12	PC-12_dcDNA_1h	0.0608122905875508	0.0165907533370594	0.27281908273417
UL38-39-40	E	2.5h	2.5	PC-12	PC-12_dcDNA_2.5h	0.06994358519111	0.00485557780449555	0.0694213456634864
UL38-39-40	E	2h	2	PC-12	PC-12_dcDNA_2h	0.0686422998613598	0.00438553435038575	0.0638896767626293
UL38-39-40	E	4h	4	PC-12	PC-12_dcDNA_4h	0.0400012397422027	0.00305526993791705	0.0763793811793697
UL38-39-40	E	6h	6	PC-12	PC-12_dcDNA_6h	0.0326008995297713	0.00217284533109146	0.0666498582073545
UL38-39-40	E	8h	8	PC-12	PC-12_dcDNA_8h	0.0468362704940632	0.00460744554970684	0.098373450770186
UL38-39-40	E			PC-12	PC-12_dRNA	0.032832131822863		
UL38-39-40	E	12h	12	PK-15	PK-15_dcDNA_12h	0.0106865435979436	0.00303195813267643	0.283717378298056
UL38-39-40	E	1h	1	PK-15	PK-15_dcDNA_1h	0.04009574665881	0.00341678654057159	0.0852156855849656
UL38-39-40	E	2h	2	PK-15	PK-15_dcDNA_2h	0.0638520454988017	0.0239925065131897	0.375751572651498
UL38-39-40	E	4h	4	PK-15	PK-15_dcDNA_4h	0.0532260864103422	0.0027564038113888	0.0517867083095032
UL38-39-40	E	6h	6	PK-15	PK-15_dcDNA_6h	0.0284915255589056	0.000448314011501745	0.0157349949750801
UL38-39-40	E	8h	8	PK-15	PK-15_dcDNA_8h	0.0265113737412498	0.00148035982029922	0.0558386688953764
UL38-39-40	E			PK-15	PK-15_dRNA	0.0193502701240422		
UL41	L	12h	12	C6	C6_dcDNA_12h	0.000131136284465524	1.31101879390921e-05	0.099973763878744
UL41	L	1h	1	C6	C6_dcDNA_1h	0.00288184438040346	0.00499150088636564	1.73205080756888
UL41	L	2h	2	C6	C6_dcDNA_2h	0	0	
UL41	L	4h	4	C6	C6_dcDNA_4h	0.000215331610680448	0.000372965290174177	1.73205080756888
UL41	L	6h	6	C6	C6_dcDNA_6h	0.000375339289631268	0.00027137160462609	0.72300345879773
UL41	L	8h	8	C6	C6_dcDNA_8h	0.000255201813913005	0.000140866682422129	0.551981509309132
UL41	L			C6	C6_dRNA	0.00034494653328734		
UL41	L	1h	1	NRK	NRK_dcDNA_1h	0	0	
UL41	L	2h	2	NRK	NRK_dcDNA_2h	0	0	
UL41	L	0.5h	0.5	PC-12	PC-12_dcDNA_0.5h	0	0	
UL41	L	1.5h	1.5	PC-12	PC-12_dcDNA_1.5h	0	0	
UL41	L	12h	12	PC-12	PC-12_dcDNA_12h	7.99285786574349e-05	1.32120732422501e-06	0.0165298488527809
UL41	L	1h	1	PC-12	PC-12_dcDNA_1h	0.000955109837631328	0.00165429876558632	1.73205080756888
UL41	L	2.5h	2.5	PC-12	PC-12_dcDNA_2.5h	0	0	
UL41	L	2h	2	PC-12	PC-12_dcDNA_2h	0	0	
UL41	L	4h	4	PC-12	PC-12_dcDNA_4h	0.000164998020512818	0.000143317900112091	0.86860375455812
UL41	L	6h	6	PC-12	PC-12_dcDNA_6h	0.000230189140747632	1.60312289777493e-05	0.0696437239640471
UL41	L	8h	8	PC-12	PC-12_dcDNA_8h	0.00014965581586452	6.41060143993955e-06	0.04283563189915
UL41	L			PC-12	PC-12_dRNA	0.000205973223480947		
UL41	L	12h	12	PK-15	PK-15_dcDNA_12h	9.57929582876742e-05	2.09769542791969e-05	0.218982215959981
UL41	L	1h	1	PK-15	PK-15_dcDNA_1h	0.000971817298347911	0.0016832369364129	1.73205080756888
UL41	L	2h	2	PK-15	PK-15_dcDNA_2h	7.87742723226594e-05	0.000136441041992113	1.73205080756888
UL41	L	4h	4	PK-15	PK-15_dcDNA_4h	0.000228454125140737	0.00019989515752035	0.874990361400592
UL41	L	6h	6	PK-15	PK-15_dcDNA_6h	0.000207403983893236	6.44804536879647e-05	0.310893033381445
UL41	L	8h	8	PK-15	PK-15_dcDNA_8h	0.000137177474278691	2.55050805253642e-05	0.185927614278331
UL41	L			PK-15	PK-15_dRNA	0.000103434832077528		
UL42-43-44	L	12h	12	C6	C6_dcDNA_12h	0.021442499900079	0.00142073803699758	0.0662580409755462
UL42-43-44	L	1h	1	C6	C6_dcDNA_1h	0.00306775111703881	0.000193462409702586	0.0630632676256111
UL42-43-44	L	2h	2	C6	C6_dcDNA_2h	0.00900368022070754	0.0018916257753423	0.210094731151352
UL42-43-44	L	4h	4	C6	C6_dcDNA_4h	0.0176301653735456	0.00482467501992679	0.273660224830693
UL42-43-44	L	6h	6	C6	C6_dcDNA_6h	0.0163030601486263	0.00142052470560507	0.0871323967804149
UL42-43-44	L	8h	8	C6	C6_dcDNA_8h	0.0123666538183736	0.000381951012360531	0.0308855586943861
UL42-43-44	L			C6	C6_dRNA	0.0186271127975164		
UL42-43-44	L	1h	1	NRK	NRK_dcDNA_1h	0.00212314225053079	0.00367739024961545	1.73205080756888
UL42-43-44	L	2h	2	NRK	NRK_dcDNA_2h	0.00238109440865346	0.00265836278054088	1.11644577001221
UL42-43-44	L	0.5h	0.5	PC-12	PC-12_dcDNA_0.5h	0	0	
UL42-43-44	L	1.5h	1.5	PC-12	PC-12_dcDNA_1.5h	0.00402467685076381	0.00438370482229078	1.08920665803488
UL42-43-44	L	12h	12	PC-12	PC-12_dcDNA_12h	0.0243697236078374	0.00181853928818562	0.0746228934496727
UL42-43-44	L	1h	1	PC-12	PC-12_dcDNA_1h	0.00253443940060598	0.00292208453277642	1.1529510360665
UL42-43-44	L	2.5h	2.5	PC-12	PC-12_dcDNA_2.5h	0.00547910330088548	0.00193631500568377	0.353399981593858
UL42-43-44	L	2h	2	PC-12	PC-12_dcDNA_2h	0.00608045687776255	0.00264670632987298	0.435280832194126
UL42-43-44	L	4h	4	PC-12	PC-12_dcDNA_4h	0.0113859204482158	0.00218738243986992	0.192112921376743
UL42-43-44	L	6h	6	PC-12	PC-12_dcDNA_6h	0.0153928208536758	0.00113205858475646	0.0735445826023581
UL42-43-44	L	8h	8	PC-12	PC-12_dcDNA_8h	0.0202169334044805	0.00736393133540709	0.364245713634051
UL42-43-44	L			PC-12	PC-12_dRNA	0.0237693099897013		
UL42-43-44	L	12h	12	PK-15	PK-15_dcDNA_12h	0.041362226346362	0.0136821734496769	0.330789095710279
UL42-43-44	L	1h	1	PK-15	PK-15_dcDNA_1h	0.000971817298347911	0.0016832369364129	1.73205080756888
UL42-43-44	L	2h	2	PK-15	PK-15_dcDNA_2h	0.00829822670492379	0.0110499534907292	1.33160419492669
UL42-43-44	L	4h	4	PK-15	PK-15_dcDNA_4h	0.00650041053353966	0.00100842686558594	0.155132796672277
UL42-43-44	L	6h	6	PK-15	PK-15_dcDNA_6h	0.0123259711954172	0.0017832476028042	0.144674003738319
UL42-43-44	L	8h	8	PK-15	PK-15_dcDNA_8h	0.0217534593576323	0.00391203339396066	0.179835001396598
UL42-43-44	L			PK-15	PK-15_dRNA	0.0255643165742384		
UL48-47-46	L	12h	12	C6	C6_dcDNA_12h	0.0623782693917958	0.00247807687130397	0.039726605041561
UL48-47-46	L	1h	1	C6	C6_dcDNA_1h	0.0329360558756407	0.0101658749590389	0.308654897763807
UL48-47-46	L	2h	2	C6	C6_dcDNA_2h	0.0173691795169028	0.00555155104893839	0.31962079979287
UL48-47-46	L	4h	4	C6	C6_dcDNA_4h	0.0281897018051559	0.00263508751853744	0.0934769561150689
UL48-47-46	L	6h	6	C6	C6_dcDNA_6h	0.031359085628516	0.00326276569094003	0.104045306983475
UL48-47-46	L	8h	8	C6	C6_dcDNA_8h	0.0363348134033596	0.00111839135447061	0.0307801595691474
UL48-47-46	L			C6	C6_dRNA	0.0381740830171324		
UL48-47-46	L	1h	1	NRK	NRK_dcDNA_1h	0.0177989050411325	0.00779066975782473	0.437705001505477
UL48-47-46	L	2h	2	NRK	NRK_dcDNA_2h	0.01994418840031	0.0122540218660858	0.614415669373405
UL48-47-46	L	0.5h	0.5	PC-12	PC-12_dcDNA_0.5h	0.019047619047619	0.0329914439536929	1.73205080756888
UL48-47-46	L	1.5h	1.5	PC-12	PC-12_dcDNA_1.5h	0.01285440959354	0.00262984237990514	0.2045867887411
UL48-47-46	L	12h	12	PC-12	PC-12_dcDNA_12h	0.0486178493775373	0.00294406568212465	0.0605552429780015
UL48-47-46	L	1h	1	PC-12	PC-12_dcDNA_1h	0.0294083049188502	0.00446489949658806	0.151824442412053
UL48-47-46	L	2.5h	2.5	PC-12	PC-12_dcDNA_2.5h	0.0112630920551713	0.00525414016042902	0.466491806574259
UL48-47-46	L	2h	2	PC-12	PC-12_dcDNA_2h	0.0181858413954374	0.00424076587711878	0.233190523600559
UL48-47-46	L	4h	4	PC-12	PC-12_dcDNA_4h	0.0225149605914722	0.00069792013897303	0.0309980617615371
UL48-47-46	L	6h	6	PC-12	PC-12_dcDNA_6h	0.0273441175353205	0.0029351725371764	0.107342009972895
UL48-47-46	L	8h	8	PC-12	PC-12_dcDNA_8h	0.034610290451854	0.00256330378681339	0.0740618975844532
UL48-47-46	L			PC-12	PC-12_dRNA	0.0517816683831102		
UL48-47-46	L	12h	12	PK-15	PK-15_dcDNA_12h	0.0533478951465975	0.00722081572943153	0.135353338863493
UL48-47-46	L	1h	1	PK-15	PK-15_dcDNA_1h	0.0103583662118594	0.00492228601975453	0.475199072815071
UL48-47-46	L	2h	2	PK-15	PK-15_dcDNA_2h	0.032183289682903	0.00140236395276229	0.0435742886006858
UL48-47-46	L	4h	4	PK-15	PK-15_dcDNA_4h	0.0328970482047278	0.00391464333111377	0.118996795905572
UL48-47-46	L	6h	6	PK-15	PK-15_dcDNA_6h	0.0325661914775178	0.00792390827759611	0.243317008163709
UL48-47-46	L	8h	8	PK-15	PK-15_dcDNA_8h	0.0366743748234394	0.00438768769713584	0.119639059104876
UL48-47-46	L			PK-15	PK-15_dRNA	0.046792326726765		
UL49.5-49	L	12h	12	C6	C6_dcDNA_12h	0.0386556007306665	0.0017381982850297	0.0449662727308424
UL49.5-49	L	1h	1	C6	C6_dcDNA_1h	0.0355449065009749	0.00829054952027296	0.233241562192478
UL49.5-49	L	2h	2	C6	C6_dcDNA_2h	0.0395130446118856	0.00408160148364112	0.103297569795808
UL49.5-49	L	4h	4	C6	C6_dcDNA_4h	0.0262994711057134	0.00516606940207507	0.196432444641549
UL49.5-49	L	6h	6	C6	C6_dcDNA_6h	0.02772791693314	0.00260842801314777	0.0940722672906673
UL49.5-49	L	8h	8	C6	C6_dcDNA_8h	0.0321888202691233	0.00212078250247481	0.0658856859227345
UL49.5-49	L			C6	C6_dRNA	0.0482925146602277		
UL49.5-49	L	1h	1	NRK	NRK_dcDNA_1h	0.0222764228566083	0.00645463965685524	0.289752070985692
UL49.5-49	L	2h	2	NRK	NRK_dcDNA_2h	0.022532401312612	0.00522087426857144	0.231705187393817
UL49.5-49	L	0.5h	0.5	PC-12	PC-12_dcDNA_0.5h	0.019047619047619	0.0329914439536929	1.73205080756888
UL49.5-49	L	1.5h	1.5	PC-12	PC-12_dcDNA_1.5h	0.0260545662719576	0.0120543483618211	0.462657801937589
UL49.5-49	L	12h	12	PC-12	PC-12_dcDNA_12h	0.0366166202382871	0.00436783951194003	0.119285709153815
UL49.5-49	L	1h	1	PC-12	PC-12_dcDNA_1h	0.0226314481985139	0.00786329498790641	0.34744992538404
UL49.5-49	L	2.5h	2.5	PC-12	PC-12_dcDNA_2.5h	0.034966307837595	0.00945553206968212	0.27041837284049
UL49.5-49	L	2h	2	PC-12	PC-12_dcDNA_2h	0.026643312064731	0.00157079072969532	0.0589562861358609
UL49.5-49	L	4h	4	PC-12	PC-12_dcDNA_4h	0.0308040109188044	0.00288540335674607	0.0936697290606614
UL49.5-49	L	6h	6	PC-12	PC-12_dcDNA_6h	0.0298669621556022	0.00117444988933049	0.0393227099298481
UL49.5-49	L	8h	8	PC-12	PC-12_dcDNA_8h	0.0332149584815461	0.000853879554304474	0.0257076809166834
UL49.5-49	L			PC-12	PC-12_dRNA	0.0520288362512873		
UL49.5-49	L	12h	12	PK-15	PK-15_dcDNA_12h	0.0406394026156054	0.00365035862796259	0.0898231369808784
UL49.5-49	L	1h	1	PK-15	PK-15_dcDNA_1h	0.0209910914266239	0.00645085419850481	0.307313901283042
UL49.5-49	L	2h	2	PK-15	PK-15_dcDNA_2h	0.0408712469431477	0.00151008744759062	0.0369474278504682
UL49.5-49	L	4h	4	PK-15	PK-15_dcDNA_4h	0.037888652431333	0.0019457111965298	0.051353401920432
UL49.5-49	L	6h	6	PK-15	PK-15_dcDNA_6h	0.0285239091107285	0.00371141080456788	0.130115784276284
UL49.5-49	L	8h	8	PK-15	PK-15_dcDNA_8h	0.0327386468249345	0.00233014666403796	0.0711741898343602
UL49.5-49	L			PK-15	PK-15_dRNA	0.055998026781665		
UL5-4	E/L	12h	12	C6	C6_dcDNA_12h	0.0040642417509199	0.000464121940759403	0.114196440370299
UL5-4	E/L	1h	1	C6	C6_dcDNA_1h	0.00660865162954403	0.00225140984349153	0.340676127249103
UL5-4	E/L	2h	2	C6	C6_dcDNA_2h	0.00924723719189823	0.00137776628747355	0.148992208038164
UL5-4	E/L	4h	4	C6	C6_dcDNA_4h	0.00694890368461862	0.00466590350022496	0.67145893971058
UL5-4	E/L	6h	6	C6	C6_dcDNA_6h	0.00654011941783338	0.000640228431987683	0.097892468177558
UL5-4	E/L	8h	8	C6	C6_dcDNA_8h	0.00565922377232885	0.000292867989887938	0.0517505583221387
UL5-4	E/L			C6	C6_dRNA	0.00494423364378521		
UL5-4	E/L	1h	1	NRK	NRK_dcDNA_1h	0.0063033330360063	0.00547703506363946	0.868910944789557
UL5-4	E/L	2h	2	NRK	NRK_dcDNA_2h	0.00581371352813763	0.00406964441778434	0.700007731390234
UL5-4	E/L	0.5h	0.5	PC-12	PC-12_dcDNA_0.5h	0	0	
UL5-4	E/L	1.5h	1.5	PC-12	PC-12_dcDNA_1.5h	0.00513950405254753	0.00226330776349493	0.44037474051082
UL5-4	E/L	12h	12	PC-12	PC-12_dcDNA_12h	0.00317706289474228	0.000311565579283735	0.0980671738665749
UL5-4	E/L	1h	1	PC-12	PC-12_dcDNA_1h	0.00688391143570506	0.00153831733003225	0.223465589933857
UL5-4	E/L	2.5h	2.5	PC-12	PC-12_dcDNA_2.5h	0.00656099032336656	0.00220358267324025	0.335861289932456
UL5-4	E/L	2h	2	PC-12	PC-12_dcDNA_2h	0.00498465657348569	0.00144413385565759	0.289715817803619
UL5-4	E/L	4h	4	PC-12	PC-12_dcDNA_4h	0.00544802408637612	0.000873076290354599	0.160255585605413
UL5-4	E/L	6h	6	PC-12	PC-12_dcDNA_6h	0.00488893160950032	0.000254979190851369	0.0521543787513585
UL5-4	E/L	8h	8	PC-12	PC-12_dcDNA_8h	0.00459153377192451	7.24956771261803e-05	0.0157889891977848
UL5-4	E/L			PC-12	PC-12_dRNA	0.00358393408856849		
UL5-4	E/L	12h	12	PK-15	PK-15_dcDNA_12h	0.00130452903066596	1.68302032132226e-05	0.0129013634940962
UL5-4	E/L	1h	1	PK-15	PK-15_dcDNA_1h	0.000971817298347911	0.0016832369364129	1.73205080756888
UL5-4	E/L	2h	2	PK-15	PK-15_dcDNA_2h	0.00212108212365365	0.000876976900113576	0.413457305746817
UL5-4	E/L	4h	4	PK-15	PK-15_dcDNA_4h	0.00349270964127647	0.000499138502255124	0.142908673643053
UL5-4	E/L	6h	6	PK-15	PK-15_dcDNA_6h	0.00245625793123813	7.80988775103641e-05	0.031795877996818
UL5-4	E/L	8h	8	PK-15	PK-15_dcDNA_8h	0.00227807820457389	0.000107450665548674	0.0471672418150245
UL5-4	E/L			PK-15	PK-15_dRNA	0.00175043561977356		
UL50	L	12h	12	C6	C6_dcDNA_12h	0.00386766340590644	0.000549809730371767	0.142155527167161
UL50	L	1h	1	C6	C6_dcDNA_1h	0.0166139869405658	0.00726702608278699	0.437404104672994
UL50	L	2h	2	C6	C6_dcDNA_2h	0.0189503179013053	0.00391218356764075	0.206444218403919
UL50	L	4h	4	C6	C6_dcDNA_4h	0.0114956156792615	0.00206303461416719	0.179462733595816
UL50	L	6h	6	C6	C6_dcDNA_6h	0.0102311717949966	0.00107832767806985	0.105396302562057
UL50	L	8h	8	C6	C6_dcDNA_8h	0.00805303463710068	0.000494525928054354	0.0614086428706083
UL50	L			C6	C6_dRNA	0.00459928711049787		
UL50	L	1h	1	NRK	NRK_dcDNA_1h	0.0325287133636758	0.00322107800011703	0.0990226070150671
UL50	L	2h	2	NRK	NRK_dcDNA_2h	0.0352782965149144	0.00906596405263658	0.256984178609753
UL50	L	0.5h	0.5	PC-12	PC-12_dcDNA_0.5h	0	0	
UL50	L	1.5h	1.5	PC-12	PC-12_dcDNA_1.5h	0.0197776371689415	0.00927665442096796	0.469047659319783
UL50	L	12h	12	PC-12	PC-12_dcDNA_12h	0.00293537627774298	7.92692558015828e-05	0.0270048022131368
UL50	L	1h	1	PC-12	PC-12_dcDNA_1h	0.0174971743650184	0.00973443289139805	0.556343137944595
UL50	L	2.5h	2.5	PC-12	PC-12_dcDNA_2.5h	0.0138711924850539	0.0039439833873488	0.284329079248119
UL50	L	2h	2	PC-12	PC-12_dcDNA_2h	0.0155610508059665	0.00773334550062582	0.496968077352506
UL50	L	4h	4	PC-12	PC-12_dcDNA_4h	0.0103819014456217	0.00106371892847989	0.102458969973028
UL50	L	6h	6	PC-12	PC-12_dcDNA_6h	0.00657808458173744	0.000176398872117464	0.0268161453270448
UL50	L	8h	8	PC-12	PC-12_dcDNA_8h	0.00464739642070236	0.000200333492559819	0.0431066073183279
UL50	L			PC-12	PC-12_dRNA	0.00329557157569516		
UL50	L	12h	12	PK-15	PK-15_dcDNA_12h	0.00161916651407572	0.000101010949925959	0.0623845349121614
UL50	L	1h	1	PK-15	PK-15_dcDNA_1h	0.00368527483576737	0.00453258381974265	1.22991744760845
UL50	L	2h	2	PK-15	PK-15_dcDNA_2h	0.0151759294779854	0.00276710685978921	0.182335247656708
UL50	L	4h	4	PK-15	PK-15_dcDNA_4h	0.0120455881674714	0.00269693011527116	0.223893601356396
UL50	L	6h	6	PK-15	PK-15_dcDNA_6h	0.00572396293796687	0.000547396958212936	0.0956325126744041
UL50	L	8h	8	PK-15	PK-15_dcDNA_8h	0.00335709543057333	0.000264370570098081	0.0787497929580547
UL50	L			PK-15	PK-15_dRNA	0.00342130598410286		
UL51	L	12h	12	C6	C6_dcDNA_12h	0.00208712958551093	0.000312029777624876	0.149501870794712
UL51	L	1h	1	C6	C6_dcDNA_1h	0.00604254886575994	0.00225998572318692	0.374011989541882
UL51	L	2h	2	C6	C6_dcDNA_2h	0.00538423864883577	0.00322703758381575	0.599348913427813
UL51	L	4h	4	C6	C6_dcDNA_4h	0.0043760364974701	0.00181817327580351	0.415484029179061
UL51	L	6h	6	C6	C6_dcDNA_6h	0.00458196946581299	0.00111596697954643	0.243556179907546
UL51	L	8h	8	C6	C6_dcDNA_8h	0.00367326017573277	0.000620400579144329	0.168896443340164
UL51	L			C6	C6_dRNA	0.00321950097734851		
UL51	L	1h	1	NRK	NRK_dcDNA_1h	0	0	
UL51	L	2h	2	NRK	NRK_dcDNA_2h	0.00427503380259286	0.00388071974467949	0.907763522788005
UL51	L	0.5h	0.5	PC-12	PC-12_dcDNA_0.5h	0	0	
UL51	L	1.5h	1.5	PC-12	PC-12_dcDNA_1.5h	0.00482765374069722	0.00508457638204339	1.05321894550562
UL51	L	12h	12	PC-12	PC-12_dcDNA_12h	0.00152599148952733	0.000250492939273566	0.164150941202926
UL51	L	1h	1	PC-12	PC-12_dcDNA_1h	0.00568899934270278	0.00285984222661042	0.502696881179765
UL51	L	2.5h	2.5	PC-12	PC-12_dcDNA_2.5h	0.00182083073172182	0.00167643220582901	0.920696348442965
UL51	L	2h	2	PC-12	PC-12_dcDNA_2h	0.00513965912490623	0.00210216103368036	0.409007870481821
UL51	L	4h	4	PC-12	PC-12_dcDNA_4h	0.00639664942758909	0.000285337430653033	0.0446073266767376
UL51	L	6h	6	PC-12	PC-12_dcDNA_6h	0.00449749534290151	0.000594728766625184	0.132235549184916
UL51	L	8h	8	PC-12	PC-12_dcDNA_8h	0.0028005636842454	0.000495929401541824	0.177081994004164
UL51	L			PC-12	PC-12_dRNA	0.0031307929969104		
UL51	L	12h	12	PK-15	PK-15_dcDNA_12h	0.000588961685699904	0.00016453916076761	0.279371586917537
UL51	L	1h	1	PK-15	PK-15_dcDNA_1h	0.00493145113702046	0.00200654506580851	0.406887346149564
UL51	L	2h	2	PK-15	PK-15_dcDNA_2h	0.00205542265892463	0.000503557576925204	0.244989795523933
UL51	L	4h	4	PK-15	PK-15_dcDNA_4h	0.00774704025936259	0.00219262042790292	0.283026853417092
UL51	L	6h	6	PK-15	PK-15_dcDNA_6h	0.00389691379660937	0.000206629469422183	0.0530238748421809
UL51	L	8h	8	PK-15	PK-15_dcDNA_8h	0.00247142743856333	0.000324669637736138	0.131369277798774
UL51	L			PK-15	PK-15_dRNA	0.00298369707915947		
UL52-53-54	E/L	12h	12	C6	C6_dcDNA_12h	0.00779247314723606	0.00178307641249669	0.22882034737959
UL52-53-54	E/L	1h	1	C6	C6_dcDNA_1h	0.0334377701774039	0.00841435190371931	0.251642135796646
UL52-53-54	E/L	2h	2	C6	C6_dcDNA_2h	0.0263116401734231	0.00227655324625489	0.0865226656814192
UL52-53-54	E/L	4h	4	C6	C6_dcDNA_4h	0.0129807126719909	0.00219805467672136	0.169332357341535
UL52-53-54	E/L	6h	6	C6	C6_dcDNA_6h	0.015587691036215	0.000682366783053887	0.0437760012992648
UL52-53-54	E/L	8h	8	C6	C6_dcDNA_8h	0.0149368974489148	0.00121155832077889	0.0811117787293178
UL52-53-54	E/L			C6	C6_dRNA	0.0121881108428194		
UL52-53-54	E/L	1h	1	NRK	NRK_dcDNA_1h	0.021979095826608	0.00438537477941588	0.199524803659436
UL52-53-54	E/L	2h	2	NRK	NRK_dcDNA_2h	0.0306947332938416	0.00202549503576446	0.0659883575587491
UL52-53-54	E/L	0.5h	0.5	PC-12	PC-12_dcDNA_0.5h	0.0511904761904762	0.0654978319213282	1.27949253055618
UL52-53-54	E/L	1.5h	1.5	PC-12	PC-12_dcDNA_1.5h	0.0375824821476995	0.0160576380502323	0.427263904154217
UL52-53-54	E/L	12h	12	PC-12	PC-12_dcDNA_12h	0.00559965788983394	0.000845115985387548	0.150922788858555
UL52-53-54	E/L	1h	1	PC-12	PC-12_dcDNA_1h	0.0341756557393019	0.00776314773120748	0.227154316816221
UL52-53-54	E/L	2.5h	2.5	PC-12	PC-12_dcDNA_2.5h	0.0313736737499114	0.0128303067744636	0.408951367211174
UL52-53-54	E/L	2h	2	PC-12	PC-12_dcDNA_2h	0.0335723967728211	0.000779993382567949	0.0232331753924522
UL52-53-54	E/L	4h	4	PC-12	PC-12_dcDNA_4h	0.0116345280104001	0.00204458125784694	0.175733923715623
UL52-53-54	E/L	6h	6	PC-12	PC-12_dcDNA_6h	0.0115641858182231	0.000782025635095597	0.0676247897939573
UL52-53-54	E/L	8h	8	PC-12	PC-12_dcDNA_8h	0.0124622632765649	0.00105205441339216	0.084419209420052
UL52-53-54	E/L			PC-12	PC-12_dRNA	0.0111637487126674		
UL52-53-54	E/L	12h	12	PK-15	PK-15_dcDNA_12h	0.00288020465318507	0.000199095221147625	0.0691253730624509
UL52-53-54	E/L	1h	1	PK-15	PK-15_dcDNA_1h	0.0210482898288819	0.0104622615097828	0.497059931939307
UL52-53-54	E/L	2h	2	PK-15	PK-15_dcDNA_2h	0.0294526906224641	0.0058297937518406	0.197937561174602
UL52-53-54	E/L	4h	4	PK-15	PK-15_dcDNA_4h	0.017053339308166	0.000873336959440769	0.0512120789752054
UL52-53-54	E/L	6h	6	PK-15	PK-15_dcDNA_6h	0.0106440093476215	0.000404673153449776	0.0380188649064091
UL52-53-54	E/L	8h	8	PK-15	PK-15_dcDNA_8h	0.00776427313539817	0.000150087820874155	0.0193305694244433
UL52-53-54	E/L			PK-15	PK-15_dRNA	0.0106537877039854		
UL7-6	E/L	12h	12	C6	C6_dcDNA_12h	0.00843722659828238	0.000735370622007077	0.0871578608730007
UL7-6	E/L	1h	1	C6	C6_dcDNA_1h	0.00511769052924301	0.00182892284830335	0.357372693376572
UL7-6	E/L	2h	2	C6	C6_dcDNA_2h	0.00727015356861612	0.00296917354990343	0.408405891551011
UL7-6	E/L	4h	4	C6	C6_dcDNA_4h	0.00862485716810038	0.000728584546698193	0.0844749695557757
UL7-6	E/L	6h	6	C6	C6_dcDNA_6h	0.00607010863114289	0.000856052650622214	0.141027566826433
UL7-6	E/L	8h	8	C6	C6_dcDNA_8h	0.0078921540894166	0.000139747993520837	0.0177072054014049
UL7-6	E/L			C6	C6_dRNA	0.0112682534207198		
UL7-6	E/L	1h	1	NRK	NRK_dcDNA_1h	0	0	
UL7-6	E/L	2h	2	NRK	NRK_dcDNA_2h	0.00658719325197628	0.00548592196427641	0.832816308012602
UL7-6	E/L	0.5h	0.5	PC-12	PC-12_dcDNA_0.5h	0	0	
UL7-6	E/L	1.5h	1.5	PC-12	PC-12_dcDNA_1.5h	0	0	
UL7-6	E/L	12h	12	PC-12	PC-12_dcDNA_12h	0.00550921439721218	0.000204987254721641	0.0372080735912857
UL7-6	E/L	1h	1	PC-12	PC-12_dcDNA_1h	0.005159966658129	0.00545884056211084	1.05792167348814
UL7-6	E/L	2.5h	2.5	PC-12	PC-12_dcDNA_2.5h	0.00659028738236659	0.00504644901157596	0.765740356798184
UL7-6	E/L	2h	2	PC-12	PC-12_dcDNA_2h	0.0039228509412557	0.00185591278470174	0.473103060119756
UL7-6	E/L	4h	4	PC-12	PC-12_dcDNA_4h	0.00660397422278245	0.00180598864305527	0.273469971585437
UL7-6	E/L	6h	6	PC-12	PC-12_dcDNA_6h	0.00669958709536658	0.000712175155530197	0.106301350425422
UL7-6	E/L	8h	8	PC-12	PC-12_dcDNA_8h	0.00691129881208937	0.00100759962366144	0.14579019820398
UL7-6	E/L			PC-12	PC-12_dRNA	0.0104222451081359		
UL7-6	E/L	12h	12	PK-15	PK-15_dcDNA_12h	0.00240960815303061	0.000151869435620365	0.063026610957203
UL7-6	E/L	1h	1	PK-15	PK-15_dcDNA_1h	0.000769822940723634	0.00133337244616542	1.73205080756888
UL7-6	E/L	2h	2	PK-15	PK-15_dcDNA_2h	0.00123450095540489	0.000456593338185021	0.369860660039156
UL7-6	E/L	4h	4	PK-15	PK-15_dcDNA_4h	0.00581985043870656	0.00156280207058608	0.268529593164839
UL7-6	E/L	6h	6	PK-15	PK-15_dcDNA_6h	0.00383617146511875	0.000458841818302283	0.119609309040121
UL7-6	E/L	8h	8	PK-15	PK-15_dcDNA_8h	0.00390255588463121	0.000460076193940764	0.117890994400005
UL7-6	E/L			PK-15	PK-15_dRNA	0.00611856814366303		
UL9-8	E	12h	12	C6	C6_dcDNA_12h	0.0044488923634995	0.000616161819379826	0.138497803281344
UL9-8	E	1h	1	C6	C6_dcDNA_1h	0.0105655046261489	0.00524912554638202	0.496817306140854
UL9-8	E	2h	2	C6	C6_dcDNA_2h	0.00985546897709596	0.000687014563780886	0.0697089672117587
UL9-8	E	4h	4	C6	C6_dcDNA_4h	0.00540248236685628	0.00329585847071897	0.610063716438715
UL9-8	E	6h	6	C6	C6_dcDNA_6h	0.00310438341324007	0.000378152261190286	0.121812357190636
UL9-8	E	8h	8	C6	C6_dcDNA_8h	0.0055402580003242	0.000157829802861549	0.0284878074003617
UL9-8	E			C6	C6_dRNA	0.00390939404392319		
UL9-8	E	1h	1	NRK	NRK_dcDNA_1h	0.00930633603900931	0.00902371616423699	0.969631456075983
UL9-8	E	2h	2	NRK	NRK_dcDNA_2h	0.0115280076655173	0.0046320323657562	0.40180684296486
UL9-8	E	0.5h	0.5	PC-12	PC-12_dcDNA_0.5h	0	0	
UL9-8	E	1.5h	1.5	PC-12	PC-12_dcDNA_1.5h	0.0056298773690078	0.00670218870891675	1.19046797463333
UL9-8	E	12h	12	PC-12	PC-12_dcDNA_12h	0.00332953282433294	0.000410427651760613	0.123268840829897
UL9-8	E	1h	1	PC-12	PC-12_dcDNA_1h	0.00879003192711522	0.00539686843731303	0.613975976658848
UL9-8	E	2.5h	2.5	PC-12	PC-12_dcDNA_2.5h	0.00874056953264874	0.00101542728394214	0.116174041079269
UL9-8	E	2h	2	PC-12	PC-12_dcDNA_2h	0.00882407834790467	0.00321852488029091	0.364743461401289
UL9-8	E	4h	4	PC-12	PC-12_dcDNA_4h	0.00405761942978545	0.000808523805626655	0.199260630430638
UL9-8	E	6h	6	PC-12	PC-12_dcDNA_6h	0.00402248591814769	0.000629564967886304	0.156511416247844
UL9-8	E	8h	8	PC-12	PC-12_dcDNA_8h	0.005247819556825	0.000201464922902108	0.0383902153495532
UL9-8	E			PC-12	PC-12_dRNA	0.00436663233779609		
UL9-8	E	12h	12	PK-15	PK-15_dcDNA_12h	0.000727194300584191	0.000192076934987411	0.264134268974752
UL9-8	E	1h	1	PK-15	PK-15_dcDNA_1h	0.00388726919339164	0.00673294774565161	1.73205080756888
UL9-8	E	2h	2	PK-15	PK-15_dcDNA_2h	0.0123459502611906	0.00312045254569427	0.252751102967212
UL9-8	E	4h	4	PK-15	PK-15_dcDNA_4h	0.00616385685930423	0.000430188112644906	0.0697920348353879
UL9-8	E	6h	6	PK-15	PK-15_dcDNA_6h	0.00281702956956162	0.000391144256230979	0.138849893681396
UL9-8	E	8h	8	PK-15	PK-15_dcDNA_8h	0.00249395660241227	0.000185671669512922	0.0744486368902056
UL9-8	E			PK-15	PK-15_dRNA	0.00253017512312723		
US1	E	12h	12	C6	C6_dcDNA_12h	0.0486690959944877	0.00896722639946517	0.184248879421981
US1	E	1h	1	C6	C6_dcDNA_1h	0.0497430740047227	0.00815486391294221	0.163939685596591
US1	E	2h	2	C6	C6_dcDNA_2h	0.0527756686145352	4.98287988236354e-05	0.000944162340937387
US1	E	4h	4	C6	C6_dcDNA_4h	0.0798863817918478	0.0065806864402414	0.0823755725648967
US1	E	6h	6	C6	C6_dcDNA_6h	0.0595493488128689	0.00876287426801617	0.147153150163793
US1	E	8h	8	C6	C6_dcDNA_8h	0.0580645011377069	0.00493368705970036	0.0849690768547125
US1	E			C6	C6_dRNA	0.00137978613314936		
US1	E	1h	1	NRK	NRK_dcDNA_1h	0.0232223773246665	0.00752232995255925	0.323925920563228
US1	E	2h	2	NRK	NRK_dcDNA_2h	0.0470154142081537	0.0108821351782888	0.231458881338571
US1	E	0.5h	0.5	PC-12	PC-12_dcDNA_0.5h	0.0416666666666667	0.0721687836487032	1.73205080756888
US1	E	1.5h	1.5	PC-12	PC-12_dcDNA_1.5h	0.0429231070535418	0.00804452509815839	0.187417119830671
US1	E	12h	12	PC-12	PC-12_dcDNA_12h	0.0270984320858203	0.00475778705067373	0.175574255942406
US1	E	1h	1	PC-12	PC-12_dcDNA_1h	0.0555787305294332	0.0110570966270623	0.198944749578379
US1	E	2.5h	2.5	PC-12	PC-12_dcDNA_2.5h	0.0539372143332539	0.0055280722576161	0.102490874361079
US1	E	2h	2	PC-12	PC-12_dcDNA_2h	0.0644250189500674	0.0120988260774959	0.187797012320214
US1	E	4h	4	PC-12	PC-12_dcDNA_4h	0.0695750288071987	0.00581841530879925	0.0836279252563851
US1	E	6h	6	PC-12	PC-12_dcDNA_6h	0.0596213438086086	0.00387121937123494	0.0649300925464211
US1	E	8h	8	PC-12	PC-12_dcDNA_8h	0.0356192518287177	0.00756159008143076	0.212289413539402
US1	E			PC-12	PC-12_dRNA	0.00181256436663234		
US1	E	12h	12	PK-15	PK-15_dcDNA_12h	0.014809924285816	0.00594954833429169	0.401727126990769
US1	E	1h	1	PK-15	PK-15_dcDNA_1h	0.023117609803655	0.0078516269092132	0.339638352576217
US1	E	2h	2	PK-15	PK-15_dcDNA_2h	0.047932243453473	0.0136914126609828	0.285640973059666
US1	E	4h	4	PK-15	PK-15_dcDNA_4h	0.0679789079826582	0.00595618893418173	0.0876181908615124
US1	E	6h	6	PK-15	PK-15_dcDNA_6h	0.063826878291959	0.0118785500027337	0.18610576485346
US1	E	8h	8	PK-15	PK-15_dcDNA_8h	0.0436253755354374	0.00289377341245831	0.066332343892551
US1	E			PK-15	PK-15_dRNA	0.00158334858334063		
US3-4	L	12h	12	C6	C6_dcDNA_12h	0.0672847066429678	0.00770517467643078	0.114515988266348
US3-4	L	1h	1	C6	C6_dcDNA_1h	0.0760847942533543	0.0118761429410364	0.156090885933004
US3-4	L	2h	2	C6	C6_dcDNA_2h	0.0698700207353747	0.0108745124832733	0.155639176413864
US3-4	L	4h	4	C6	C6_dcDNA_4h	0.0816503855581849	0.00716349367307383	0.0877337397013153
US3-4	L	6h	6	C6	C6_dcDNA_6h	0.0525413932163581	0.00646121738632357	0.122973849584026
US3-4	L	8h	8	C6	C6_dcDNA_8h	0.0614890515237274	0.00151210280899484	0.0245914154068769
US3-4	L			C6	C6_dRNA	0.0489824077268024		
US3-4	L	1h	1	NRK	NRK_dcDNA_1h	0.0705469927264718	0.0162330248678219	0.230102294094397
US3-4	L	2h	2	NRK	NRK_dcDNA_2h	0.0736909539770391	0.00353238833271837	0.0479351690007841
US3-4	L	0.5h	0.5	PC-12	PC-12_dcDNA_0.5h	0.0893772893772894	0.0798904373932049	0.893856123292825
US3-4	L	1.5h	1.5	PC-12	PC-12_dcDNA_1.5h	0.0798585374672331	0.0115234872751091	0.144298751775129
US3-4	L	12h	12	PC-12	PC-12_dcDNA_12h	0.0568902941054764	0.00538493608723361	0.0946547415847379
US3-4	L	1h	1	PC-12	PC-12_dcDNA_1h	0.0742131904459171	0.0010658433549739	0.014361912600303
US3-4	L	2.5h	2.5	PC-12	PC-12_dcDNA_2.5h	0.0852904563795653	0.0220531364683179	0.25856511272698
US3-4	L	2h	2	PC-12	PC-12_dcDNA_2h	0.0973568089792615	0.0105178759876071	0.108034313140313
US3-4	L	4h	4	PC-12	PC-12_dcDNA_4h	0.0660856467799851	0.00269845881150698	0.0408327517848285
US3-4	L	6h	6	PC-12	PC-12_dcDNA_6h	0.0656474271661503	0.00586929251428646	0.0894062839573527
US3-4	L	8h	8	PC-12	PC-12_dcDNA_8h	0.0720947706568864	0.0209776603581994	0.290973397474781
US3-4	L			PC-12	PC-12_dRNA	0.0685478887744593		
US3-4	L	12h	12	PK-15	PK-15_dcDNA_12h	0.0519197793314139	0.0147750184971458	0.284573984855251
US3-4	L	1h	1	PK-15	PK-15_dcDNA_1h	0.0504007254730685	0.0185014241212862	0.367086464482985
US3-4	L	2h	2	PK-15	PK-15_dcDNA_2h	0.0441028313156661	0.00702239743479953	0.159227814299193
US3-4	L	4h	4	PK-15	PK-15_dcDNA_4h	0.0531632611615879	0.0100853872091471	0.189705954615781
US3-4	L	6h	6	PK-15	PK-15_dcDNA_6h	0.0555698871948664	0.00876285466564382	0.157690704588174
US3-4	L	8h	8	PK-15	PK-15_dcDNA_8h	0.0831613952523087	0.0174272613706363	0.209559511570995
US3-4	L			PK-15	PK-15_dRNA	0.0671769451715825		
US6-7	L	12h	12	C6	C6_dcDNA_12h	0.0157739213323608	0.00174907403678324	0.110883907680898
US6-7	L	1h	1	C6	C6_dcDNA_1h	0.0152314862143414	0.0042645836927046	0.27998473902627
US6-7	L	2h	2	C6	C6_dcDNA_2h	0.0114066582221839	0.00288072743199148	0.252547887021722
US6-7	L	4h	4	C6	C6_dcDNA_4h	0.0147435199951534	0.00417147419699386	0.282936110126017
US6-7	L	6h	6	C6	C6_dcDNA_6h	0.0183361609810971	0.00230839781490624	0.125893190907628
US6-7	L	8h	8	C6	C6_dcDNA_8h	0.0154753002692614	0.00182013627505045	0.117615570837471
US6-7	L			C6	C6_dRNA	0.017247326664367		
US6-7	L	1h	1	NRK	NRK_dcDNA_1h	0.00636942675159236	0.0110321707488464	1.73205080756888
US6-7	L	2h	2	NRK	NRK_dcDNA_2h	0.00742960793508497	0.00211098708223047	0.284131693176125
US6-7	L	0.5h	0.5	PC-12	PC-12_dcDNA_0.5h	0	0	
US6-7	L	1.5h	1.5	PC-12	PC-12_dcDNA_1.5h	0.013824610563741	0.00276087484200195	0.199707241608898
US6-7	L	12h	12	PC-12	PC-12_dcDNA_12h	0.0134460492559469	0.0011154046621166	0.0829540812237676
US6-7	L	1h	1	PC-12	PC-12_dcDNA_1h	0.0118951636953802	0.00584894986217834	0.491708227979238
US6-7	L	2.5h	2.5	PC-12	PC-12_dcDNA_2.5h	0.0160507716943361	0.00513441891068031	0.319886109431868
US6-7	L	2h	2	PC-12	PC-12_dcDNA_2h	0.0158974134859451	0.00120505116584839	0.0758017124555374
US6-7	L	4h	4	PC-12	PC-12_dcDNA_4h	0.0180704867694264	0.00110549869851576	0.0611770292976368
US6-7	L	6h	6	PC-12	PC-12_dcDNA_6h	0.0205322531698937	0.000777800898946692	0.0378819067011689
US6-7	L	8h	8	PC-12	PC-12_dcDNA_8h	0.0154882772171159	0.000994595081347628	0.0642159917081361
US6-7	L			PC-12	PC-12_dRNA	0.0190731204943357		
US6-7	L	12h	12	PK-15	PK-15_dcDNA_12h	0.0141478373704412	0.00211845296925641	0.149736875947023
US6-7	L	1h	1	PK-15	PK-15_dcDNA_1h	0.00852525075021793	0.00149857562612963	0.175780826867916
US6-7	L	2h	2	PK-15	PK-15_dcDNA_2h	0.00819494795355998	0.00141769680509163	0.172996437942692
US6-7	L	4h	4	PK-15	PK-15_dcDNA_4h	0.0187116462639587	0.00122387640054146	0.06540720058923
US6-7	L	6h	6	PK-15	PK-15_dcDNA_6h	0.0176270572336813	0.00428835912941704	0.243282759712323
US6-7	L	8h	8	PK-15	PK-15_dcDNA_8h	0.0191987369432383	0.00205153193229613	0.106857651019521
US6-7	L			PK-15	PK-15_dRNA	0.0199788356420518		
US8-9-2	L	12h	12	C6	C6_dcDNA_12h	0.0519363370835628	0.00232113012423344	0.0446918333978552
US8-9-2	L	1h	1	C6	C6_dcDNA_1h	0.05450326706323	0.00771758313673199	0.14159854174941
US8-9-2	L	2h	2	C6	C6_dcDNA_2h	0.0509809223982566	0.00102585039578162	0.0201222407819105
US8-9-2	L	4h	4	C6	C6_dcDNA_4h	0.0507045594340908	0.00726239734130813	0.143229670514114
US8-9-2	L	6h	6	C6	C6_dcDNA_6h	0.0472034912121925	0.00172953038151355	0.0366398827099216
US8-9-2	L	8h	8	C6	C6_dcDNA_8h	0.0496030315305611	0.00281093376903898	0.0566685882355219
US8-9-2	L			C6	C6_dRNA	0.045302978038404		
US8-9-2	L	1h	1	NRK	NRK_dcDNA_1h	0.0755409505488335	0.0166875820273167	0.220907758058048
US8-9-2	L	2h	2	NRK	NRK_dcDNA_2h	0.0381588087085616	0.00609832968699488	0.159814467311361
US8-9-2	L	0.5h	0.5	PC-12	PC-12_dcDNA_0.5h	0.0798534798534799	0.07709034665454	0.965397460398598
US8-9-2	L	1.5h	1.5	PC-12	PC-12_dcDNA_1.5h	0.0527456386152038	0.0203527961696561	0.38586690206059
US8-9-2	L	12h	12	PC-12	PC-12_dcDNA_12h	0.0346748523812107	0.00438837325678685	0.126557806462783
US8-9-2	L	1h	1	PC-12	PC-12_dcDNA_1h	0.056369159110159	0.0051753627181999	0.0918119553297928
US8-9-2	L	2.5h	2.5	PC-12	PC-12_dcDNA_2.5h	0.0554649350688955	0.0155278746294972	0.279958402731551
US8-9-2	L	2h	2	PC-12	PC-12_dcDNA_2h	0.0528844491040923	0.00245225120482011	0.0463699867610108
US8-9-2	L	4h	4	PC-12	PC-12_dcDNA_4h	0.0332141777746364	0.00192956724154777	0.0580946863908599
US8-9-2	L	6h	6	PC-12	PC-12_dcDNA_6h	0.0360975160057276	0.00227351158052479	0.0629824938692196
US8-9-2	L	8h	8	PC-12	PC-12_dcDNA_8h	0.0356500823066586	0.00229916440399603	0.0644925412575163
US8-9-2	L			PC-12	PC-12_dRNA	0.0372399588053553		
US8-9-2	L	12h	12	PK-15	PK-15_dcDNA_12h	0.0227904170465758	0.00151882291878742	0.066643050703437
US8-9-2	L	1h	1	PK-15	PK-15_dcDNA_1h	0.0248782939552111	0.0100484282123068	0.403903428040413
US8-9-2	L	2h	2	PK-15	PK-15_dcDNA_2h	0.0455675469343159	0.0115748577534745	0.254015380072121
US8-9-2	L	4h	4	PK-15	PK-15_dcDNA_4h	0.0328836306885697	0.00320586110184411	0.0974910931279394
US8-9-2	L	6h	6	PK-15	PK-15_dcDNA_6h	0.0238561771078016	0.00515317190552513	0.216009961790564
US8-9-2	L	8h	8	PK-15	PK-15_dcDNA_8h	0.0229065855201725	0.00213562351241953	0.093231857298802
US8-9-2	L			PK-15	PK-15_dRNA	0.0272749695662898		
