gene	Kinetic_class	hpi	Time	cell_line	group	mean	sd	varcoeff	cluster
ORF-1	E	12h	12	C6	C6_12h	10806.072632			cluster_1
ORF-1	E	1h	1	C6	C6_1h	22831.050229			cluster_1
ORF-1	E	2h	2	C6	C6_2h	20335.53635			cluster_1
ORF-1	E	4h	4	C6	C6_4h	29495.178671			cluster_1
ORF-1	E	6h	6	C6	C6_6h	23725.115899			cluster_1
ORF-1	E	8h	8	C6	C6_8h	17130.934513			cluster_1
ORF-1	E	12h	12	NRK	NRK_12h	17789.311049			cluster_1
ORF-1	E	1h	1	NRK	NRK_1h	31578.947367			cluster_1
ORF-1	E	2h	2	NRK	NRK_2h	21241.830065			cluster_1
ORF-1	E	4h	4	NRK	NRK_4h	39248.370967			cluster_1
ORF-1	E	6h	6	NRK	NRK_6h	34085.639201			cluster_1
ORF-1	E	8h	8	NRK	NRK_8h	24748.221221			cluster_1
ORF-1	E	0.5h	0.5	PC_12	PC_12_0.5h	33333.333334			cluster_1
ORF-1	E	1.5h	1.5	PC_12	PC_12_1.5h	28241.335044			cluster_1
ORF-1	E	12h	12	PC_12	PC_12_12h	10250.763599			cluster_1
ORF-1	E	1h	1	PC_12	PC_12_1h	27439.02439			cluster_1
ORF-1	E	2.5h	2.5	PC_12	PC_12_2.5h	25839.79328			cluster_1
ORF-1	E	2h	2	PC_12	PC_12_2h	26143.790847			cluster_1
ORF-1	E	4h	4	PC_12	PC_12_4h	23678.385752			cluster_1
ORF-1	E	6h	6	PC_12	PC_12_6h	21677.578056			cluster_1
ORF-1	E	8h	8	PC_12	PC_12_8h	15795.007771			cluster_1
ORF-1	E	12h	12	PK_15	PK_15_12h	4992.759419			cluster_1
ORF-1	E	1h	1	PK_15	PK_15_1h	11227.54491			cluster_1
ORF-1	E	2h	2	PK_15	PK_15_2h	25301.509658			cluster_1
ORF-1	E	4h	4	PK_15	PK_15_4h	18941.2841			cluster_1
ORF-1	E	6h	6	PK_15	PK_15_6h	12441.577913			cluster_1
ORF-1	E	8h	8	PK_15	PK_15_8h	7543.197528			cluster_1
UL54	E	12h	12	C6	C6_12h	7879.326509			cluster_1
UL54	E	1h	1	C6	C6_1h	33920.417482			cluster_1
UL54	E	2h	2	C6	C6_2h	27961.362481			cluster_1
UL54	E	4h	4	C6	C6_4h	14180.374362			cluster_1
UL54	E	6h	6	C6	C6_6h	18598.309245			cluster_1
UL54	E	8h	8	C6	C6_8h	16716.082823			cluster_1
UL54	E	12h	12	NRK	NRK_12h	8412.363741			cluster_1
UL54	E	1h	1	NRK	NRK_1h	21052.631578			cluster_1
UL54	E	2h	2	NRK	NRK_2h	28594.771241			cluster_1
UL54	E	4h	4	NRK	NRK_4h	18033.03531			cluster_1
UL54	E	6h	6	NRK	NRK_6h	14801.360332			cluster_1
UL54	E	8h	8	NRK	NRK_8h	15519.197057			cluster_1
UL54	E	0.5h	0.5	PC_12	PC_12_0.5h	33333.333333			cluster_1
UL54	E	1.5h	1.5	PC_12	PC_12_1.5h	38510.911424			cluster_1
UL54	E	12h	12	PC_12	PC_12_12h	7044.863662			cluster_1
UL54	E	1h	1	PC_12	PC_12_1h	34298.780488			cluster_1
UL54	E	2.5h	2.5	PC_12	PC_12_2.5h	26701.119724			cluster_1
UL54	E	2h	2	PC_12	PC_12_2h	33464.052285			cluster_1
UL54	E	4h	4	PC_12	PC_12_4h	13743.758686			cluster_1
UL54	E	6h	6	PC_12	PC_12_6h	13875.187372			cluster_1
UL54	E	8h	8	PC_12	PC_12_8h	14583.523819			cluster_1
UL54	E	12h	12	PK_15	PK_15_12h	4055.652131			cluster_1
UL54	E	1h	1	PK_15	PK_15_1h	14221.556886			cluster_1
UL54	E	2h	2	PK_15	PK_15_2h	29012.397741			cluster_1
UL54	E	4h	4	PK_15	PK_15_4h	18962.075849			cluster_1
UL54	E	6h	6	PK_15	PK_15_6h	12989.953161			cluster_1
UL54	E	8h	8	PK_15	PK_15_8h	9304.274729			cluster_1
UL53	L	12h	12	C6	C6_12h	0			
UL53	L	1h	1	C6	C6_1h	0			
UL53	L	2h	2	C6	C6_2h	0			
UL53	L	4h	4	C6	C6_4h	0			
UL53	L	6h	6	C6	C6_6h	0			
UL53	L	8h	8	C6	C6_8h	0			
UL53	L	12h	12	NRK	NRK_12h	0			
UL53	L	1h	1	NRK	NRK_1h	0			
UL53	L	2h	2	NRK	NRK_2h	0			
UL53	L	4h	4	NRK	NRK_4h	0			
UL53	L	6h	6	NRK	NRK_6h	38.645849			
UL53	L	8h	8	NRK	NRK_8h	0			
UL53	L	0.5h	0.5	PC_12	PC_12_0.5h	0			
UL53	L	1.5h	1.5	PC_12	PC_12_1.5h	0			
UL53	L	12h	12	PC_12	PC_12_12h	0			
UL53	L	1h	1	PC_12	PC_12_1h	0			
UL53	L	2.5h	2.5	PC_12	PC_12_2.5h	0			
UL53	L	2h	2	PC_12	PC_12_2h	0			
UL53	L	4h	4	PC_12	PC_12_4h	0			
UL53	L	6h	6	PC_12	PC_12_6h	0			
UL53	L	8h	8	PC_12	PC_12_8h	0			
UL53	L	12h	12	PK_15	PK_15_12h	0			
UL53	L	1h	1	PK_15	PK_15_1h	0			
UL53	L	2h	2	PK_15	PK_15_2h	0			
UL53	L	4h	4	PK_15	PK_15_4h	0			
UL53	L	6h	6	PK_15	PK_15_6h	0			
UL53	L	8h	8	PK_15	PK_15_8h	0			
UL52	E	12h	12	C6	C6_12h	0			
UL52	E	1h	1	C6	C6_1h	0			
UL52	E	2h	2	C6	C6_2h	0			
UL52	E	4h	4	C6	C6_4h	0			
UL52	E	6h	6	C6	C6_6h	0			
UL52	E	8h	8	C6	C6_8h	0			
UL52	E	12h	12	NRK	NRK_12h	0			
UL52	E	1h	1	NRK	NRK_1h	0			
UL52	E	2h	2	NRK	NRK_2h	0			
UL52	E	4h	4	NRK	NRK_4h	0			
UL52	E	6h	6	NRK	NRK_6h	38.645849			
UL52	E	8h	8	NRK	NRK_8h	0			
UL52	E	0.5h	0.5	PC_12	PC_12_0.5h	0			
UL52	E	1.5h	1.5	PC_12	PC_12_1.5h	0			
UL52	E	12h	12	PC_12	PC_12_12h	0			
UL52	E	1h	1	PC_12	PC_12_1h	0			
UL52	E	2.5h	2.5	PC_12	PC_12_2.5h	0			
UL52	E	2h	2	PC_12	PC_12_2h	0			
UL52	E	4h	4	PC_12	PC_12_4h	0			
UL52	E	6h	6	PC_12	PC_12_6h	0			
UL52	E	8h	8	PC_12	PC_12_8h	0			
UL52	E	12h	12	PK_15	PK_15_12h	0			
UL52	E	1h	1	PK_15	PK_15_1h	0			
UL52	E	2h	2	PK_15	PK_15_2h	0			
UL52	E	4h	4	PK_15	PK_15_4h	0			
UL52	E	6h	6	PK_15	PK_15_6h	0			
UL52	E	8h	8	PK_15	PK_15_8h	0			
UL51	L	12h	12	C6	C6_12h	1760.430491			cluster_2
UL51	L	1h	1	C6	C6_1h	2609.262884			cluster_2
UL51	L	2h	2	C6	C6_2h	5592.272497			cluster_2
UL51	L	4h	4	C6	C6_4h	3403.289846			cluster_2
UL51	L	6h	6	C6	C6_6h	4254.158713			cluster_2
UL51	L	8h	8	C6	C6_8h	3489.634808			cluster_2
UL51	L	12h	12	NRK	NRK_12h	1796.856994			cluster_2
UL51	L	1h	1	NRK	NRK_1h	0			cluster_2
UL51	L	2h	2	NRK	NRK_2h	4901.960784			cluster_2
UL51	L	4h	4	NRK	NRK_4h	4394.605245			cluster_2
UL51	L	6h	6	NRK	NRK_6h	2125.521719			cluster_2
UL51	L	8h	8	NRK	NRK_8h	2440.449592			cluster_2
UL51	L	0.5h	0.5	PC_12	PC_12_0.5h	0			cluster_2
UL51	L	1.5h	1.5	PC_12	PC_12_1.5h	5134.788189			cluster_2
UL51	L	12h	12	PC_12	PC_12_12h	1612.418871			cluster_2
UL51	L	1h	1	PC_12	PC_12_1h	5335.365854			cluster_2
UL51	L	2.5h	2.5	PC_12	PC_12_2.5h	2153.316106			cluster_2
UL51	L	2h	2	PC_12	PC_12_2h	4705.882351			cluster_2
UL51	L	4h	4	PC_12	PC_12_4h	6125.495445			cluster_2
UL51	L	6h	6	PC_12	PC_12_6h	4420.073539			cluster_2
UL51	L	8h	8	PC_12	PC_12_8h	2742.982536			cluster_2
UL51	L	12h	12	PK_15	PK_15_12h	691.637668			cluster_2
UL51	L	1h	1	PK_15	PK_15_1h	3742.51497			cluster_2
UL51	L	2h	2	PK_15	PK_15_2h	1855.444043			cluster_2
UL51	L	4h	4	PK_15	PK_15_4h	6611.776448			cluster_2
UL51	L	6h	6	PK_15	PK_15_6h	3788.317091			cluster_2
UL51	L	8h	8	PK_15	PK_15_8h	2449.543641			cluster_2
UL50	L	12h	12	C6	C6_12h	4051.668513			cluster_1
UL50	L	1h	1	C6	C6_1h	18264.840183			cluster_1
UL50	L	2h	2	C6	C6_2h	19318.759533			cluster_1
UL50	L	4h	4	C6	C6_4h	11911.514463			cluster_1
UL50	L	6h	6	C6	C6_6h	11617.125715			cluster_1
UL50	L	8h	8	C6	C6_8h	9077.931113			cluster_1
UL50	L	12h	12	NRK	NRK_12h	7306.933906			cluster_1
UL50	L	1h	1	NRK	NRK_1h	31578.947369			cluster_1
UL50	L	2h	2	NRK	NRK_2h	32679.738562			cluster_1
UL50	L	4h	4	NRK	NRK_4h	22882.254888			cluster_1
UL50	L	6h	6	NRK	NRK_6h	11902.921625			cluster_1
UL50	L	8h	8	NRK	NRK_8h	9916.474752			cluster_1
UL50	L	0.5h	0.5	PC_12	PC_12_0.5h	0			cluster_1
UL50	L	1.5h	1.5	PC_12	PC_12_1.5h	19255.455711			cluster_1
UL50	L	12h	12	PC_12	PC_12_12h	3719.926088			cluster_1
UL50	L	1h	1	PC_12	PC_12_1h	15243.902439			cluster_1
UL50	L	2.5h	2.5	PC_12	PC_12_2.5h	12489.23342			cluster_1
UL50	L	2h	2	PC_12	PC_12_2h	15686.274507			cluster_1
UL50	L	4h	4	PC_12	PC_12_4h	12045.091882			cluster_1
UL50	L	6h	6	PC_12	PC_12_6h	7712.708032			cluster_1
UL50	L	8h	8	PC_12	PC_12_8h	5485.965075			cluster_1
UL50	L	12h	12	PK_15	PK_15_12h	2300.312781			cluster_1
UL50	L	1h	1	PK_15	PK_15_1h	2994.011976			cluster_1
UL50	L	2h	2	PK_15	PK_15_2h	15855.612719			cluster_1
UL50	L	4h	4	PK_15	PK_15_4h	13722.55489			cluster_1
UL50	L	6h	6	PK_15	PK_15_6h	7083.599555			cluster_1
UL50	L	8h	8	PK_15	PK_15_8h	3991.109804			cluster_1
UL49.5	L	12h	12	C6	C6_12h	40816.177455			cluster_3
UL49.5	L	1h	1	C6	C6_1h	35877.364645			cluster_3
UL49.5	L	2h	2	C6	C6_2h	41179.461108			cluster_3
UL49.5	L	4h	4	C6	C6_4h	27509.92626			cluster_3
UL49.5	L	6h	6	C6	C6_6h	32069.811835			cluster_3
UL49.5	L	8h	8	C6	C6_8h	35713.849945			cluster_3
UL49.5	L	12h	12	NRK	NRK_12h	38143.731487			cluster_3
UL49.5	L	1h	1	NRK	NRK_1h	21052.631579			cluster_3
UL49.5	L	2h	2	NRK	NRK_2h	0			cluster_3
UL49.5	L	4h	4	NRK	NRK_4h	38793.756631			cluster_3
UL49.5	L	6h	6	NRK	NRK_6h	36327.098466			cluster_3
UL49.5	L	8h	8	NRK	NRK_8h	33392.912383			cluster_3
UL49.5	L	0.5h	0.5	PC_12	PC_12_0.5h	33333.333334			cluster_3
UL49.5	L	1.5h	1.5	PC_12	PC_12_1.5h	24390.243902			cluster_3
UL49.5	L	12h	12	PC_12	PC_12_12h	45707.746374			cluster_3
UL49.5	L	1h	1	PC_12	PC_12_1h	23628.048781			cluster_3
UL49.5	L	2.5h	2.5	PC_12	PC_12_2.5h	36175.710593			cluster_3
UL49.5	L	2h	2	PC_12	PC_12_2h	0			cluster_3
UL49.5	L	4h	4	PC_12	PC_12_4h	0			cluster_3
UL49.5	L	6h	6	PC_12	PC_12_6h	34950.61048			cluster_3
UL49.5	L	8h	8	PC_12	PC_12_8h	38973.210204			cluster_3
UL49.5	L	12h	12	PK_15	PK_15_12h	56505.8712			cluster_3
UL49.5	L	1h	1	PK_15	PK_15_1h	14970.05988			cluster_3
UL49.5	L	2h	2	PK_15	PK_15_2h	42928.228052			cluster_3
UL49.5	L	4h	4	PK_15	PK_15_4h	40710.246177			cluster_3
UL49.5	L	6h	6	PK_15	PK_15_6h	34150.194446			cluster_3
UL49.5	L	8h	8	PK_15	PK_15_8h	38816.037276			cluster_3
UL49	L	12h	12	C6	C6_12h	40816.177455			cluster_3
UL49	L	1h	1	C6	C6_1h	35877.364645			cluster_3
UL49	L	2h	2	C6	C6_2h	41179.461108			cluster_3
UL49	L	4h	4	C6	C6_4h	27509.92626			cluster_3
UL49	L	6h	6	C6	C6_6h	32069.811835			cluster_3
UL49	L	8h	8	C6	C6_8h	35713.849945			cluster_3
UL49	L	12h	12	NRK	NRK_12h	38143.731487			cluster_3
UL49	L	1h	1	NRK	NRK_1h	21052.631579			cluster_3
UL49	L	2h	2	NRK	NRK_2h	22058.823529			cluster_3
UL49	L	4h	4	NRK	NRK_4h	38793.756631			cluster_3
UL49	L	6h	6	NRK	NRK_6h	36327.098466			cluster_3
UL49	L	8h	8	NRK	NRK_8h	33392.912383			cluster_3
UL49	L	0.5h	0.5	PC_12	PC_12_0.5h	33333.333334			cluster_3
UL49	L	1.5h	1.5	PC_12	PC_12_1.5h	24390.243902			cluster_3
UL49	L	12h	12	PC_12	PC_12_12h	45707.746374			cluster_3
UL49	L	1h	1	PC_12	PC_12_1h	23628.048781			cluster_3
UL49	L	2.5h	2.5	PC_12	PC_12_2.5h	36175.710593			cluster_3
UL49	L	2h	2	PC_12	PC_12_2h	25620.915029			cluster_3
UL49	L	4h	4	PC_12	PC_12_4h	34899.881609			cluster_3
UL49	L	6h	6	PC_12	PC_12_6h	34950.61048			cluster_3
UL49	L	8h	8	PC_12	PC_12_8h	38973.210204			cluster_3
UL49	L	12h	12	PK_15	PK_15_12h	56505.8712			cluster_3
UL49	L	1h	1	PK_15	PK_15_1h	14970.05988			cluster_3
UL49	L	2h	2	PK_15	PK_15_2h	42928.228052			cluster_3
UL49	L	4h	4	PK_15	PK_15_4h	40710.246177			cluster_3
UL49	L	6h	6	PK_15	PK_15_6h	34150.194446			cluster_3
UL49	L	8h	8	PK_15	PK_15_8h	38816.037276			cluster_3
UL48	L	12h	12	C6	C6_12h	0			cluster_4
UL48	L	1h	1	C6	C6_1h	0			cluster_4
UL48	L	2h	2	C6	C6_2h	0			cluster_4
UL48	L	4h	4	C6	C6_4h	0			cluster_4
UL48	L	6h	6	C6	C6_6h	0			cluster_4
UL48	L	8h	8	C6	C6_8h	61.007602			cluster_4
UL48	L	12h	12	NRK	NRK_12h	0			cluster_4
UL48	L	1h	1	NRK	NRK_1h	0			cluster_4
UL48	L	2h	2	NRK	NRK_2h	0			cluster_4
UL48	L	4h	4	NRK	NRK_4h	0			cluster_4
UL48	L	6h	6	NRK	NRK_6h	0			cluster_4
UL48	L	8h	8	NRK	NRK_8h	0			cluster_4
UL48	L	0.5h	0.5	PC_12	PC_12_0.5h	0			cluster_4
UL48	L	1.5h	1.5	PC_12	PC_12_1.5h	0			cluster_4
UL48	L	12h	12	PC_12	PC_12_12h	0			cluster_4
UL48	L	1h	1	PC_12	PC_12_1h	0			cluster_4
UL48	L	2.5h	2.5	PC_12	PC_12_2.5h	0			cluster_4
UL48	L	2h	2	PC_12	PC_12_2h	0			cluster_4
UL48	L	4h	4	PC_12	PC_12_4h	0			cluster_4
UL48	L	6h	6	PC_12	PC_12_6h	0			cluster_4
UL48	L	8h	8	PC_12	PC_12_8h	22.858188			cluster_4
UL48	L	12h	12	PK_15	PK_15_12h	0			cluster_4
UL48	L	1h	1	PK_15	PK_15_1h	0			cluster_4
UL48	L	2h	2	PK_15	PK_15_2h	84.338366			cluster_4
UL48	L	4h	4	PK_15	PK_15_4h	83.167			cluster_4
UL48	L	6h	6	PK_15	PK_15_6h	0			cluster_4
UL48	L	8h	8	PK_15	PK_15_8h	0			cluster_4
UL46	L	12h	12	C6	C6_12h	65296.631322			cluster_5
UL46	L	1h	1	C6	C6_1h	32615.78604			cluster_5
UL46	L	2h	2	C6	C6_2h	18810.371122			cluster_5
UL46	L	4h	4	C6	C6_4h	31196.823596			cluster_5
UL46	L	6h	6	C6	C6_6h	36323.970548			cluster_5
UL46	L	8h	8	C6	C6_8h	40887.294558			cluster_5
UL46	L	12h	12	NRK	NRK_12h	31519.688601			cluster_5
UL46	L	1h	1	NRK	NRK_1h	18421.052631			cluster_5
UL46	L	2h	2	NRK	NRK_2h	19607.843137			cluster_5
UL46	L	4h	4	NRK	NRK_4h	22124.564329			cluster_5
UL46	L	6h	6	NRK	NRK_6h	22569.176068			cluster_5
UL46	L	8h	8	NRK	NRK_8h	28666.68958			cluster_5
UL46	L	0.5h	0.5	PC_12	PC_12_0.5h	33333.333333			cluster_5
UL46	L	1.5h	1.5	PC_12	PC_12_1.5h	11553.273427			cluster_5
UL46	L	12h	12	PC_12	PC_12_12h	61585.743619			cluster_5
UL46	L	1h	1	PC_12	PC_12_1h	25152.439025			cluster_5
UL46	L	2.5h	2.5	PC_12	PC_12_2.5h	11627.906976			cluster_5
UL46	L	2h	2	PC_12	PC_12_2h	17777.777777			cluster_5
UL46	L	4h	4	PC_12	PC_12_4h	25582.951564			cluster_5
UL46	L	6h	6	PC_12	PC_12_6h	32003.894789			cluster_5
UL46	L	8h	8	PC_12	PC_12_8h	40961.872543			cluster_5
UL46	L	12h	12	PK_15	PK_15_12h	75101.352706			cluster_5
UL46	L	1h	1	PK_15	PK_15_1h	8233.532934			cluster_5
UL46	L	2h	2	PK_15	PK_15_2h	35000.421694			cluster_5
UL46	L	4h	4	PK_15	PK_15_4h	35574.683966			cluster_5
UL46	L	6h	6	PK_15	PK_15_6h	39397.491562			cluster_5
UL46	L	8h	8	PK_15	PK_15_8h	43627.819035			cluster_5
UL27	L	12h	12	C6	C6_12h	27833.306956			cluster_5
UL27	L	1h	1	C6	C6_1h	16960.208741			cluster_5
UL27	L	2h	2	C6	C6_2h	17285.205897			cluster_5
UL27	L	4h	4	C6	C6_4h	30062.393646			cluster_5
UL27	L	6h	6	C6	C6_6h	27706.572131			cluster_5
UL27	L	8h	8	C6	C6_8h	23634.344838			cluster_5
UL27	L	12h	12	NRK	NRK_12h	23781.679742			cluster_5
UL27	L	1h	1	NRK	NRK_1h	15789.473683			cluster_5
UL27	L	2h	2	NRK	NRK_2h	10620.915032			cluster_5
UL27	L	4h	4	NRK	NRK_4h	14547.658737			cluster_5
UL27	L	6h	6	NRK	NRK_6h	12830.422012			cluster_5
UL27	L	8h	8	NRK	NRK_8h	19317.361564			cluster_5
UL27	L	0.5h	0.5	PC_12	PC_12_0.5h	0			cluster_5
UL27	L	1.5h	1.5	PC_12	PC_12_1.5h	7702.182284			cluster_5
UL27	L	12h	12	PC_12	PC_12_12h	29756.703307			cluster_5
UL27	L	1h	1	PC_12	PC_12_1h	15243.902439			cluster_5
UL27	L	2.5h	2.5	PC_12	PC_12_2.5h	15934.539191			cluster_5
UL27	L	2h	2	PC_12	PC_12_2h	20130.718953			cluster_5
UL27	L	4h	4	PC_12	PC_12_4h	18170.587329			cluster_5
UL27	L	6h	6	PC_12	PC_12_6h	18705.238748			cluster_5
UL27	L	8h	8	PC_12	PC_12_8h	30858.553534			cluster_5
UL27	L	12h	12	PK_15	PK_15_12h	33694.17882			cluster_5
UL27	L	1h	1	PK_15	PK_15_1h	2994.011976			cluster_5
UL27	L	2h	2	PK_15	PK_15_2h	15518.259258			cluster_5
UL27	L	4h	4	PK_15	PK_15_4h	11643.379909			cluster_5
UL27	L	6h	6	PK_15	PK_15_6h	17915.268477			cluster_5
UL27	L	8h	8	PK_15	PK_15_8h	30185.262328			cluster_5
UL28	E	12h	12	C6	C6_12h	14.609382			cluster_6
UL28	E	1h	1	C6	C6_1h	0			cluster_6
UL28	E	2h	2	C6	C6_2h	0			cluster_6
UL28	E	4h	4	C6	C6_4h	0			cluster_6
UL28	E	6h	6	C6	C6_6h	0			cluster_6
UL28	E	8h	8	C6	C6_8h	0			cluster_6
UL28	E	12h	12	NRK	NRK_12h	0			cluster_6
UL28	E	1h	1	NRK	NRK_1h	0			cluster_6
UL28	E	2h	2	NRK	NRK_2h	0			cluster_6
UL28	E	4h	4	NRK	NRK_4h	0			cluster_6
UL28	E	6h	6	NRK	NRK_6h	0			cluster_6
UL28	E	8h	8	NRK	NRK_8h	0			cluster_6
UL28	E	0.5h	0.5	PC_12	PC_12_0.5h	0			cluster_6
UL28	E	1.5h	1.5	PC_12	PC_12_1.5h	0			cluster_6
UL28	E	12h	12	PC_12	PC_12_12h	16.232405			cluster_6
UL28	E	1h	1	PC_12	PC_12_1h	0			cluster_6
UL28	E	2.5h	2.5	PC_12	PC_12_2.5h	0			cluster_6
UL28	E	2h	2	PC_12	PC_12_2h	0			cluster_6
UL28	E	4h	4	PC_12	PC_12_4h	0			cluster_6
UL28	E	6h	6	PC_12	PC_12_6h	0			cluster_6
UL28	E	8h	8	PC_12	PC_12_8h	22.858188			cluster_6
UL28	E	12h	12	PK_15	PK_15_12h	9.263004			cluster_6
UL28	E	1h	1	PK_15	PK_15_1h	0			cluster_6
UL28	E	2h	2	PK_15	PK_15_2h	0			cluster_6
UL28	E	4h	4	PK_15	PK_15_4h	0			cluster_6
UL28	E	6h	6	PK_15	PK_15_6h	0			cluster_6
UL28	E	8h	8	PK_15	PK_15_8h	0			cluster_6
UL29	E	12h	12	C6	C6_12h	11482.973984			cluster_1
UL29	E	1h	1	C6	C6_1h	24787.997392			cluster_1
UL29	E	2h	2	C6	C6_2h	18301.982716			cluster_1
UL29	E	4h	4	C6	C6_4h	11911.514463			cluster_1
UL29	E	6h	6	C6	C6_6h	11126.261249			cluster_1
UL29	E	8h	8	C6	C6_8h	15788.76728			cluster_1
UL29	E	12h	12	NRK	NRK_12h	8915.995868			cluster_1
UL29	E	1h	1	NRK	NRK_1h	26315.789472			cluster_1
UL29	E	2h	2	NRK	NRK_2h	23692.810458			cluster_1
UL29	E	4h	4	NRK	NRK_4h	12123.04895			cluster_1
UL29	E	6h	6	NRK	NRK_6h	7497.294788			cluster_1
UL29	E	8h	8	NRK	NRK_8h	12992.81614			cluster_1
UL29	E	0.5h	0.5	PC_12	PC_12_0.5h	16666.666667			cluster_1
UL29	E	1.5h	1.5	PC_12	PC_12_1.5h	23106.546854			cluster_1
UL29	E	12h	12	PC_12	PC_12_12h	8489.547683			cluster_1
UL29	E	1h	1	PC_12	PC_12_1h	37347.560977			cluster_1
UL29	E	2.5h	2.5	PC_12	PC_12_2.5h	25409.130059			cluster_1
UL29	E	2h	2	PC_12	PC_12_2h	28758.169933			cluster_1
UL29	E	4h	4	PC_12	PC_12_4h	14258.506203			cluster_1
UL29	E	6h	6	PC_12	PC_12_6h	11902.169038			cluster_1
UL29	E	8h	8	PC_12	PC_12_8h	14332.083752			cluster_1
UL29	E	12h	12	PK_15	PK_15_12h	3025.914799			cluster_1
UL29	E	1h	1	PK_15	PK_15_1h	17215.568862			cluster_1
UL29	E	2h	2	PK_15	PK_15_2h	48325.883447			cluster_1
UL29	E	4h	4	PK_15	PK_15_4h	21914.504326			cluster_1
UL29	E	6h	6	PK_15	PK_15_6h	12159.84384			cluster_1
UL29	E	8h	8	PK_15	PK_15_8h	12524.60145			cluster_1
UL30	E	12h	12	C6	C6_12h	440.716347			cluster_7
UL30	E	1h	1	C6	C6_1h	5218.525766			cluster_7
UL30	E	2h	2	C6	C6_2h	2033.553635			cluster_7
UL30	E	4h	4	C6	C6_4h	1134.429949			cluster_7
UL30	E	6h	6	C6	C6_6h	981.728933			cluster_7
UL30	E	8h	8	C6	C6_8h	854.106422			cluster_7
UL30	E	12h	12	NRK	NRK_12h	635.942262			cluster_7
UL30	E	1h	1	NRK	NRK_1h	0			cluster_7
UL30	E	2h	2	NRK	NRK_2h	3267.973856			cluster_7
UL30	E	4h	4	NRK	NRK_4h	757.690559			cluster_7
UL30	E	6h	6	NRK	NRK_6h	541.041892			cluster_7
UL30	E	8h	8	NRK	NRK_8h	1065.548413			cluster_7
UL30	E	0.5h	0.5	PC_12	PC_12_0.5h	0			cluster_7
UL30	E	1.5h	1.5	PC_12	PC_12_1.5h	2567.394095			cluster_7
UL30	E	12h	12	PC_12	PC_12_12h	511.32075			cluster_7
UL30	E	1h	1	PC_12	PC_12_1h	6859.756098			cluster_7
UL30	E	2.5h	2.5	PC_12	PC_12_2.5h	1291.989663			cluster_7
UL30	E	2h	2	PC_12	PC_12_2h	3921.568625			cluster_7
UL30	E	4h	4	PC_12	PC_12_4h	617.69702			cluster_7
UL30	E	6h	6	PC_12	PC_12_6h	960.885552			cluster_7
UL30	E	8h	8	PC_12	PC_12_8h	1268.629424			cluster_7
UL30	E	12h	12	PK_15	PK_15_12h	121.962892			cluster_7
UL30	E	1h	1	PK_15	PK_15_1h	1497.005988			cluster_7
UL30	E	2h	2	PK_15	PK_15_2h	4385.595009			cluster_7
UL30	E	4h	4	PK_15	PK_15_4h	748.502995			cluster_7
UL30	E	6h	6	PK_15	PK_15_6h	513.158491			cluster_7
UL30	E	8h	8	PK_15	PK_15_8h	531.316493			cluster_7
UL31	L	12h	12	C6	C6_12h	27723.736592			cluster_8
UL31	L	1h	1	C6	C6_1h	8480.104371			cluster_8
UL31	L	2h	2	C6	C6_2h	18301.982714			cluster_8
UL31	L	4h	4	C6	C6_4h	36868.97334			cluster_8
UL31	L	6h	6	C6	C6_6h	37960.185437			cluster_8
UL31	L	8h	8	C6	C6_8h	31516.526958			cluster_8
UL31	L	12h	12	NRK	NRK_12h	40145.455787			cluster_8
UL31	L	1h	1	NRK	NRK_1h	10526.315789			cluster_8
UL31	L	2h	2	NRK	NRK_2h	14705.882352			cluster_8
UL31	L	4h	4	NRK	NRK_4h	23033.793001			cluster_8
UL31	L	6h	6	NRK	NRK_6h	20752.821146			cluster_8
UL31	L	8h	8	NRK	NRK_8h	28219.846697			cluster_8
UL31	L	0.5h	0.5	PC_12	PC_12_0.5h	0			cluster_8
UL31	L	1.5h	1.5	PC_12	PC_12_1.5h	15404.364568			cluster_8
UL31	L	12h	12	PC_12	PC_12_12h	45261.355242			cluster_8
UL31	L	1h	1	PC_12	PC_12_1h	6859.756098			cluster_8
UL31	L	2.5h	2.5	PC_12	PC_12_2.5h	16795.865632			cluster_8
UL31	L	2h	2	PC_12	PC_12_2h	13856.209148			cluster_8
UL31	L	4h	4	PC_12	PC_12_4h	28774.386164			cluster_8
UL31	L	6h	6	PC_12	PC_12_6h	29582.463199			cluster_8
UL31	L	8h	8	PC_12	PC_12_8h	44059.15699			cluster_8
UL31	L	12h	12	PK_15	PK_15_12h	40165.931288			cluster_8
UL31	L	1h	1	PK_15	PK_15_1h	748.502994			cluster_8
UL31	L	2h	2	PK_15	PK_15_2h	14421.860504			cluster_8
UL31	L	4h	4	PK_15	PK_15_4h	29669.827013			cluster_8
UL31	L	6h	6	PK_15	PK_15_6h	35458.245502			cluster_8
UL31	L	8h	8	PK_15	PK_15_8h	39092.920519			cluster_8
UL32	L	12h	12	C6	C6_12h	27723.736592			cluster_8
UL32	L	1h	1	C6	C6_1h	8480.104371			cluster_8
UL32	L	2h	2	C6	C6_2h	18301.982714			cluster_8
UL32	L	4h	4	C6	C6_4h	36868.97334			cluster_8
UL32	L	6h	6	C6	C6_6h	37960.185437			cluster_8
UL32	L	8h	8	C6	C6_8h	31516.526958			cluster_8
UL32	L	12h	12	NRK	NRK_12h	40145.455787			cluster_8
UL32	L	1h	1	NRK	NRK_1h	10526.315789			cluster_8
UL32	L	2h	2	NRK	NRK_2h	14705.882352			cluster_8
UL32	L	4h	4	NRK	NRK_4h	23033.793001			cluster_8
UL32	L	6h	6	NRK	NRK_6h	20752.821146			cluster_8
UL32	L	8h	8	NRK	NRK_8h	28219.846697			cluster_8
UL32	L	0.5h	0.5	PC_12	PC_12_0.5h	0			cluster_8
UL32	L	1.5h	1.5	PC_12	PC_12_1.5h	15404.364568			cluster_8
UL32	L	12h	12	PC_12	PC_12_12h	45261.355242			cluster_8
UL32	L	1h	1	PC_12	PC_12_1h	6859.756098			cluster_8
UL32	L	2.5h	2.5	PC_12	PC_12_2.5h	16795.865632			cluster_8
UL32	L	2h	2	PC_12	PC_12_2h	13856.209148			cluster_8
UL32	L	4h	4	PC_12	PC_12_4h	28774.386164			cluster_8
UL32	L	6h	6	PC_12	PC_12_6h	29582.463199			cluster_8
UL32	L	8h	8	PC_12	PC_12_8h	44059.15699			cluster_8
UL32	L	12h	12	PK_15	PK_15_12h	40165.931288			cluster_8
UL32	L	1h	1	PK_15	PK_15_1h	748.502994			cluster_8
UL32	L	2h	2	PK_15	PK_15_2h	14421.860504			cluster_8
UL32	L	4h	4	PK_15	PK_15_4h	29669.827013			cluster_8
UL32	L	6h	6	PK_15	PK_15_6h	35458.245502			cluster_8
UL32	L	8h	8	PK_15	PK_15_8h	39092.920519			cluster_8
UL34	E	12h	12	C6	C6_12h	88235.79542			cluster_5
UL34	E	1h	1	C6	C6_1h	28049.575995			cluster_5
UL34	E	2h	2	C6	C6_2h	26436.197255			cluster_5
UL34	E	4h	4	C6	C6_4h	43959.160522			cluster_5
UL34	E	6h	6	C6	C6_6h	51213.526044			cluster_5
UL34	E	8h	8	C6	C6_8h	60763.571142			cluster_5
UL34	E	12h	12	NRK	NRK_12h	96530.913621			cluster_5
UL34	E	1h	1	NRK	NRK_1h	34210.526315			cluster_5
UL34	E	2h	2	NRK	NRK_2h	22058.823529			cluster_5
UL34	E	4h	4	NRK	NRK_4h	43339.899986			cluster_5
UL34	E	6h	6	NRK	NRK_6h	53949.605811			cluster_5
UL34	E	8h	8	NRK	NRK_8h	48516.825353			cluster_5
UL34	E	0.5h	0.5	PC_12	PC_12_0.5h	0			cluster_5
UL34	E	1.5h	1.5	PC_12	PC_12_1.5h	29525.032092			cluster_5
UL34	E	12h	12	PC_12	PC_12_12h	111789.866109			cluster_5
UL34	E	1h	1	PC_12	PC_12_1h	19054.878049			cluster_5
UL34	E	2.5h	2.5	PC_12	PC_12_2.5h	27562.446166			cluster_5
UL34	E	2h	2	PC_12	PC_12_2h	33986.928103			cluster_5
UL34	E	4h	4	PC_12	PC_12_4h	57239.923818			cluster_5
UL34	E	6h	6	PC_12	PC_12_6h	0			cluster_5
UL34	E	8h	8	PC_12	PC_12_8h	82346.621561			cluster_5
UL34	E	12h	12	PK_15	PK_15_12h	108892.793074			cluster_5
UL34	E	1h	1	PK_15	PK_15_1h	14221.556886			cluster_5
UL34	E	2h	2	PK_15	PK_15_2h	0			cluster_5
UL34	E	4h	4	PK_15	PK_15_4h	44411.177645			cluster_5
UL34	E	6h	6	PK_15	PK_15_6h	66519.427073			cluster_5
UL34	E	8h	8	PK_15	PK_15_8h	77000.980316			cluster_5
UL35	L	12h	12	C6	C6_12h	88235.79542			cluster_5
UL35	L	1h	1	C6	C6_1h	28049.575995			cluster_5
UL35	L	2h	2	C6	C6_2h	26436.197255			cluster_5
UL35	L	4h	4	C6	C6_4h	43959.160522			cluster_5
UL35	L	6h	6	C6	C6_6h	51213.526044			cluster_5
UL35	L	8h	8	C6	C6_8h	60763.571142			cluster_5
UL35	L	12h	12	NRK	NRK_12h	96530.913621			cluster_5
UL35	L	1h	1	NRK	NRK_1h	34210.526315			cluster_5
UL35	L	2h	2	NRK	NRK_2h	22058.823529			cluster_5
UL35	L	4h	4	NRK	NRK_4h	43339.899986			cluster_5
UL35	L	6h	6	NRK	NRK_6h	53949.605811			cluster_5
UL35	L	8h	8	NRK	NRK_8h	48516.825353			cluster_5
UL35	L	0.5h	0.5	PC_12	PC_12_0.5h	0			cluster_5
UL35	L	1.5h	1.5	PC_12	PC_12_1.5h	29525.032092			cluster_5
UL35	L	12h	12	PC_12	PC_12_12h	111789.866109			cluster_5
UL35	L	1h	1	PC_12	PC_12_1h	19054.878049			cluster_5
UL35	L	2.5h	2.5	PC_12	PC_12_2.5h	27562.446166			cluster_5
UL35	L	2h	2	PC_12	PC_12_2h	33986.928103			cluster_5
UL35	L	4h	4	PC_12	PC_12_4h	57239.923818			cluster_5
UL35	L	6h	6	PC_12	PC_12_6h	66160.173215			cluster_5
UL35	L	8h	8	PC_12	PC_12_8h	82346.621561			cluster_5
UL35	L	12h	12	PK_15	PK_15_12h	108892.793074			cluster_5
UL35	L	1h	1	PK_15	PK_15_1h	14221.556886			cluster_5
UL35	L	2h	2	PK_15	PK_15_2h	33988.361308			cluster_5
UL35	L	4h	4	PK_15	PK_15_4h	44411.177645			cluster_5
UL35	L	6h	6	PK_15	PK_15_6h	66519.427073			cluster_5
UL35	L	8h	8	PK_15	PK_15_8h	77000.980316			cluster_5
UL36	L	12h	12	C6	C6_12h	12464.237452			cluster_7
UL36	L	1h	1	C6	C6_1h	28049.575995			cluster_7
UL36	L	2h	2	C6	C6_2h	9150.991358			cluster_7
UL36	L	4h	4	C6	C6_4h	7941.009642			cluster_7
UL36	L	6h	6	C6	C6_6h	9435.505863			cluster_7
UL36	L	8h	8	C6	C6_8h	11139.988042			cluster_7
UL36	L	12h	12	NRK	NRK_12h	8045.309819			cluster_7
UL36	L	1h	1	NRK	NRK_1h	23684.210527			cluster_7
UL36	L	2h	2	NRK	NRK_2h	17156.862745			cluster_7
UL36	L	4h	4	NRK	NRK_4h	3636.914685			cluster_7
UL36	L	6h	6	NRK	NRK_6h	5680.939866			cluster_7
UL36	L	8h	8	NRK	NRK_8h	8936.857662			cluster_7
UL36	L	0.5h	0.5	PC_12	PC_12_0.5h	50000.000001			cluster_7
UL36	L	1.5h	1.5	PC_12	PC_12_1.5h	20539.152759			cluster_7
UL36	L	12h	12	PC_12	PC_12_12h	15723.789402			cluster_7
UL36	L	1h	1	PC_12	PC_12_1h	50304.878049			cluster_7
UL36	L	2.5h	2.5	PC_12	PC_12_2.5h	15503.875969			cluster_7
UL36	L	2h	2	PC_12	PC_12_2h	19084.967319			cluster_7
UL36	L	4h	4	PC_12	PC_12_4h	9986.101818			cluster_7
UL36	L	6h	6	PC_12	PC_12_6h	14118.611713			cluster_7
UL36	L	8h	8	PC_12	PC_12_8h	13349.181678			cluster_7
UL36	L	12h	12	PK_15	PK_15_12h	10147.621415			cluster_7
UL36	L	1h	1	PK_15	PK_15_1h	29940.11976			cluster_7
UL36	L	2h	2	PK_15	PK_15_2h	24879.81783			cluster_7
UL36	L	4h	4	PK_15	PK_15_4h	5052.395211			cluster_7
UL36	L	6h	6	PK_15	PK_15_6h	8482.20799			cluster_7
UL36	L	8h	8	PK_15	PK_15_8h	8383.825029			cluster_7
UL37	L	12h	12	C6	C6_12h	8295.693886			cluster_8
UL37	L	1h	1	C6	C6_1h	3261.578604			cluster_8
UL37	L	2h	2	C6	C6_2h	3050.330452			cluster_8
UL37	L	4h	4	C6	C6_4h	2836.074871			cluster_8
UL37	L	6h	6	C6	C6_6h	4908.644668			cluster_8
UL37	L	8h	8	C6	C6_8h	5344.265896			cluster_8
UL37	L	12h	12	NRK	NRK_12h	5027.785128			cluster_8
UL37	L	1h	1	NRK	NRK_1h	0			cluster_8
UL37	L	2h	2	NRK	NRK_2h	4901.960784			cluster_8
UL37	L	4h	4	NRK	NRK_4h	1363.843008			cluster_8
UL37	L	6h	6	NRK	NRK_6h	2975.730407			cluster_8
UL37	L	8h	8	NRK	NRK_8h	4124.703537			cluster_8
UL37	L	0.5h	0.5	PC_12	PC_12_0.5h	0			cluster_8
UL37	L	1.5h	1.5	PC_12	PC_12_1.5h	2567.394095			cluster_8
UL37	L	12h	12	PC_12	PC_12_12h	7342.457748			cluster_8
UL37	L	1h	1	PC_12	PC_12_1h	2286.585366			cluster_8
UL37	L	2.5h	2.5	PC_12	PC_12_2.5h	2153.316106			cluster_8
UL37	L	2h	2	PC_12	PC_12_2h	1830.065359			cluster_8
UL37	L	4h	4	PC_12	PC_12_4h	5507.798425			cluster_8
UL37	L	6h	6	PC_12	PC_12_6h	6264.973799			cluster_8
UL37	L	8h	8	PC_12	PC_12_8h	7440.340129			cluster_8
UL37	L	12h	12	PK_15	PK_15_12h	4912.480046			cluster_8
UL37	L	1h	1	PK_15	PK_15_1h	748.502994			cluster_8
UL37	L	2h	2	PK_15	PK_15_2h	2024.120773			cluster_8
UL37	L	4h	4	PK_15	PK_15_4h	3118.762475			cluster_8
UL37	L	6h	6	PK_15	PK_15_6h	4794.510212			cluster_8
UL37	L	8h	8	PK_15	PK_15_8h	4502.470746			cluster_8
UL38	E	12h	12	C6	C6_12h	8899.548328			cluster_8
UL38	E	1h	1	C6	C6_1h	11089.367255			cluster_8
UL38	E	2h	2	C6	C6_2h	8642.602948			cluster_8
UL38	E	4h	4	C6	C6_4h	10209.86954			cluster_8
UL38	E	6h	6	C6	C6_6h	14616.853014			cluster_8
UL38	E	8h	8	C6	C6_8h	11335.212368			cluster_8
UL38	E	12h	12	NRK	NRK_12h	10879.307549			cluster_8
UL38	E	1h	1	NRK	NRK_1h	5263.157895			cluster_8
UL38	E	2h	2	NRK	NRK_2h	8169.93464			cluster_8
UL38	E	4h	4	NRK	NRK_4h	7576.905591			cluster_8
UL38	E	6h	6	NRK	NRK_6h	6531.148555			cluster_8
UL38	E	8h	8	NRK	NRK_8h	8524.38731			cluster_8
UL38	E	0.5h	0.5	PC_12	PC_12_0.5h	0			cluster_8
UL38	E	1.5h	1.5	PC_12	PC_12_1.5h	5134.78819			cluster_8
UL38	E	12h	12	PC_12	PC_12_12h	11819.896059			cluster_8
UL38	E	1h	1	PC_12	PC_12_1h	6859.756098			cluster_8
UL38	E	2.5h	2.5	PC_12	PC_12_2.5h	5598.621877			cluster_8
UL38	E	2h	2	PC_12	PC_12_2h	5490.196077			cluster_8
UL38	E	4h	4	PC_12	PC_12_4h	16523.395275			cluster_8
UL38	E	6h	6	PC_12	PC_12_6h	15989.135587			cluster_8
UL38	E	8h	8	PC_12	PC_12_8h	11623.388498			cluster_8
UL38	E	12h	12	PK_15	PK_15_12h	21291.015812			cluster_8
UL38	E	1h	1	PK_15	PK_15_1h	1497.005988			cluster_8
UL38	E	2h	2	PK_15	PK_15_2h	9445.896938			cluster_8
UL38	E	4h	4	PK_15	PK_15_4h	17236.360613			cluster_8
UL38	E	6h	6	PK_15	PK_15_6h	22372.703993			cluster_8
UL38	E	8h	8	PK_15	PK_15_8h	16208.894687			cluster_8
UL39	E	12h	12	C6	C6_12h	40309.718893			cluster_1
UL39	E	1h	1	C6	C6_1h	82191.780822			cluster_1
UL39	E	2h	2	C6	C6_2h	78291.814946			cluster_1
UL39	E	4h	4	C6	C6_4h	60408.394781			cluster_1
UL39	E	6h	6	C6	C6_6h	48759.203708			cluster_1
UL39	E	8h	8	C6	C6_8h	59860.658639			cluster_1
UL39	E	12h	12	NRK	NRK_12h	36905.991514			cluster_1
UL39	E	1h	1	NRK	NRK_1h	39473.68421			cluster_1
UL39	E	2h	2	NRK	NRK_2h	92320.261437			cluster_1
UL39	E	4h	4	NRK	NRK_4h	63191.392637			cluster_1
UL39	E	6h	6	NRK	NRK_6h	32733.034472			cluster_1
UL39	E	8h	8	NRK	NRK_8h	40679.888633			cluster_1
UL39	E	0.5h	0.5	PC_12	PC_12_0.5h	33333.333333			cluster_1
UL39	E	1.5h	1.5	PC_12	PC_12_1.5h	75738.125802			cluster_1
UL39	E	12h	12	PC_12	PC_12_12h	40123.799139			cluster_1
UL39	E	1h	1	PC_12	PC_12_1h	64024.390245			cluster_1
UL39	E	2.5h	2.5	PC_12	PC_12_2.5h	67614.125753			cluster_1
UL39	E	2h	2	PC_12	PC_12_2h	67450.980392			cluster_1
UL39	E	4h	4	PC_12	PC_12_4h	46224.326968			cluster_1
UL39	E	6h	6	PC_12	PC_12_6h	0			cluster_1
UL39	E	8h	8	PC_12	PC_12_8h	55911.127367			cluster_1
UL39	E	12h	12	PK_15	PK_15_12h	14928.875563			cluster_1
UL39	E	1h	1	PK_15	PK_15_1h	29191.616766			cluster_1
UL39	E	2h	2	PK_15	PK_15_2h	56675.381632			cluster_1
UL39	E	4h	4	PK_15	PK_15_4h	58591.151032			cluster_1
UL39	E	6h	6	PK_15	PK_15_6h	0			cluster_1
UL39	E	8h	8	PK_15	PK_15_8h	31784.200691			cluster_1
UL40	E	12h	12	C6	C6_12h	40309.718893			cluster_1
UL40	E	1h	1	C6	C6_1h	82191.780822			cluster_1
UL40	E	2h	2	C6	C6_2h	78291.814946			cluster_1
UL40	E	4h	4	C6	C6_4h	60408.394781			cluster_1
UL40	E	6h	6	C6	C6_6h	48759.203708			cluster_1
UL40	E	8h	8	C6	C6_8h	59860.658639			cluster_1
UL40	E	12h	12	NRK	NRK_12h	36905.991514			cluster_1
UL40	E	1h	1	NRK	NRK_1h	39473.68421			cluster_1
UL40	E	2h	2	NRK	NRK_2h	92320.261437			cluster_1
UL40	E	4h	4	NRK	NRK_4h	63191.392637			cluster_1
UL40	E	6h	6	NRK	NRK_6h	32733.034472			cluster_1
UL40	E	8h	8	NRK	NRK_8h	40679.888633			cluster_1
UL40	E	0.5h	0.5	PC_12	PC_12_0.5h	33333.333333			cluster_1
UL40	E	1.5h	1.5	PC_12	PC_12_1.5h	75738.125802			cluster_1
UL40	E	12h	12	PC_12	PC_12_12h	40123.799139			cluster_1
UL40	E	1h	1	PC_12	PC_12_1h	64024.390245			cluster_1
UL40	E	2.5h	2.5	PC_12	PC_12_2.5h	67614.125753			cluster_1
UL40	E	2h	2	PC_12	PC_12_2h	67450.980392			cluster_1
UL40	E	4h	4	PC_12	PC_12_4h	46224.326968			cluster_1
UL40	E	6h	6	PC_12	PC_12_6h	38704.47004			cluster_1
UL40	E	8h	8	PC_12	PC_12_8h	55911.127367			cluster_1
UL40	E	12h	12	PK_15	PK_15_12h	14928.875563			cluster_1
UL40	E	1h	1	PK_15	PK_15_1h	29191.616766			cluster_1
UL40	E	2h	2	PK_15	PK_15_2h	56675.381632			cluster_1
UL40	E	4h	4	PK_15	PK_15_4h	58591.151032			cluster_1
UL40	E	6h	6	PK_15	PK_15_6h	35050.73729			cluster_1
UL40	E	8h	8	PK_15	PK_15_8h	31784.200691			cluster_1
UL41	L	12h	12	C6	C6_12h	38.958352			cluster_8
UL41	L	1h	1	C6	C6_1h	652.315721			cluster_8
UL41	L	2h	2	C6	C6_2h	1016.776818			cluster_8
UL41	L	4h	4	C6	C6_4h	0			cluster_8
UL41	L	6h	6	C6	C6_6h	218.161985			cluster_8
UL41	L	8h	8	C6	C6_8h	170.821285			cluster_8
UL41	L	12h	12	NRK	NRK_12h	239.011857			cluster_8
UL41	L	1h	1	NRK	NRK_1h	0			cluster_8
UL41	L	2h	2	NRK	NRK_2h	1633.986928			cluster_8
UL41	L	4h	4	NRK	NRK_4h	757.69056			cluster_8
UL41	L	6h	6	NRK	NRK_6h	425.104343			cluster_8
UL41	L	8h	8	NRK	NRK_8h	326.539028			cluster_8
UL41	L	0.5h	0.5	PC_12	PC_12_0.5h	0			cluster_8
UL41	L	1.5h	1.5	PC_12	PC_12_1.5h	0			cluster_8
UL41	L	12h	12	PC_12	PC_12_12h	100.09983			cluster_8
UL41	L	1h	1	PC_12	PC_12_1h	0			cluster_8
UL41	L	2.5h	2.5	PC_12	PC_12_2.5h	0			cluster_8
UL41	L	2h	2	PC_12	PC_12_2h	0			cluster_8
UL41	L	4h	4	PC_12	PC_12_4h	308.84851			cluster_8
UL41	L	6h	6	PC_12	PC_12_6h	294.67157			cluster_8
UL41	L	8h	8	PC_12	PC_12_8h	274.298255			cluster_8
UL41	L	12h	12	PK_15	PK_15_12h	112.699888			cluster_8
UL41	L	1h	1	PK_15	PK_15_1h	0			cluster_8
UL41	L	2h	2	PK_15	PK_15_2h	84.338366			cluster_8
UL41	L	4h	4	PK_15	PK_15_4h	62.37525			cluster_8
UL41	L	6h	6	PK_15	PK_15_6h	166.021865			cluster_8
UL41	L	8h	8	PK_15	PK_15_8h	202.049934			cluster_8
UL42	L	12h	12	C6	C6_12h	9566.710091			cluster_8
UL42	L	1h	1	C6	C6_1h	9132.420091			cluster_8
UL42	L	2h	2	C6	C6_2h	12201.32181			cluster_8
UL42	L	4h	4	C6	C6_4h	15031.196823			cluster_8
UL42	L	6h	6	C6	C6_6h	11508.044721			cluster_8
UL42	L	8h	8	C6	C6_8h	9407.372161			cluster_8
UL42	L	12h	12	NRK	NRK_12h	12518.245993			cluster_8
UL42	L	1h	1	NRK	NRK_1h	18421.052631			cluster_8
UL42	L	2h	2	NRK	NRK_2h	22875.816993			cluster_8
UL42	L	4h	4	NRK	NRK_4h	9243.824824			cluster_8
UL42	L	6h	6	NRK	NRK_6h	7999.690832			cluster_8
UL42	L	8h	8	NRK	NRK_8h	12872.512287			cluster_8
UL42	L	0.5h	0.5	PC_12	PC_12_0.5h	33333.333334			cluster_8
UL42	L	1.5h	1.5	PC_12	PC_12_1.5h	19255.455711			cluster_8
UL42	L	12h	12	PC_12	PC_12_12h	8365.099248			cluster_8
UL42	L	1h	1	PC_12	PC_12_1h	4573.170732			cluster_8
UL42	L	2.5h	2.5	PC_12	PC_12_2.5h	18518.518517			cluster_8
UL42	L	2h	2	PC_12	PC_12_2h	12549.019605			cluster_8
UL42	L	4h	4	PC_12	PC_12_4h	13898.182944			cluster_8
UL42	L	6h	6	PC_12	PC_12_6h	11030.966137			cluster_8
UL42	L	8h	8	PC_12	PC_12_8h	10629.05733			cluster_8
UL42	L	12h	12	PK_15	PK_15_12h	13557.950897			cluster_8
UL42	L	1h	1	PK_15	PK_15_1h	5239.520958			cluster_8
UL42	L	2h	2	PK_15	PK_15_2h	7759.129632			cluster_8
UL42	L	4h	4	PK_15	PK_15_4h	15302.727878			cluster_8
UL42	L	6h	6	PK_15	PK_15_6h	13397.461373			cluster_8
UL42	L	8h	8	PK_15	PK_15_8h	13053.423497			cluster_8
UL43	L	12h	12	C6	C6_12h	6705.706182			cluster_1
UL43	L	1h	1	C6	C6_1h	15003.261579			cluster_1
UL43	L	2h	2	C6	C6_2h	21860.701574			cluster_1
UL43	L	4h	4	C6	C6_4h	9359.047078			cluster_1
UL43	L	6h	6	C6	C6_6h	13526.043089			cluster_1
UL43	L	8h	8	C6	C6_8h	10090.657297			cluster_1
UL43	L	12h	12	NRK	NRK_12h	10418.356111			cluster_1
UL43	L	1h	1	NRK	NRK_1h	52631.578946			cluster_1
UL43	L	2h	2	NRK	NRK_2h	36764.705882			cluster_1
UL43	L	4h	4	NRK	NRK_4h	9546.901046			cluster_1
UL43	L	6h	6	NRK	NRK_6h	7033.544596			cluster_1
UL43	L	8h	8	NRK	NRK_8h	12236.620493			cluster_1
UL43	L	0.5h	0.5	PC_12	PC_12_0.5h	0			cluster_1
UL43	L	1.5h	1.5	PC_12	PC_12_1.5h	33376.123231			cluster_1
UL43	L	12h	12	PC_12	PC_12_12h	7112.498681			cluster_1
UL43	L	1h	1	PC_12	PC_12_1h	17530.487806			cluster_1
UL43	L	2.5h	2.5	PC_12	PC_12_2.5h	24547.803617			cluster_1
UL43	L	2h	2	PC_12	PC_12_2h	23529.411762			cluster_1
UL43	L	4h	4	PC_12	PC_12_4h	15185.051732			cluster_1
UL43	L	6h	6	PC_12	PC_12_6h	12747.748326			cluster_1
UL43	L	8h	8	PC_12	PC_12_8h	11314.802961			cluster_1
UL43	L	12h	12	PK_15	PK_15_12h	6024.040586			cluster_1
UL43	L	1h	1	PK_15	PK_15_1h	4491.017964			cluster_1
UL43	L	2h	2	PK_15	PK_15_2h	24795.479464			cluster_1
UL43	L	4h	4	PK_15	PK_15_4h	18130.405855			cluster_1
UL43	L	6h	6	PK_15	PK_15_6h	11198.929411			cluster_1
UL43	L	8h	8	PK_15	PK_15_8h	11988.29607			cluster_1
UL44	L	12h	12	C6	C6_12h	22532.536311			cluster_5
UL44	L	1h	1	C6	C6_1h	1956.947163			cluster_5
UL44	L	2h	2	C6	C6_2h	9150.991358			cluster_5
UL44	L	4h	4	C6	C6_4h	17016.449234			cluster_5
UL44	L	6h	6	C6	C6_6h	18652.849741			cluster_5
UL44	L	8h	8	C6	C6_8h	13860.927073			cluster_5
UL44	L	12h	12	NRK	NRK_12h	31109.953989			cluster_5
UL44	L	1h	1	NRK	NRK_1h	2631.578947			cluster_5
UL44	L	2h	2	NRK	NRK_2h	1633.986928			cluster_5
UL44	L	4h	4	NRK	NRK_4h	11062.282165			cluster_5
UL44	L	6h	6	NRK	NRK_6h	10473.025197			cluster_5
UL44	L	8h	8	NRK	NRK_8h	19506.410478			cluster_5
UL44	L	0.5h	0.5	PC_12	PC_12_0.5h	0			cluster_5
UL44	L	1.5h	1.5	PC_12	PC_12_1.5h	3851.091142			cluster_5
UL44	L	12h	12	PC_12	PC_12_12h	31066.11729			cluster_5
UL44	L	1h	1	PC_12	PC_12_1h	1524.390244			cluster_5
UL44	L	2.5h	2.5	PC_12	PC_12_2.5h	4737.295434			cluster_5
UL44	L	2h	2	PC_12	PC_12_2h	6274.509802			cluster_5
UL44	L	4h	4	PC_12	PC_12_4h	13331.960673			cluster_5
UL44	L	6h	6	PC_12	PC_12_6h	17654.670543			cluster_5
UL44	L	8h	8	PC_12	PC_12_8h	24252.53726			cluster_5
UL44	L	12h	12	PK_15	PK_15_12h	57070.914476			cluster_5
UL44	L	1h	1	PK_15	PK_15_1h	748.502994			cluster_5
UL44	L	2h	2	PK_15	PK_15_2h	15180.905794			cluster_5
UL44	L	4h	4	PK_15	PK_15_4h	7089.986693			cluster_5
UL44	L	6h	6	PK_15	PK_15_6h	14881.596226			cluster_5
UL44	L	8h	8	PK_15	PK_15_8h	25750.141559			cluster_5
UL26.5	L	12h	12	C6	C6_12h	98438.013612			cluster_3
UL26.5	L	1h	1	C6	C6_1h	70450.097848			cluster_3
UL26.5	L	2h	2	C6	C6_2h	82867.310625			cluster_3
UL26.5	L	4h	4	C6	C6_4h	68349.404422			cluster_3
UL26.5	L	6h	6	C6	C6_6h	64139.623671			cluster_3
UL26.5	L	8h	8	C6	C6_8h	61995.924695			cluster_3
UL26.5	L	12h	12	NRK	NRK_12h	92207.359857			cluster_3
UL26.5	L	1h	1	NRK	NRK_1h	18421.052631			cluster_3
UL26.5	L	2h	2	NRK	NRK_2h	44117.647059			cluster_3
UL26.5	L	4h	4	NRK	NRK_4h	56675.253827			cluster_3
UL26.5	L	6h	6	NRK	NRK_6h	53138.042973			cluster_3
UL26.5	L	8h	8	NRK	NRK_8h	68934.107859			cluster_3
UL26.5	L	0.5h	0.5	PC_12	PC_12_0.5h	50000			cluster_3
UL26.5	L	1.5h	1.5	PC_12	PC_12_1.5h	34659.82028			cluster_3
UL26.5	L	12h	12	PC_12	PC_12_12h	68360.067201			cluster_3
UL26.5	L	1h	1	PC_12	PC_12_1h	36585.365854			cluster_3
UL26.5	L	2.5h	2.5	PC_12	PC_12_2.5h	46080.964684			cluster_3
UL26.5	L	2h	2	PC_12	PC_12_2h	53856.209147			cluster_3
UL26.5	L	4h	4	PC_12	PC_12_4h	58475.317857			cluster_3
UL26.5	L	6h	6	PC_12	PC_12_6h	63008.468606			cluster_3
UL26.5	L	8h	8	PC_12	PC_12_8h	59739.873823			cluster_3
UL26.5	L	12h	12	PK_15	PK_15_12h	82077.93892			cluster_3
UL26.5	L	1h	1	PK_15	PK_15_1h	17964.071856			cluster_3
UL26.5	L	2h	2	PK_15	PK_15_2h	59374.209328			cluster_3
UL26.5	L	4h	4	PK_15	PK_15_4h	51709.081837			cluster_3
UL26.5	L	6h	6	PK_15	PK_15_6h	59586.756487			cluster_3
UL26.5	L	8h	8	PK_15	PK_15_8h	61380.774325			cluster_3
UL26	L	12h	12	C6	C6_12h	98438.013612			cluster_3
UL26	L	1h	1	C6	C6_1h	70450.097848			cluster_3
UL26	L	2h	2	C6	C6_2h	82867.310625			cluster_3
UL26	L	4h	4	C6	C6_4h	68349.404422			cluster_3
UL26	L	6h	6	C6	C6_6h	64139.623671			cluster_3
UL26	L	8h	8	C6	C6_8h	61995.924695			cluster_3
UL26	L	12h	12	NRK	NRK_12h	92207.359857			cluster_3
UL26	L	1h	1	NRK	NRK_1h	18421.052631			cluster_3
UL26	L	2h	2	NRK	NRK_2h	44117.647059			cluster_3
UL26	L	4h	4	NRK	NRK_4h	56675.253827			cluster_3
UL26	L	6h	6	NRK	NRK_6h	53138.042973			cluster_3
UL26	L	8h	8	NRK	NRK_8h	68934.107859			cluster_3
UL26	L	0.5h	0.5	PC_12	PC_12_0.5h	50000			cluster_3
UL26	L	1.5h	1.5	PC_12	PC_12_1.5h	34659.82028			cluster_3
UL26	L	12h	12	PC_12	PC_12_12h	68360.067201			cluster_3
UL26	L	1h	1	PC_12	PC_12_1h	36585.365854			cluster_3
UL26	L	2.5h	2.5	PC_12	PC_12_2.5h	46080.964684			cluster_3
UL26	L	2h	2	PC_12	PC_12_2h	53856.209147			cluster_3
UL26	L	4h	4	PC_12	PC_12_4h	58475.317857			cluster_3
UL26	L	6h	6	PC_12	PC_12_6h	63008.468606			cluster_3
UL26	L	8h	8	PC_12	PC_12_8h	59739.873823			cluster_3
UL26	L	12h	12	PK_15	PK_15_12h	82077.93892			cluster_3
UL26	L	1h	1	PK_15	PK_15_1h	17964.071856			cluster_3
UL26	L	2h	2	PK_15	PK_15_2h	59374.209328			cluster_3
UL26	L	4h	4	PK_15	PK_15_4h	51709.081837			cluster_3
UL26	L	6h	6	PK_15	PK_15_6h	59586.756487			cluster_3
UL26	L	8h	8	PK_15	PK_15_8h	61380.774325			cluster_3
UL25	L	12h	12	C6	C6_12h	0			cluster_3
UL25	L	1h	1	C6	C6_1h	0			cluster_3
UL25	L	2h	2	C6	C6_2h	0			cluster_3
UL25	L	4h	4	C6	C6_4h	0			cluster_3
UL25	L	6h	6	C6	C6_6h	54.540496			cluster_3
UL25	L	8h	8	C6	C6_8h	85.410642			cluster_3
UL25	L	12h	12	NRK	NRK_12h	42.680689			cluster_3
UL25	L	1h	1	NRK	NRK_1h	0			cluster_3
UL25	L	2h	2	NRK	NRK_2h	0			cluster_3
UL25	L	4h	4	NRK	NRK_4h	0			cluster_3
UL25	L	6h	6	NRK	NRK_6h	0			cluster_3
UL25	L	8h	8	NRK	NRK_8h	34.372529			cluster_3
UL25	L	0.5h	0.5	PC_12	PC_12_0.5h	0			cluster_3
UL25	L	1.5h	1.5	PC_12	PC_12_1.5h	0			cluster_3
UL25	L	12h	12	PC_12	PC_12_12h	121.743036			cluster_3
UL25	L	1h	1	PC_12	PC_12_1h	0			cluster_3
UL25	L	2.5h	2.5	PC_12	PC_12_2.5h	0			cluster_3
UL25	L	2h	2	PC_12	PC_12_2h	0			cluster_3
UL25	L	4h	4	PC_12	PC_12_4h	0			cluster_3
UL25	L	6h	6	PC_12	PC_12_6h	38.435422			cluster_3
UL25	L	8h	8	PC_12	PC_12_8h	0			cluster_3
UL25	L	12h	12	PK_15	PK_15_12h	114.243722			cluster_3
UL25	L	1h	1	PK_15	PK_15_1h	0			cluster_3
UL25	L	2h	2	PK_15	PK_15_2h	84.338366			cluster_3
UL25	L	4h	4	PK_15	PK_15_4h	124.750499			cluster_3
UL25	L	6h	6	PK_15	PK_15_6h	55.340622			cluster_3
UL25	L	8h	8	PK_15	PK_15_8h	64.855534			cluster_3
UL24	L	12h	12	C6	C6_12h	0			
UL24	L	1h	1	C6	C6_1h	0			
UL24	L	2h	2	C6	C6_2h	0			
UL24	L	4h	4	C6	C6_4h	0			
UL24	L	6h	6	C6	C6_6h	0			
UL24	L	8h	8	C6	C6_8h	0			
UL24	L	12h	12	NRK	NRK_12h	0			
UL24	L	1h	1	NRK	NRK_1h	0			
UL24	L	2h	2	NRK	NRK_2h	0			
UL24	L	4h	4	NRK	NRK_4h	0			
UL24	L	6h	6	NRK	NRK_6h	38.645849			
UL24	L	8h	8	NRK	NRK_8h	0			
UL24	L	0.5h	0.5	PC_12	PC_12_0.5h	0			
UL24	L	1.5h	1.5	PC_12	PC_12_1.5h	0			
UL24	L	12h	12	PC_12	PC_12_12h	0			
UL24	L	1h	1	PC_12	PC_12_1h	0			
UL24	L	2.5h	2.5	PC_12	PC_12_2.5h	0			
UL24	L	2h	2	PC_12	PC_12_2h	0			
UL24	L	4h	4	PC_12	PC_12_4h	0			
UL24	L	6h	6	PC_12	PC_12_6h	0			
UL24	L	8h	8	PC_12	PC_12_8h	0			
UL24	L	12h	12	PK_15	PK_15_12h	0			
UL24	L	1h	1	PK_15	PK_15_1h	0			
UL24	L	2h	2	PK_15	PK_15_2h	0			
UL24	L	4h	4	PK_15	PK_15_4h	0			
UL24	L	6h	6	PK_15	PK_15_6h	0			
UL24	L	8h	8	PK_15	PK_15_8h	0			
UL23	L	12h	12	C6	C6_12h	4952.580381			cluster_1
UL23	L	1h	1	C6	C6_1h	43705.153293			cluster_1
UL23	L	2h	2	C6	C6_2h	57447.890189			cluster_1
UL23	L	4h	4	C6	C6_4h	14463.981849			cluster_1
UL23	L	6h	6	C6	C6_6h	18434.687755			cluster_1
UL23	L	8h	8	C6	C6_8h	11445.026051			cluster_1
UL23	L	12h	12	NRK	NRK_12h	11400.01195			cluster_1
UL23	L	1h	1	NRK	NRK_1h	42105.263157			cluster_1
UL23	L	2h	2	NRK	NRK_2h	31862.745098			cluster_1
UL23	L	4h	4	NRK	NRK_4h	15153.811184			cluster_1
UL23	L	6h	6	NRK	NRK_6h	0			cluster_1
UL23	L	8h	8	NRK	NRK_8h	13422.472758			cluster_1
UL23	L	0.5h	0.5	PC_12	PC_12_0.5h	0			cluster_1
UL23	L	1.5h	1.5	PC_12	PC_12_1.5h	51347.881898			cluster_1
UL23	L	12h	12	PC_12	PC_12_12h	5356.693567			cluster_1
UL23	L	1h	1	PC_12	PC_12_1h	38109.756098			cluster_1
UL23	L	2.5h	2.5	PC_12	PC_12_2.5h	37467.700258			cluster_1
UL23	L	2h	2	PC_12	PC_12_2h	28496.732023			cluster_1
UL23	L	4h	4	PC_12	PC_12_4h	15082.102229			cluster_1
UL23	L	6h	6	PC_12	PC_12_6h	13618.951226			cluster_1
UL23	L	8h	8	PC_12	PC_12_8h	10686.2028			cluster_1
UL23	L	12h	12	PK_15	PK_15_12h	2584.378252			cluster_1
UL23	L	1h	1	PK_15	PK_15_1h	5988.023952			cluster_1
UL23	L	2h	2	PK_15	PK_15_2h	15686.935989			cluster_1
UL23	L	4h	4	PK_15	PK_15_4h	19585.828343			cluster_1
UL23	L	6h	6	PK_15	PK_15_6h	11203.960377			cluster_1
UL23	L	8h	8	PK_15	PK_15_8h	7902.397408			cluster_1
UL22	L	12h	12	C6	C6_12h	9435.225654			cluster_8
UL22	L	1h	1	C6	C6_1h	5870.841488			cluster_8
UL22	L	2h	2	C6	C6_2h	11184.544993			cluster_8
UL22	L	4h	4	C6	C6_4h	10777.084513			cluster_8
UL22	L	6h	6	C6	C6_6h	7853.831468			cluster_8
UL22	L	8h	8	C6	C6_8h	8321.436851			cluster_8
UL22	L	12h	12	NRK	NRK_12h	8314.198157			cluster_8
UL22	L	1h	1	NRK	NRK_1h	0			cluster_8
UL22	L	2h	2	NRK	NRK_2h	7352.941176			cluster_8
UL22	L	4h	4	NRK	NRK_4h	15911.501745			cluster_8
UL22	L	6h	6	NRK	NRK_6h	10627.608594			cluster_8
UL22	L	8h	8	NRK	NRK_8h	9916.474753			cluster_8
UL22	L	0.5h	0.5	PC_12	PC_12_0.5h	0			cluster_8
UL22	L	1.5h	1.5	PC_12	PC_12_1.5h	7702.182284			cluster_8
UL22	L	12h	12	PC_12	PC_12_12h	10875.711182			cluster_8
UL22	L	1h	1	PC_12	PC_12_1h	12957.317073			cluster_8
UL22	L	2.5h	2.5	PC_12	PC_12_2.5h	6890.611541			cluster_8
UL22	L	2h	2	PC_12	PC_12_2h	9934.640521			cluster_8
UL22	L	4h	4	PC_12	PC_12_4h	10964.122098			cluster_8
UL22	L	6h	6	PC_12	PC_12_6h	9147.630457			cluster_8
UL22	L	8h	8	PC_12	PC_12_8h	11829.112189			cluster_8
UL22	L	12h	12	PK_15	PK_15_12h	4713.325448			cluster_8
UL22	L	1h	1	PK_15	PK_15_1h	748.502994			cluster_8
UL22	L	2h	2	PK_15	PK_15_2h	5060.301932			cluster_8
UL22	L	4h	4	PK_15	PK_15_4h	5738.522955			cluster_8
UL22	L	6h	6	PK_15	PK_15_6h	5951.632296			cluster_8
UL22	L	8h	8	PK_15	PK_15_8h	6570.364514			cluster_8
CTO-S	L	12h	12	C6	C6_12h	2705.170504			cluster_5
CTO-S	L	1h	1	C6	C6_1h	1956.947163			cluster_5
CTO-S	L	2h	2	C6	C6_2h	3050.330453			cluster_5
CTO-S	L	4h	4	C6	C6_4h	7941.009641			cluster_5
CTO-S	L	6h	6	C6	C6_6h	11398.96373			cluster_5
CTO-S	L	8h	8	C6	C6_8h	8821.699185			cluster_5
CTO-S	L	12h	12	NRK	NRK_12h	12010.3458			cluster_5
CTO-S	L	1h	1	NRK	NRK_1h	7894.736842			cluster_5
CTO-S	L	2h	2	NRK	NRK_2h	13071.895424			cluster_5
CTO-S	L	4h	4	NRK	NRK_4h	4697.681467			cluster_5
CTO-S	L	6h	6	NRK	NRK_6h	11748.338228			cluster_5
CTO-S	L	8h	8	NRK	NRK_8h	5258.997007			cluster_5
CTO-S	L	0.5h	0.5	PC_12	PC_12_0.5h	33333.333334			cluster_5
CTO-S	L	1.5h	1.5	PC_12	PC_12_1.5h	21822.849807			cluster_5
CTO-S	L	12h	12	PC_12	PC_12_12h	16099.840108			cluster_5
CTO-S	L	1h	1	PC_12	PC_12_1h	3048.780488			cluster_5
CTO-S	L	2.5h	2.5	PC_12	PC_12_2.5h	52540.913005			cluster_5
CTO-S	L	2h	2	PC_12	PC_12_2h	1568.62745			cluster_5
CTO-S	L	4h	4	PC_12	PC_12_4h	13074.586917			cluster_5
CTO-S	L	6h	6	PC_12	PC_12_6h	12901.490013			cluster_5
CTO-S	L	8h	8	PC_12	PC_12_8h	10903.355583			cluster_5
CTO-S	L	12h	12	PK_15	PK_15_12h	23787.395523			cluster_5
CTO-S	L	1h	1	PK_15	PK_15_1h	0			cluster_5
CTO-S	L	2h	2	PK_15	PK_15_2h	13241.12339			cluster_5
CTO-S	L	4h	4	PK_15	PK_15_4h	10458.250168			cluster_5
CTO-S	L	6h	6	PK_15	PK_15_6h	18292.590898			cluster_5
CTO-S	L	8h	8	PK_15	PK_15_8h	11935.912754			cluster_5
CTO-M	L	12h	12	C6	C6_12h	2705.170504			cluster_5
CTO-M	L	1h	1	C6	C6_1h	1956.947163			cluster_5
CTO-M	L	2h	2	C6	C6_2h	3050.330453			cluster_5
CTO-M	L	4h	4	C6	C6_4h	7941.009641			cluster_5
CTO-M	L	6h	6	C6	C6_6h	11398.96373			cluster_5
CTO-M	L	8h	8	C6	C6_8h	8821.699185			cluster_5
CTO-M	L	12h	12	NRK	NRK_12h	12010.3458			cluster_5
CTO-M	L	1h	1	NRK	NRK_1h	7894.736842			cluster_5
CTO-M	L	2h	2	NRK	NRK_2h	13071.895424			cluster_5
CTO-M	L	4h	4	NRK	NRK_4h	4697.681467			cluster_5
CTO-M	L	6h	6	NRK	NRK_6h	11748.338228			cluster_5
CTO-M	L	8h	8	NRK	NRK_8h	5258.997007			cluster_5
CTO-M	L	0.5h	0.5	PC_12	PC_12_0.5h	33333.333334			cluster_5
CTO-M	L	1.5h	1.5	PC_12	PC_12_1.5h	21822.849807			cluster_5
CTO-M	L	12h	12	PC_12	PC_12_12h	16099.840108			cluster_5
CTO-M	L	1h	1	PC_12	PC_12_1h	3048.780488			cluster_5
CTO-M	L	2.5h	2.5	PC_12	PC_12_2.5h	52540.913005			cluster_5
CTO-M	L	2h	2	PC_12	PC_12_2h	1568.62745			cluster_5
CTO-M	L	4h	4	PC_12	PC_12_4h	13074.586917			cluster_5
CTO-M	L	6h	6	PC_12	PC_12_6h	12901.490013			cluster_5
CTO-M	L	8h	8	PC_12	PC_12_8h	10903.355583			cluster_5
CTO-M	L	12h	12	PK_15	PK_15_12h	23787.395523			cluster_5
CTO-M	L	1h	1	PK_15	PK_15_1h	0			cluster_5
CTO-M	L	2h	2	PK_15	PK_15_2h	13241.12339			cluster_5
CTO-M	L	4h	4	PK_15	PK_15_4h	10458.250168			cluster_5
CTO-M	L	6h	6	PK_15	PK_15_6h	18292.590898			cluster_5
CTO-M	L	8h	8	PK_15	PK_15_8h	11935.912754			cluster_5
CTO-L	unknown	12h	12	C6	C6_12h	2705.170504			cluster_5
CTO-L	unknown	1h	1	C6	C6_1h	1956.947163			cluster_5
CTO-L	unknown	2h	2	C6	C6_2h	3050.330453			cluster_5
CTO-L	unknown	4h	4	C6	C6_4h	7941.009641			cluster_5
CTO-L	unknown	6h	6	C6	C6_6h	11398.96373			cluster_5
CTO-L	unknown	8h	8	C6	C6_8h	8821.699185			cluster_5
CTO-L	unknown	12h	12	NRK	NRK_12h	12010.3458			cluster_5
CTO-L	unknown	1h	1	NRK	NRK_1h	7894.736842			cluster_5
CTO-L	unknown	2h	2	NRK	NRK_2h	13071.895424			cluster_5
CTO-L	unknown	4h	4	NRK	NRK_4h	4697.681467			cluster_5
CTO-L	unknown	6h	6	NRK	NRK_6h	11748.338228			cluster_5
CTO-L	unknown	8h	8	NRK	NRK_8h	5258.997007			cluster_5
CTO-L	unknown	0.5h	0.5	PC_12	PC_12_0.5h	33333.333334			cluster_5
CTO-L	unknown	1.5h	1.5	PC_12	PC_12_1.5h	21822.849807			cluster_5
CTO-L	unknown	12h	12	PC_12	PC_12_12h	16099.840108			cluster_5
CTO-L	unknown	1h	1	PC_12	PC_12_1h	3048.780488			cluster_5
CTO-L	unknown	2.5h	2.5	PC_12	PC_12_2.5h	52540.913005			cluster_5
CTO-L	unknown	2h	2	PC_12	PC_12_2h	1568.62745			cluster_5
CTO-L	unknown	4h	4	PC_12	PC_12_4h	13074.586917			cluster_5
CTO-L	unknown	6h	6	PC_12	PC_12_6h	12901.490013			cluster_5
CTO-L	unknown	8h	8	PC_12	PC_12_8h	10903.355583			cluster_5
CTO-L	unknown	12h	12	PK_15	PK_15_12h	23787.395523			cluster_5
CTO-L	unknown	1h	1	PK_15	PK_15_1h	0			cluster_5
CTO-L	unknown	2h	2	PK_15	PK_15_2h	13241.12339			cluster_5
CTO-L	unknown	4h	4	PK_15	PK_15_4h	10458.250168			cluster_5
CTO-L	unknown	6h	6	PK_15	PK_15_6h	18292.590898			cluster_5
CTO-L	unknown	8h	8	PK_15	PK_15_8h	11935.912754			cluster_5
UL21	L	12h	12	C6	C6_12h	0			cluster_9
UL21	L	1h	1	C6	C6_1h	3261.578605			cluster_9
UL21	L	2h	2	C6	C6_2h	0			cluster_9
UL21	L	4h	4	C6	C6_4h	0			cluster_9
UL21	L	6h	6	C6	C6_6h	0			cluster_9
UL21	L	8h	8	C6	C6_8h	0			cluster_9
UL21	L	12h	12	NRK	NRK_12h	0			cluster_9
UL21	L	1h	1	NRK	NRK_1h	0			cluster_9
UL21	L	2h	2	NRK	NRK_2h	0			cluster_9
UL21	L	4h	4	NRK	NRK_4h	0			cluster_9
UL21	L	6h	6	NRK	NRK_6h	0			cluster_9
UL21	L	8h	8	NRK	NRK_8h	0			cluster_9
UL21	L	0.5h	0.5	PC_12	PC_12_0.5h	33333.333334			cluster_9
UL21	L	1.5h	1.5	PC_12	PC_12_1.5h	0			cluster_9
UL21	L	12h	12	PC_12	PC_12_12h	0			cluster_9
UL21	L	1h	1	PC_12	PC_12_1h	0			cluster_9
UL21	L	2.5h	2.5	PC_12	PC_12_2.5h	0			cluster_9
UL21	L	2h	2	PC_12	PC_12_2h	3921.568626			cluster_9
UL21	L	4h	4	PC_12	PC_12_4h	0			cluster_9
UL21	L	6h	6	PC_12	PC_12_6h	0			cluster_9
UL21	L	8h	8	PC_12	PC_12_8h	0			cluster_9
UL21	L	12h	12	PK_15	PK_15_12h	0			cluster_9
UL21	L	1h	1	PK_15	PK_15_1h	1497.005988			cluster_9
UL21	L	2h	2	PK_15	PK_15_2h	0			cluster_9
UL21	L	4h	4	PK_15	PK_15_4h	0			cluster_9
UL21	L	6h	6	PK_15	PK_15_6h	0			cluster_9
UL21	L	8h	8	PK_15	PK_15_8h	0			cluster_9
UL20	L	12h	12	C6	C6_12h	0			cluster_10
UL20	L	1h	1	C6	C6_1h	0			cluster_10
UL20	L	2h	2	C6	C6_2h	0			cluster_10
UL20	L	4h	4	C6	C6_4h	0			cluster_10
UL20	L	6h	6	C6	C6_6h	0			cluster_10
UL20	L	8h	8	C6	C6_8h	0			cluster_10
UL20	L	12h	12	NRK	NRK_12h	0			cluster_10
UL20	L	1h	1	NRK	NRK_1h	0			cluster_10
UL20	L	2h	2	NRK	NRK_2h	0			cluster_10
UL20	L	4h	4	NRK	NRK_4h	0			cluster_10
UL20	L	6h	6	NRK	NRK_6h	0			cluster_10
UL20	L	8h	8	NRK	NRK_8h	0			cluster_10
UL20	L	0.5h	0.5	PC_12	PC_12_0.5h	0			cluster_10
UL20	L	1.5h	1.5	PC_12	PC_12_1.5h	0			cluster_10
UL20	L	12h	12	PC_12	PC_12_12h	0			cluster_10
UL20	L	1h	1	PC_12	PC_12_1h	0			cluster_10
UL20	L	2.5h	2.5	PC_12	PC_12_2.5h	0			cluster_10
UL20	L	2h	2	PC_12	PC_12_2h	0			cluster_10
UL20	L	4h	4	PC_12	PC_12_4h	0			cluster_10
UL20	L	6h	6	PC_12	PC_12_6h	0			cluster_10
UL20	L	8h	8	PC_12	PC_12_8h	0			cluster_10
UL20	L	12h	12	PK_15	PK_15_12h	0			cluster_10
UL20	L	1h	1	PK_15	PK_15_1h	0			cluster_10
UL20	L	2h	2	PK_15	PK_15_2h	84.338366			cluster_10
UL20	L	4h	4	PK_15	PK_15_4h	0			cluster_10
UL20	L	6h	6	PK_15	PK_15_6h	0			cluster_10
UL20	L	8h	8	PK_15	PK_15_8h	0			cluster_10
UL19	L	12h	12	C6	C6_12h	11458.625013			cluster_5
UL19	L	1h	1	C6	C6_1h	6523.157209			cluster_5
UL19	L	2h	2	C6	C6_2h	6609.049314			cluster_5
UL19	L	4h	4	C6	C6_4h	5388.542257			cluster_5
UL19	L	6h	6	C6	C6_6h	5781.292609			cluster_5
UL19	L	8h	8	C6	C6_8h	6759.642252			cluster_5
UL19	L	12h	12	NRK	NRK_12h	15689.421164			cluster_5
UL19	L	1h	1	NRK	NRK_1h	5263.157894			cluster_5
UL19	L	2h	2	NRK	NRK_2h	6535.947712			cluster_5
UL19	L	4h	4	NRK	NRK_4h	6970.753145			cluster_5
UL19	L	6h	6	NRK	NRK_6h	5912.814964			cluster_5
UL19	L	8h	8	NRK	NRK_8h	12769.394697			cluster_5
UL19	L	0.5h	0.5	PC_12	PC_12_0.5h	0			cluster_5
UL19	L	1.5h	1.5	PC_12	PC_12_1.5h	5134.788189			cluster_5
UL19	L	12h	12	PC_12	PC_12_12h	13840.83045			cluster_5
UL19	L	1h	1	PC_12	PC_12_1h	6097.560976			cluster_5
UL19	L	2.5h	2.5	PC_12	PC_12_2.5h	4737.295435			cluster_5
UL19	L	2h	2	PC_12	PC_12_2h	8627.45098			cluster_5
UL19	L	4h	4	PC_12	PC_12_4h	8647.758275			cluster_5
UL19	L	6h	6	PC_12	PC_12_6h	10480.058421			cluster_5
UL19	L	8h	8	PC_12	PC_12_8h	13234.890737			cluster_5
UL19	L	12h	12	PK_15	PK_15_12h	26499.912002			cluster_5
UL19	L	1h	1	PK_15	PK_15_1h	748.502994			cluster_5
UL19	L	2h	2	PK_15	PK_15_2h	12060.38627			cluster_5
UL19	L	4h	4	PK_15	PK_15_4h	12391.882903			cluster_5
UL19	L	6h	6	PK_15	PK_15_6h	14509.304772			cluster_5
UL19	L	8h	8	PK_15	PK_15_8h	20334.704445			cluster_5
UL18	L	12h	12	C6	C6_12h	27139.361328			cluster_5
UL18	L	1h	1	C6	C6_1h	13046.314417			cluster_5
UL18	L	2h	2	C6	C6_2h	25927.808846			cluster_5
UL18	L	4h	4	C6	C6_4h	20136.131593			cluster_5
UL18	L	6h	6	C6	C6_6h	21434.415053			cluster_5
UL18	L	8h	8	C6	C6_8h	18680.527594			cluster_5
UL18	L	12h	12	NRK	NRK_12h	24537.127931			cluster_5
UL18	L	1h	1	NRK	NRK_1h	10526.315789			cluster_5
UL18	L	2h	2	NRK	NRK_2h	6535.947712			cluster_5
UL18	L	4h	4	NRK	NRK_4h	15002.273075			cluster_5
UL18	L	6h	6	NRK	NRK_6h	13680.630698			cluster_5
UL18	L	8h	8	NRK	NRK_8h	14522.393701			cluster_5
UL18	L	0.5h	0.5	PC_12	PC_12_0.5h	0			cluster_5
UL18	L	1.5h	1.5	PC_12	PC_12_1.5h	10269.576379			cluster_5
UL18	L	12h	12	PC_12	PC_12_12h	22803.823271			cluster_5
UL18	L	1h	1	PC_12	PC_12_1h	9146.341464			cluster_5
UL18	L	2.5h	2.5	PC_12	PC_12_2.5h	18087.855296			cluster_5
UL18	L	2h	2	PC_12	PC_12_2h	10196.07843			cluster_5
UL18	L	4h	4	PC_12	PC_12_4h	20075.153139			cluster_5
UL18	L	6h	6	PC_12	PC_12_6h	21216.35299			cluster_5
UL18	L	8h	8	PC_12	PC_12_8h	16252.171528			cluster_5
UL18	L	12h	12	PK_15	PK_15_12h	21510.240253			cluster_5
UL18	L	1h	1	PK_15	PK_15_1h	748.502994			cluster_5
UL18	L	2h	2	PK_15	PK_15_2h	7421.776169			cluster_5
UL18	L	4h	4	PK_15	PK_15_4h	11851.297407			cluster_5
UL18	L	6h	6	PK_15	PK_15_6h	14886.62719			cluster_5
UL18	L	8h	8	PK_15	PK_15_8h	13634.628864			cluster_5
UL15	L	12h	12	C6	C6_12h	2951.095097			cluster_8
UL15	L	1h	1	C6	C6_1h	0			cluster_8
UL15	L	2h	2	C6	C6_2h	2541.942043			cluster_8
UL15	L	4h	4	C6	C6_4h	3403.289846			cluster_8
UL15	L	6h	6	C6	C6_6h	0			cluster_8
UL15	L	8h	8	C6	C6_8h	3294.410483			cluster_8
UL15	L	12h	12	NRK	NRK_12h	3482.744197			cluster_8
UL15	L	1h	1	NRK	NRK_1h	2631.578947			cluster_8
UL15	L	2h	2	NRK	NRK_2h	816.993464			cluster_8
UL15	L	4h	4	NRK	NRK_4h	1666.919232			cluster_8
UL15	L	6h	6	NRK	NRK_6h	2009.58417			cluster_8
UL15	L	8h	8	NRK	NRK_8h	3368.507888			cluster_8
UL15	L	0.5h	0.5	PC_12	PC_12_0.5h	0			cluster_8
UL15	L	1.5h	1.5	PC_12	PC_12_1.5h	3851.091142			cluster_8
UL15	L	12h	12	PC_12	PC_12_12h	3002.994879			cluster_8
UL15	L	1h	1	PC_12	PC_12_1h	762.195122			cluster_8
UL15	L	2.5h	2.5	PC_12	PC_12_2.5h	2583.979328			cluster_8
UL15	L	2h	2	PC_12	PC_12_2h	1568.627451			cluster_8
UL15	L	4h	4	PC_12	PC_12_4h	2110.464817			cluster_8
UL15	L	6h	6	PC_12	PC_12_6h	3446.37618			cluster_8
UL15	L	8h	8	PC_12	PC_12_8h	3588.735486			cluster_8
UL15	L	12h	12	PK_15	PK_15_12h	1494.43139			cluster_8
UL15	L	1h	1	PK_15	PK_15_1h	0			cluster_8
UL15	L	2h	2	PK_15	PK_15_2h	0			cluster_8
UL15	L	4h	4	PK_15	PK_15_4h	2162.341985			cluster_8
UL15	L	6h	6	PK_15	PK_15_6h	2203.56293			cluster_8
UL15	L	8h	8	PK_15	PK_15_8h	2516.89362			cluster_8
UL16	L	12h	12	C6	C6_12h	182.617271			cluster_8
UL16	L	1h	1	C6	C6_1h	0			cluster_8
UL16	L	2h	2	C6	C6_2h	0			cluster_8
UL16	L	4h	4	C6	C6_4h	283.607487			cluster_8
UL16	L	6h	6	C6	C6_6h	163.621489			cluster_8
UL16	L	8h	8	C6	C6_8h	256.231926			cluster_8
UL16	L	12h	12	NRK	NRK_12h	268.88834			cluster_8
UL16	L	1h	1	NRK	NRK_1h	0			cluster_8
UL16	L	2h	2	NRK	NRK_2h	816.993464			cluster_8
UL16	L	4h	4	NRK	NRK_4h	0			cluster_8
UL16	L	6h	6	NRK	NRK_6h	425.104342			cluster_8
UL16	L	8h	8	NRK	NRK_8h	189.048911			cluster_8
UL16	L	0.5h	0.5	PC_12	PC_12_0.5h	0			cluster_8
UL16	L	1.5h	1.5	PC_12	PC_12_1.5h	1283.697047			cluster_8
UL16	L	12h	12	PC_12	PC_12_12h	270.540079			cluster_8
UL16	L	1h	1	PC_12	PC_12_1h	0			cluster_8
UL16	L	2.5h	2.5	PC_12	PC_12_2.5h	0			cluster_8
UL16	L	2h	2	PC_12	PC_12_2h	0			cluster_8
UL16	L	4h	4	PC_12	PC_12_4h	617.697021			cluster_8
UL16	L	6h	6	PC_12	PC_12_6h	217.800725			cluster_8
UL16	L	8h	8	PC_12	PC_12_8h	274.298254			cluster_8
UL16	L	12h	12	PK_15	PK_15_12h	356.625672			cluster_8
UL16	L	1h	1	PK_15	PK_15_1h	0			cluster_8
UL16	L	2h	2	PK_15	PK_15_2h	84.338366			cluster_8
UL16	L	4h	4	PK_15	PK_15_4h	291.084497			cluster_8
UL16	L	6h	6	PK_15	PK_15_6h	296.82697			cluster_8
UL16	L	8h	8	PK_15	PK_15_8h	236.972144			cluster_8
UL12	L	12h	12	C6	C6_12h	36786.423012			cluster_8
UL12	L	1h	1	C6	C6_1h	40443.574691			cluster_8
UL12	L	2h	2	C6	C6_2h	56939.50178			cluster_8
UL12	L	4h	4	C6	C6_4h	36301.758365			cluster_8
UL12	L	6h	6	C6	C6_6h	50449.959094			cluster_8
UL12	L	8h	8	C6	C6_8h	51551.423308			cluster_8
UL12	L	12h	12	NRK	NRK_12h	42339.243185			cluster_8
UL12	L	1h	1	NRK	NRK_1h	55263.157893			cluster_8
UL12	L	2h	2	NRK	NRK_2h	51470.588234			cluster_8
UL12	L	4h	4	NRK	NRK_4h	41824.518869			cluster_8
UL12	L	6h	6	NRK	NRK_6h	39380.120575			cluster_8
UL12	L	8h	8	NRK	NRK_8h	38720.654453			cluster_8
UL12	L	0.5h	0.5	PC_12	PC_12_0.5h	66666.666667			cluster_8
UL12	L	1.5h	1.5	PC_12	PC_12_1.5h	42362.002565			cluster_8
UL12	L	12h	12	PC_12	PC_12_12h	34323.419844			cluster_8
UL12	L	1h	1	PC_12	PC_12_1h	45731.707318			cluster_8
UL12	L	2.5h	2.5	PC_12	PC_12_2.5h	43927.648579			cluster_8
UL12	L	2h	2	PC_12	PC_12_2h	44967.320262			cluster_8
UL12	L	4h	4	PC_12	PC_12_4h	36289.699902			cluster_8
UL12	L	6h	6	PC_12	PC_12_6h	36423.968329			cluster_8
UL12	L	8h	8	PC_12	PC_12_8h	39476.090336			cluster_8
UL12	L	12h	12	PK_15	PK_15_12h	30439.776577			cluster_8
UL12	L	1h	1	PK_15	PK_15_1h	17215.568862			cluster_8
UL12	L	2h	2	PK_15	PK_15_2h	23614.742347			cluster_8
UL12	L	4h	4	PK_15	PK_15_4h	43309.214903			cluster_8
UL12	L	6h	6	PK_15	PK_15_6h	35664.515091			cluster_8
UL12	L	8h	8	PK_15	PK_15_8h	35341.277305			cluster_8
UL11	L	12h	12	C6	C6_12h	36786.423012			cluster_8
UL11	L	1h	1	C6	C6_1h	40443.574691			cluster_8
UL11	L	2h	2	C6	C6_2h	56939.50178			cluster_8
UL11	L	4h	4	C6	C6_4h	36301.758365			cluster_8
UL11	L	6h	6	C6	C6_6h	50449.959094			cluster_8
UL11	L	8h	8	C6	C6_8h	51551.423308			cluster_8
UL11	L	12h	12	NRK	NRK_12h	42339.243185			cluster_8
UL11	L	1h	1	NRK	NRK_1h	55263.157893			cluster_8
UL11	L	2h	2	NRK	NRK_2h	51470.588234			cluster_8
UL11	L	4h	4	NRK	NRK_4h	41824.518869			cluster_8
UL11	L	6h	6	NRK	NRK_6h	39380.120575			cluster_8
UL11	L	8h	8	NRK	NRK_8h	38720.654453			cluster_8
UL11	L	0.5h	0.5	PC_12	PC_12_0.5h	66666.666667			cluster_8
UL11	L	1.5h	1.5	PC_12	PC_12_1.5h	42362.002565			cluster_8
UL11	L	12h	12	PC_12	PC_12_12h	34323.419844			cluster_8
UL11	L	1h	1	PC_12	PC_12_1h	45731.707318			cluster_8
UL11	L	2.5h	2.5	PC_12	PC_12_2.5h	43927.648579			cluster_8
UL11	L	2h	2	PC_12	PC_12_2h	44967.320262			cluster_8
UL11	L	4h	4	PC_12	PC_12_4h	36289.699902			cluster_8
UL11	L	6h	6	PC_12	PC_12_6h	36423.968329			cluster_8
UL11	L	8h	8	PC_12	PC_12_8h	39476.090336			cluster_8
UL11	L	12h	12	PK_15	PK_15_12h	30439.776577			cluster_8
UL11	L	1h	1	PK_15	PK_15_1h	17215.568862			cluster_8
UL11	L	2h	2	PK_15	PK_15_2h	23614.742347			cluster_8
UL11	L	4h	4	PK_15	PK_15_4h	43309.214903			cluster_8
UL11	L	6h	6	PK_15	PK_15_6h	35664.515091			cluster_8
UL11	L	8h	8	PK_15	PK_15_8h	35341.277305			cluster_8
UL10	L	12h	12	C6	C6_12h	40419.289253			cluster_5
UL10	L	1h	1	C6	C6_1h	9784.735813			cluster_5
UL10	L	2h	2	C6	C6_2h	16776.817489			cluster_5
UL10	L	4h	4	C6	C6_4h	22972.206466			cluster_5
UL10	L	6h	6	C6	C6_6h	33760.56722			cluster_5
UL10	L	8h	8	C6	C6_8h	32517.051626			cluster_5
UL10	L	12h	12	NRK	NRK_12h	31541.028945			cluster_5
UL10	L	1h	1	NRK	NRK_1h	0			cluster_5
UL10	L	2h	2	NRK	NRK_2h	4901.960784			cluster_5
UL10	L	4h	4	NRK	NRK_4h	12880.739506			cluster_5
UL10	L	6h	6	NRK	NRK_6h	15612.923172			cluster_5
UL10	L	8h	8	NRK	NRK_8h	18853.332416			cluster_5
UL10	L	0.5h	0.5	PC_12	PC_12_0.5h	16666.666667			cluster_5
UL10	L	1.5h	1.5	PC_12	PC_12_1.5h	10269.576379			cluster_5
UL10	L	12h	12	PC_12	PC_12_12h	39287.830296			cluster_5
UL10	L	1h	1	PC_12	PC_12_1h	3048.780488			cluster_5
UL10	L	2.5h	2.5	PC_12	PC_12_2.5h	8182.601205			cluster_5
UL10	L	2h	2	PC_12	PC_12_2h	10457.516339			cluster_5
UL10	L	4h	4	PC_12	PC_12_4h	14515.879961			cluster_5
UL10	L	6h	6	PC_12	PC_12_6h	22843.452526			cluster_5
UL10	L	8h	8	PC_12	PC_12_8h	29624.211394			cluster_5
UL10	L	12h	12	PK_15	PK_15_12h	68495.286676			cluster_5
UL10	L	1h	1	PK_15	PK_15_1h	2994.011976			cluster_5
UL10	L	2h	2	PK_15	PK_15_2h	19313.485705			cluster_5
UL10	L	4h	4	PK_15	PK_15_4h	18317.531604			cluster_5
UL10	L	6h	6	PK_15	PK_15_6h	26432.693227			cluster_5
UL10	L	8h	8	PK_15	PK_15_8h	36753.132396			cluster_5
UL8	E	12h	12	C6	C6_12h	4614.129706			cluster_1
UL8	E	1h	1	C6	C6_1h	10437.051534			cluster_1
UL8	E	2h	2	C6	C6_2h	10676.156585			cluster_1
UL8	E	4h	4	C6	C6_4h	5104.934769			cluster_1
UL8	E	6h	6	C6	C6_6h	3545.132261			cluster_1
UL8	E	8h	8	C6	C6_8h	6320.387521			cluster_1
UL8	E	12h	12	NRK	NRK_12h	4140.026803			cluster_1
UL8	E	1h	1	NRK	NRK_1h	7894.736842			cluster_1
UL8	E	2h	2	NRK	NRK_2h	11437.908497			cluster_1
UL8	E	4h	4	NRK	NRK_4h	6667.676921			cluster_1
UL8	E	6h	6	NRK	NRK_6h	4289.689287			cluster_1
UL8	E	8h	8	NRK	NRK_8h	6066.751451			cluster_1
UL8	E	0.5h	0.5	PC_12	PC_12_0.5h	0			cluster_1
UL8	E	1.5h	1.5	PC_12	PC_12_1.5h	5134.78819			cluster_1
UL8	E	12h	12	PC_12	PC_12_12h	4225.836036			cluster_1
UL8	E	1h	1	PC_12	PC_12_1h	9146.341464			cluster_1
UL8	E	2.5h	2.5	PC_12	PC_12_2.5h	8613.264426			cluster_1
UL8	E	2h	2	PC_12	PC_12_2h	9150.326796			cluster_1
UL8	E	4h	4	PC_12	PC_12_4h	4787.151902			cluster_1
UL8	E	6h	6	PC_12	PC_12_6h	4753.180532			cluster_1
UL8	E	8h	8	PC_12	PC_12_8h	6217.427084			cluster_1
UL8	E	12h	12	PK_15	PK_15_12h	1039.000336			cluster_1
UL8	E	1h	1	PK_15	PK_15_1h	2994.011976			cluster_1
UL8	E	2h	2	PK_15	PK_15_2h	11976.047905			cluster_1
UL8	E	4h	4	PK_15	PK_15_4h	6798.902197			cluster_1
UL8	E	6h	6	PK_15	PK_15_6h	3516.644949			cluster_1
UL8	E	8h	8	PK_15	PK_15_8h	3015.782344			cluster_1
UL7	E	12h	12	C6	C6_12h	1068.919757			cluster_2
UL7	E	1h	1	C6	C6_1h	0			cluster_2
UL7	E	2h	2	C6	C6_2h	1016.776818			cluster_2
UL7	E	4h	4	C6	C6_4h	850.822461			cluster_2
UL7	E	6h	6	C6	C6_6h	1363.512409			cluster_2
UL7	E	8h	8	C6	C6_8h	1061.532267			cluster_2
UL7	E	12h	12	NRK	NRK_12h	1331.637486			cluster_2
UL7	E	1h	1	NRK	NRK_1h	0			cluster_2
UL7	E	2h	2	NRK	NRK_2h	5718.954248			cluster_2
UL7	E	4h	4	NRK	NRK_4h	1969.995454			cluster_2
UL7	E	6h	6	NRK	NRK_6h	1429.896427			cluster_2
UL7	E	8h	8	NRK	NRK_8h	1134.293471			cluster_2
UL7	E	0.5h	0.5	PC_12	PC_12_0.5h	0			cluster_2
UL7	E	1.5h	1.5	PC_12	PC_12_1.5h	0			cluster_2
UL7	E	12h	12	PC_12	PC_12_12h	890.076859			cluster_2
UL7	E	1h	1	PC_12	PC_12_1h	1524.390244			cluster_2
UL7	E	2.5h	2.5	PC_12	PC_12_2.5h	5598.621878			cluster_2
UL7	E	2h	2	PC_12	PC_12_2h	522.875817			cluster_2
UL7	E	4h	4	PC_12	PC_12_4h	823.596028			cluster_2
UL7	E	6h	6	PC_12	PC_12_6h	807.143863			cluster_2
UL7	E	8h	8	PC_12	PC_12_8h	902.898421			cluster_2
UL7	E	12h	12	PK_15	PK_15_12h	356.625673			cluster_2
UL7	E	1h	1	PK_15	PK_15_1h	0			cluster_2
UL7	E	2h	2	PK_15	PK_15_2h	253.015098			cluster_2
UL7	E	4h	4	PK_15	PK_15_4h	790.086494			cluster_2
UL7	E	6h	6	PK_15	PK_15_6h	543.344284			cluster_2
UL7	E	8h	8	PK_15	PK_15_8h	491.405396			cluster_2
UL6	L	12h	12	C6	C6_12h	1068.919757			cluster_2
UL6	L	1h	1	C6	C6_1h	0			cluster_2
UL6	L	2h	2	C6	C6_2h	1016.776818			cluster_2
UL6	L	4h	4	C6	C6_4h	850.822461			cluster_2
UL6	L	6h	6	C6	C6_6h	1363.512409			cluster_2
UL6	L	8h	8	C6	C6_8h	1061.532267			cluster_2
UL6	L	12h	12	NRK	NRK_12h	1331.637486			cluster_2
UL6	L	1h	1	NRK	NRK_1h	0			cluster_2
UL6	L	2h	2	NRK	NRK_2h	5718.954248			cluster_2
UL6	L	4h	4	NRK	NRK_4h	1969.995454			cluster_2
UL6	L	6h	6	NRK	NRK_6h	1429.896427			cluster_2
UL6	L	8h	8	NRK	NRK_8h	1134.293471			cluster_2
UL6	L	0.5h	0.5	PC_12	PC_12_0.5h	0			cluster_2
UL6	L	1.5h	1.5	PC_12	PC_12_1.5h	0			cluster_2
UL6	L	12h	12	PC_12	PC_12_12h	890.076859			cluster_2
UL6	L	1h	1	PC_12	PC_12_1h	1524.390244			cluster_2
UL6	L	2.5h	2.5	PC_12	PC_12_2.5h	5598.621878			cluster_2
UL6	L	2h	2	PC_12	PC_12_2h	522.875817			cluster_2
UL6	L	4h	4	PC_12	PC_12_4h	823.596028			cluster_2
UL6	L	6h	6	PC_12	PC_12_6h	807.143863			cluster_2
UL6	L	8h	8	PC_12	PC_12_8h	902.898421			cluster_2
UL6	L	12h	12	PK_15	PK_15_12h	356.625673			cluster_2
UL6	L	1h	1	PK_15	PK_15_1h	0			cluster_2
UL6	L	2h	2	PK_15	PK_15_2h	253.015098			cluster_2
UL6	L	4h	4	PK_15	PK_15_4h	790.086494			cluster_2
UL6	L	6h	6	PK_15	PK_15_6h	543.344284			cluster_2
UL6	L	8h	8	PK_15	PK_15_8h	491.405396			cluster_2
UL5	E	12h	12	C6	C6_12h	0			cluster_9
UL5	E	1h	1	C6	C6_1h	0			cluster_9
UL5	E	2h	2	C6	C6_2h	9150.991357			cluster_9
UL5	E	4h	4	C6	C6_4h	0			cluster_9
UL5	E	6h	6	C6	C6_6h	0			cluster_9
UL5	E	8h	8	C6	C6_8h	0			cluster_9
UL5	E	12h	12	NRK	NRK_12h	0			cluster_9
UL5	E	1h	1	NRK	NRK_1h	0			cluster_9
UL5	E	2h	2	NRK	NRK_2h	5718.954248			cluster_9
UL5	E	4h	4	NRK	NRK_4h	0			cluster_9
UL5	E	6h	6	NRK	NRK_6h	0			cluster_9
UL5	E	8h	8	NRK	NRK_8h	0			cluster_9
UL5	E	0.5h	0.5	PC_12	PC_12_0.5h	0			cluster_9
UL5	E	1.5h	1.5	PC_12	PC_12_1.5h	0			cluster_9
UL5	E	12h	12	PC_12	PC_12_12h	0			cluster_9
UL5	E	1h	1	PC_12	PC_12_1h	0			cluster_9
UL5	E	2.5h	2.5	PC_12	PC_12_2.5h	6890.61154			cluster_9
UL5	E	2h	2	PC_12	PC_12_2h	0			cluster_9
UL5	E	4h	4	PC_12	PC_12_4h	0			cluster_9
UL5	E	6h	6	PC_12	PC_12_6h	0			cluster_9
UL5	E	8h	8	PC_12	PC_12_8h	0			cluster_9
UL5	E	12h	12	PK_15	PK_15_12h	0			cluster_9
UL5	E	1h	1	PK_15	PK_15_1h	748.502994			cluster_9
UL5	E	2h	2	PK_15	PK_15_2h	0			cluster_9
UL5	E	4h	4	PK_15	PK_15_4h	0			cluster_9
UL5	E	6h	6	PK_15	PK_15_6h	0			cluster_9
UL5	E	8h	8	PK_15	PK_15_8h	0			cluster_9
UL4	L	12h	12	C6	C6_12h	4251.330063			cluster_11
UL4	L	1h	1	C6	C6_1h	7175.472929			cluster_11
UL4	L	2h	2	C6	C6_2h	9150.991357			cluster_11
UL4	L	4h	4	C6	C6_4h	8224.617129			cluster_11
UL4	L	6h	6	C6	C6_6h	7690.20998			cluster_11
UL4	L	8h	8	C6	C6_8h	6369.1936			cluster_11
UL4	L	12h	12	NRK	NRK_12h	6978.292601			cluster_11
UL4	L	1h	1	NRK	NRK_1h	5263.157895			cluster_11
UL4	L	2h	2	NRK	NRK_2h	5718.954248			cluster_11
UL4	L	4h	4	NRK	NRK_4h	7273.829368			cluster_11
UL4	L	6h	6	NRK	NRK_6h	5178.543823			cluster_11
UL4	L	8h	8	NRK	NRK_8h	6857.319631			cluster_11
UL4	L	0.5h	0.5	PC_12	PC_12_0.5h	0			cluster_11
UL4	L	1.5h	1.5	PC_12	PC_12_1.5h	5134.788189			cluster_11
UL4	L	12h	12	PC_12	PC_12_12h	3995.876969			cluster_11
UL4	L	1h	1	PC_12	PC_12_1h	6859.756098			cluster_11
UL4	L	2.5h	2.5	PC_12	PC_12_2.5h	6890.61154			cluster_11
UL4	L	2h	2	PC_12	PC_12_2h	5228.758168			cluster_11
UL4	L	4h	4	PC_12	PC_12_4h	6176.970197			cluster_11
UL4	L	6h	6	PC_12	PC_12_6h	5765.313313			cluster_11
UL4	L	8h	8	PC_12	PC_12_8h	5417.39051			cluster_11
UL4	L	12h	12	PK_15	PK_15_12h	1759.970852			cluster_11
UL4	L	1h	1	PK_15	PK_15_1h	748.502994			cluster_11
UL4	L	2h	2	PK_15	PK_15_2h	2277.135871			cluster_11
UL4	L	4h	4	PK_15	PK_15_4h	3867.26547			cluster_11
UL4	L	6h	6	PK_15	PK_15_6h	2983.362597			cluster_11
UL4	L	8h	8	PK_15	PK_15_8h	2693.999117			cluster_11
UL3.5	L	12h	12	C6	C6_12h	39119.054286			cluster_5
UL3.5	L	1h	1	C6	C6_1h	8480.10437			cluster_5
UL3.5	L	2h	2	C6	C6_2h	12709.710218			cluster_5
UL3.5	L	4h	4	C6	C6_4h	22404.991489			cluster_5
UL3.5	L	6h	6	C6	C6_6h	26561.221706			cluster_5
UL3.5	L	8h	8	C6	C6_8h	34017.838625			cluster_5
UL3.5	L	12h	12	NRK	NRK_12h	35706.664161			cluster_5
UL3.5	L	1h	1	NRK	NRK_1h	7894.736842			cluster_5
UL3.5	L	2h	2	NRK	NRK_2h	13888.888888			cluster_5
UL3.5	L	4h	4	NRK	NRK_4h	26670.707685			cluster_5
UL3.5	L	6h	6	NRK	NRK_6h	31187.200494			cluster_5
UL3.5	L	8h	8	NRK	NRK_8h	35833.361975			cluster_5
UL3.5	L	0.5h	0.5	PC_12	PC_12_0.5h	16666.666667			cluster_5
UL3.5	L	1.5h	1.5	PC_12	PC_12_1.5h	17971.758664			cluster_5
UL3.5	L	12h	12	PC_12	PC_12_12h	45117.969001			cluster_5
UL3.5	L	1h	1	PC_12	PC_12_1h	16768.292683			cluster_5
UL3.5	L	2.5h	2.5	PC_12	PC_12_2.5h	18087.855297			cluster_5
UL3.5	L	2h	2	PC_12	PC_12_2h	16993.464051			cluster_5
UL3.5	L	4h	4	PC_12	PC_12_4h	27436.042623			cluster_5
UL3.5	L	6h	6	PC_12	PC_12_6h	34809.680601			cluster_5
UL3.5	L	8h	8	PC_12	PC_12_8h	32561.488527			cluster_5
UL3.5	L	12h	12	PK_15	PK_15_12h	42903.149112			cluster_5
UL3.5	L	1h	1	PK_15	PK_15_1h	5239.520958			cluster_5
UL3.5	L	2h	2	PK_15	PK_15_2h	14927.8907			cluster_5
UL3.5	L	4h	4	PK_15	PK_15_4h	24555.056554			cluster_5
UL3.5	L	6h	6	PK_15	PK_15_6h	27177.276134			cluster_5
UL3.5	L	8h	8	PK_15	PK_15_8h	29546.68476			cluster_5
UL3	L	12h	12	C6	C6_12h	39119.054286			cluster_5
UL3	L	1h	1	C6	C6_1h	8480.10437			cluster_5
UL3	L	2h	2	C6	C6_2h	12709.710218			cluster_5
UL3	L	4h	4	C6	C6_4h	22404.991489			cluster_5
UL3	L	6h	6	C6	C6_6h	26561.221706			cluster_5
UL3	L	8h	8	C6	C6_8h	34017.838625			cluster_5
UL3	L	12h	12	NRK	NRK_12h	35706.664161			cluster_5
UL3	L	1h	1	NRK	NRK_1h	7894.736842			cluster_5
UL3	L	2h	2	NRK	NRK_2h	13888.888888			cluster_5
UL3	L	4h	4	NRK	NRK_4h	26670.707685			cluster_5
UL3	L	6h	6	NRK	NRK_6h	31187.200494			cluster_5
UL3	L	8h	8	NRK	NRK_8h	35833.361975			cluster_5
UL3	L	0.5h	0.5	PC_12	PC_12_0.5h	16666.666667			cluster_5
UL3	L	1.5h	1.5	PC_12	PC_12_1.5h	17971.758664			cluster_5
UL3	L	12h	12	PC_12	PC_12_12h	45117.969001			cluster_5
UL3	L	1h	1	PC_12	PC_12_1h	16768.292683			cluster_5
UL3	L	2.5h	2.5	PC_12	PC_12_2.5h	18087.855297			cluster_5
UL3	L	2h	2	PC_12	PC_12_2h	16993.464051			cluster_5
UL3	L	4h	4	PC_12	PC_12_4h	27436.042623			cluster_5
UL3	L	6h	6	PC_12	PC_12_6h	34809.680601			cluster_5
UL3	L	8h	8	PC_12	PC_12_8h	32561.488527			cluster_5
UL3	L	12h	12	PK_15	PK_15_12h	42903.149112			cluster_5
UL3	L	1h	1	PK_15	PK_15_1h	5239.520958			cluster_5
UL3	L	2h	2	PK_15	PK_15_2h	14927.8907			cluster_5
UL3	L	4h	4	PK_15	PK_15_4h	24555.056554			cluster_5
UL3	L	6h	6	PK_15	PK_15_6h	27177.276134			cluster_5
UL3	L	8h	8	PK_15	PK_15_8h	29546.68476			cluster_5
UL2	E	12h	12	C6	C6_12h	172.877684			cluster_2
UL2	E	1h	1	C6	C6_1h	652.315721			cluster_2
UL2	E	2h	2	C6	C6_2h	0			cluster_2
UL2	E	4h	4	C6	C6_4h	567.214974			cluster_2
UL2	E	6h	6	C6	C6_6h	109.080992			cluster_2
UL2	E	8h	8	C6	C6_8h	61.007602			cluster_2
UL2	E	12h	12	NRK	NRK_12h	0			cluster_2
UL2	E	1h	1	NRK	NRK_1h	0			cluster_2
UL2	E	2h	2	NRK	NRK_2h	0			cluster_2
UL2	E	4h	4	NRK	NRK_4h	0			cluster_2
UL2	E	6h	6	NRK	NRK_6h	0			cluster_2
UL2	E	8h	8	NRK	NRK_8h	0			cluster_2
UL2	E	0.5h	0.5	PC_12	PC_12_0.5h	0			cluster_2
UL2	E	1.5h	1.5	PC_12	PC_12_1.5h	0			cluster_2
UL2	E	12h	12	PC_12	PC_12_12h	229.959068			cluster_2
UL2	E	1h	1	PC_12	PC_12_1h	0			cluster_2
UL2	E	2.5h	2.5	PC_12	PC_12_2.5h	0			cluster_2
UL2	E	2h	2	PC_12	PC_12_2h	261.437908			cluster_2
UL2	E	4h	4	PC_12	PC_12_4h	1183.919291			cluster_2
UL2	E	6h	6	PC_12	PC_12_6h	781.52025			cluster_2
UL2	E	8h	8	PC_12	PC_12_8h	148.578221			cluster_2
UL2	E	12h	12	PK_15	PK_15_12h	455.431054			cluster_2
UL2	E	1h	1	PK_15	PK_15_1h	0			cluster_2
UL2	E	2h	2	PK_15	PK_15_2h	84.338366			cluster_2
UL2	E	4h	4	PK_15	PK_15_4h	810.878245			cluster_2
UL2	E	6h	6	PK_15	PK_15_6h	749.613873			cluster_2
UL2	E	8h	8	PK_15	PK_15_8h	339.244334			cluster_2
EP0	E	12h	12	C6	C6_12h	9849.158135			cluster_7
EP0	E	1h	1	C6	C6_1h	89367.253751			cluster_7
EP0	E	2h	2	C6	C6_2h	59989.832231			cluster_7
EP0	E	4h	4	C6	C6_4h	20419.73908			cluster_7
EP0	E	6h	6	C6	C6_6h	22579.765476			cluster_7
EP0	E	8h	8	C6	C6_8h	21852.922873			cluster_7
EP0	E	12h	12	NRK	NRK_12h	18109.416213			cluster_7
EP0	E	1h	1	NRK	NRK_1h	189473.68421			cluster_7
EP0	E	2h	2	NRK	NRK_2h	142973.856209			cluster_7
EP0	E	4h	4	NRK	NRK_4h	56069.101379			cluster_7
EP0	E	6h	6	NRK	NRK_6h	30105.116708			cluster_7
EP0	E	8h	8	NRK	NRK_8h	32344.550233			cluster_7
EP0	E	0.5h	0.5	PC_12	PC_12_0.5h	116666.666667			cluster_7
EP0	E	1.5h	1.5	PC_12	PC_12_1.5h	103979.460846			cluster_7
EP0	E	12h	12	PC_12	PC_12_12h	6774.323582			cluster_7
EP0	E	1h	1	PC_12	PC_12_1h	99085.365854			cluster_7
EP0	E	2.5h	2.5	PC_12	PC_12_2.5h	66322.13609			cluster_7
EP0	E	2h	2	PC_12	PC_12_2h	67189.542482			cluster_7
EP0	E	4h	4	PC_12	PC_12_4h	20641.375408			cluster_7
EP0	E	6h	6	PC_12	PC_12_6h	16783.467644			cluster_7
EP0	E	8h	8	PC_12	PC_12_8h	16069.306026			cluster_7
EP0	E	12h	12	PK_15	PK_15_12h	1401.801344			cluster_7
EP0	E	1h	1	PK_15	PK_15_1h	52395.209581			cluster_7
EP0	E	2h	2	PK_15	PK_15_2h	103989.20469			cluster_7
EP0	E	4h	4	PK_15	PK_15_4h	44057.717898			cluster_7
EP0	E	6h	6	PK_15	PK_15_6h	20350.255825			cluster_7
EP0	E	8h	8	PK_15	PK_15_8h	12115.512694			cluster_7
ELIE	E	12h	12	C6	C6_12h	58.437527			cluster_12
ELIE	E	1h	1	C6	C6_1h	0			cluster_12
ELIE	E	2h	2	C6	C6_2h	0			cluster_12
ELIE	E	4h	4	C6	C6_4h	0			cluster_12
ELIE	E	6h	6	C6	C6_6h	54.540496			cluster_12
ELIE	E	8h	8	C6	C6_8h	97.612163			cluster_12
ELIE	E	12h	12	NRK	NRK_12h	0			cluster_12
ELIE	E	1h	1	NRK	NRK_1h	0			cluster_12
ELIE	E	2h	2	NRK	NRK_2h	0			cluster_12
ELIE	E	4h	4	NRK	NRK_4h	0			cluster_12
ELIE	E	6h	6	NRK	NRK_6h	0			cluster_12
ELIE	E	8h	8	NRK	NRK_8h	85.931323			cluster_12
ELIE	E	0.5h	0.5	PC_12	PC_12_0.5h	0			cluster_12
ELIE	E	1.5h	1.5	PC_12	PC_12_1.5h	0			cluster_12
ELIE	E	12h	12	PC_12	PC_12_12h	0			cluster_12
ELIE	E	1h	1	PC_12	PC_12_1h	0			cluster_12
ELIE	E	2.5h	2.5	PC_12	PC_12_2.5h	861.326443			cluster_12
ELIE	E	2h	2	PC_12	PC_12_2h	0			cluster_12
ELIE	E	4h	4	PC_12	PC_12_4h	154.424255			cluster_12
ELIE	E	6h	6	PC_12	PC_12_6h	0			cluster_12
ELIE	E	8h	8	PC_12	PC_12_8h	0			cluster_12
ELIE	E	12h	12	PK_15	PK_15_12h	0			cluster_12
ELIE	E	1h	1	PK_15	PK_15_1h	0			cluster_12
ELIE	E	2h	2	PK_15	PK_15_2h	0			cluster_12
ELIE	E	4h	4	PK_15	PK_15_4h	0			cluster_12
ELIE	E	6h	6	PK_15	PK_15_6h	15.092897			cluster_12
ELIE	E	8h	8	PK_15	PK_15_8h	0			cluster_12
IE180	IE	12h	12	C6	C6_12h	8480.746053			cluster_9
IE180	IE	1h	1	C6	C6_1h	11089.367254			cluster_9
IE180	IE	2h	2	C6	C6_2h	3050.330453			cluster_9
IE180	IE	4h	4	C6	C6_4h	3686.897334			cluster_9
IE180	IE	6h	6	C6	C6_6h	3817.834742			cluster_9
IE180	IE	8h	8	C6	C6_8h	8040.801885			cluster_9
IE180	IE	12h	12	NRK	NRK_12h	6346.618411			cluster_9
IE180	IE	1h	1	NRK	NRK_1h	39473.684209			cluster_9
IE180	IE	2h	2	NRK	NRK_2h	5718.954248			cluster_9
IE180	IE	4h	4	NRK	NRK_4h	7122.291258			cluster_9
IE180	IE	6h	6	NRK	NRK_6h	9622.816507			cluster_9
IE180	IE	8h	8	NRK	NRK_8h	9916.474752			cluster_9
IE180	IE	0.5h	0.5	PC_12	PC_12_0.5h	66666.666668			cluster_9
IE180	IE	1.5h	1.5	PC_12	PC_12_1.5h	8985.879332			cluster_9
IE180	IE	12h	12	PC_12	PC_12_12h	7959.289129			cluster_9
IE180	IE	1h	1	PC_12	PC_12_1h	23628.048781			cluster_9
IE180	IE	2.5h	2.5	PC_12	PC_12_2.5h	6029.285099			cluster_9
IE180	IE	2h	2	PC_12	PC_12_2h	6535.947711			cluster_9
IE180	IE	4h	4	PC_12	PC_12_4h	9677.253309			cluster_9
IE180	IE	6h	6	PC_12	PC_12_6h	9916.338898			cluster_9
IE180	IE	8h	8	PC_12	PC_12_8h	9246.136967			cluster_9
IE180	IE	12h	12	PK_15	PK_15_12h	2164.455382			cluster_9
IE180	IE	1h	1	PK_15	PK_15_1h	310628.742514			cluster_9
IE180	IE	2h	2	PK_15	PK_15_2h	25976.216582			cluster_9
IE180	IE	4h	4	PK_15	PK_15_4h	11144.377911			cluster_9
IE180	IE	6h	6	PK_15	PK_15_6h	9765.104216			cluster_9
IE180	IE	8h	8	PK_15	PK_15_8h	8690.641594			cluster_9
NOIR	E	12h	12	C6	C6_12h	0			
NOIR	E	1h	1	C6	C6_1h	0			
NOIR	E	2h	2	C6	C6_2h	0			
NOIR	E	4h	4	C6	C6_4h	5955.757232			
NOIR	E	6h	6	C6	C6_6h	0			
NOIR	E	8h	8	C6	C6_8h	0			
NOIR	E	12h	12	NRK	NRK_12h	0			
NOIR	E	1h	1	NRK	NRK_1h	0			
NOIR	E	2h	2	NRK	NRK_2h	0			
NOIR	E	4h	4	NRK	NRK_4h	0			
NOIR	E	6h	6	NRK	NRK_6h	0			
NOIR	E	8h	8	NRK	NRK_8h	0			
NOIR	E	0.5h	0.5	PC_12	PC_12_0.5h	0			
NOIR	E	1.5h	1.5	PC_12	PC_12_1.5h	0			
NOIR	E	12h	12	PC_12	PC_12_12h	0			
NOIR	E	1h	1	PC_12	PC_12_1h	0			
NOIR	E	2.5h	2.5	PC_12	PC_12_2.5h	0			
NOIR	E	2h	2	PC_12	PC_12_2h	0			
NOIR	E	4h	4	PC_12	PC_12_4h	0			
NOIR	E	6h	6	PC_12	PC_12_6h	0			
NOIR	E	8h	8	PC_12	PC_12_8h	0			
NOIR	E	12h	12	PK_15	PK_15_12h	0			
NOIR	E	1h	1	PK_15	PK_15_1h	0			
NOIR	E	2h	2	PK_15	PK_15_2h	0			
NOIR	E	4h	4	PK_15	PK_15_4h	0			
NOIR	E	6h	6	PK_15	PK_15_6h	0			
NOIR	E	8h	8	PK_15	PK_15_8h	0			
US1	E	12h	12	C6	C6_12h	49968.955065			cluster_11
US1	E	1h	1	C6	C6_1h	52837.573386			cluster_11
US1	E	2h	2	C6	C6_2h	53889.171327			cluster_11
US1	E	4h	4	C6	C6_4h	82813.386274			cluster_11
US1	E	6h	6	C6	C6_6h	0			cluster_11
US1	E	8h	8	C6	C6_8h	65448.954941			cluster_11
US1	E	12h	12	NRK	NRK_12h	43171.516616			cluster_11
US1	E	1h	1	NRK	NRK_1h	23684.210526			cluster_11
US1	E	2h	2	NRK	NRK_2h	44117.647058			cluster_11
US1	E	4h	4	NRK	NRK_4h	79254.432491			cluster_11
US1	E	6h	6	NRK	NRK_6h	0			cluster_11
US1	E	8h	8	NRK	NRK_8h	71529.233835			cluster_11
US1	E	0.5h	0.5	PC_12	PC_12_0.5h	16666.666667			cluster_11
US1	E	1.5h	1.5	PC_12	PC_12_1.5h	39794.608471			cluster_11
US1	E	12h	12	PC_12	PC_12_12h	34125.925585			cluster_11
US1	E	1h	1	PC_12	PC_12_1h	55640.243903			cluster_11
US1	E	2.5h	2.5	PC_12	PC_12_2.5h	52540.913006			cluster_11
US1	E	2h	2	PC_12	PC_12_2h	64052.287581			cluster_11
US1	E	4h	4	PC_12	PC_12_4h	80609.461062			cluster_11
US1	E	6h	6	PC_12	PC_12_6h	70631.493985			cluster_11
US1	E	8h	8	PC_12	PC_12_8h	41510.469051			cluster_11
US1	E	12h	12	PK_15	PK_15_12h	21328.067832			cluster_11
US1	E	1h	1	PK_15	PK_15_1h	15718.562874			cluster_11
US1	E	2h	2	PK_15	PK_15_2h	45880.070845			cluster_11
US1	E	4h	4	PK_15	PK_15_4h	74829.507654			cluster_11
US1	E	6h	6	PK_15	PK_15_6h	77713.32552			cluster_11
US1	E	8h	8	PK_15	PK_15_8h	52645.232744			cluster_11
AZURE	E	12h	12	C6	C6_12h	0			cluster_11
AZURE	E	1h	1	C6	C6_1h	652.315721			cluster_11
AZURE	E	2h	2	C6	C6_2h	508.388409			cluster_11
AZURE	E	4h	4	C6	C6_4h	0			cluster_11
AZURE	E	6h	6	C6	C6_6h	763.566949			cluster_11
AZURE	E	8h	8	C6	C6_8h	0			cluster_11
AZURE	E	12h	12	NRK	NRK_12h	465.219506			cluster_11
AZURE	E	1h	1	NRK	NRK_1h	0			cluster_11
AZURE	E	2h	2	NRK	NRK_2h	0			cluster_11
AZURE	E	4h	4	NRK	NRK_4h	1363.843008			cluster_11
AZURE	E	6h	6	NRK	NRK_6h	850.208686			cluster_11
AZURE	E	8h	8	NRK	NRK_8h	532.774207			cluster_11
AZURE	E	0.5h	0.5	PC_12	PC_12_0.5h	0			cluster_11
AZURE	E	1.5h	1.5	PC_12	PC_12_1.5h	0			cluster_11
AZURE	E	12h	12	PC_12	PC_12_12h	243.486071			cluster_11
AZURE	E	1h	1	PC_12	PC_12_1h	0			cluster_11
AZURE	E	2.5h	2.5	PC_12	PC_12_2.5h	430.663221			cluster_11
AZURE	E	2h	2	PC_12	PC_12_2h	0			cluster_11
AZURE	E	4h	4	PC_12	PC_12_4h	0			cluster_11
AZURE	E	6h	6	PC_12	PC_12_6h	0			cluster_11
AZURE	E	8h	8	PC_12	PC_12_8h	0			cluster_11
AZURE	E	12h	12	PK_15	PK_15_12h	111.156054			cluster_11
AZURE	E	1h	1	PK_15	PK_15_1h	0			cluster_11
AZURE	E	2h	2	PK_15	PK_15_2h	421.691828			cluster_11
AZURE	E	4h	4	PK_15	PK_15_4h	395.043247			cluster_11
AZURE	E	6h	6	PK_15	PK_15_6h	664.08746			cluster_11
AZURE	E	8h	8	PK_15	PK_15_8h	374.166545			cluster_11
US3	L	12h	12	C6	C6_12h	0			
US3	L	1h	1	C6	C6_1h	0			
US3	L	2h	2	C6	C6_2h	0			
US3	L	4h	4	C6	C6_4h	0			
US3	L	6h	6	C6	C6_6h	54.540496			
US3	L	8h	8	C6	C6_8h	0			
US3	L	12h	12	NRK	NRK_12h	0			
US3	L	1h	1	NRK	NRK_1h	0			
US3	L	2h	2	NRK	NRK_2h	0			
US3	L	4h	4	NRK	NRK_4h	0			
US3	L	6h	6	NRK	NRK_6h	0			
US3	L	8h	8	NRK	NRK_8h	0			
US3	L	0.5h	0.5	PC_12	PC_12_0.5h	0			
US3	L	1.5h	1.5	PC_12	PC_12_1.5h	0			
US3	L	12h	12	PC_12	PC_12_12h	0			
US3	L	1h	1	PC_12	PC_12_1h	0			
US3	L	2.5h	2.5	PC_12	PC_12_2.5h	0			
US3	L	2h	2	PC_12	PC_12_2h	0			
US3	L	4h	4	PC_12	PC_12_4h	0			
US3	L	6h	6	PC_12	PC_12_6h	0			
US3	L	8h	8	PC_12	PC_12_8h	0			
US3	L	12h	12	PK_15	PK_15_12h	0			
US3	L	1h	1	PK_15	PK_15_1h	0			
US3	L	2h	2	PK_15	PK_15_2h	0			
US3	L	4h	4	PK_15	PK_15_4h	0			
US3	L	6h	6	PK_15	PK_15_6h	0			
US3	L	8h	8	PK_15	PK_15_8h	0			
US4	L	12h	12	C6	C6_12h	69297.166999			cluster_8
US4	L	1h	1	C6	C6_1h	75016.307894			cluster_8
US4	L	2h	2	C6	C6_2h	68124.046771			cluster_8
US4	L	4h	4	C6	C6_4h	87634.713556			cluster_8
US4	L	6h	6	C6	C6_6h	0			cluster_8
US4	L	8h	8	C6	C6_8h	68682.357822			cluster_8
US4	L	12h	12	NRK	NRK_12h	69014.67362			cluster_8
US4	L	1h	1	NRK	NRK_1h	68421.05263			cluster_8
US4	L	2h	2	NRK	NRK_2h	72712.4183			cluster_8
US4	L	4h	4	NRK	NRK_4h	77284.437036			cluster_8
US4	L	6h	6	NRK	NRK_6h	81620.034008			cluster_8
US4	L	8h	8	NRK	NRK_8h	80689.512941			cluster_8
US4	L	0.5h	0.5	PC_12	PC_12_0.5h	1e+05			cluster_8
US4	L	1.5h	1.5	PC_12	PC_12_1.5h	75738.125802			cluster_8
US4	L	12h	12	PC_12	PC_12_12h	72031.296077			cluster_8
US4	L	1h	1	PC_12	PC_12_1h	72408.536586			cluster_8
US4	L	2.5h	2.5	PC_12	PC_12_2.5h	85701.98105			cluster_8
US4	L	2h	2	PC_12	PC_12_2h	96993.464051			cluster_8
US4	L	4h	4	PC_12	PC_12_4h	75873.78391			cluster_8
US4	L	6h	6	PC_12	PC_12_6h	76179.006572			cluster_8
US4	L	8h	8	PC_12	PC_12_8h	86221.084392			cluster_8
US4	L	12h	12	PK_15	PK_15_12h	71808.354611			cluster_8
US4	L	1h	1	PK_15	PK_15_1h	30688.622754			cluster_8
US4	L	2h	2	PK_15	PK_15_2h	44277.641901			cluster_8
US4	L	4h	4	PK_15	PK_15_4h	57697.10579			cluster_8
US4	L	6h	6	PK_15	PK_15_6h	67440.093778			cluster_8
US4	L	8h	8	PK_15	PK_15_8h	98802.417614			cluster_8
US6	L	12h	12	C6	C6_12h	0			
US6	L	1h	1	C6	C6_1h	0			
US6	L	2h	2	C6	C6_2h	0			
US6	L	4h	4	C6	C6_4h	283.607487			
US6	L	6h	6	C6	C6_6h	54.540496			
US6	L	8h	8	C6	C6_8h	0			
US6	L	12h	12	NRK	NRK_12h	0			
US6	L	1h	1	NRK	NRK_1h	0			
US6	L	2h	2	NRK	NRK_2h	0			
US6	L	4h	4	NRK	NRK_4h	0			
US6	L	6h	6	NRK	NRK_6h	0			
US6	L	8h	8	NRK	NRK_8h	0			
US6	L	0.5h	0.5	PC_12	PC_12_0.5h	0			
US6	L	1.5h	1.5	PC_12	PC_12_1.5h	0			
US6	L	12h	12	PC_12	PC_12_12h	0			
US6	L	1h	1	PC_12	PC_12_1h	0			
US6	L	2.5h	2.5	PC_12	PC_12_2.5h	0			
US6	L	2h	2	PC_12	PC_12_2h	0			
US6	L	4h	4	PC_12	PC_12_4h	0			
US6	L	6h	6	PC_12	PC_12_6h	0			
US6	L	8h	8	PC_12	PC_12_8h	0			
US6	L	12h	12	PK_15	PK_15_12h	0			
US6	L	1h	1	PK_15	PK_15_1h	0			
US6	L	2h	2	PK_15	PK_15_2h	0			
US6	L	4h	4	PK_15	PK_15_4h	0			
US6	L	6h	6	PK_15	PK_15_6h	0			
US6	L	8h	8	PK_15	PK_15_8h	0			
US7	L	12h	12	C6	C6_12h	15839.004615			cluster_8
US7	L	1h	1	C6	C6_1h	15003.261578			cluster_8
US7	L	2h	2	C6	C6_2h	11184.544992			cluster_8
US7	L	4h	4	C6	C6_4h	15598.411798			cluster_8
US7	L	6h	6	C6	C6_6h	20889.010091			cluster_8
US7	L	8h	8	C6	C6_8h	16606.269141			cluster_8
US7	L	12h	12	NRK	NRK_12h	19389.836875			cluster_8
US7	L	1h	1	NRK	NRK_1h	7894.736842			cluster_8
US7	L	2h	2	NRK	NRK_2h	8169.93464			cluster_8
US7	L	4h	4	NRK	NRK_4h	17123.806638			cluster_8
US7	L	6h	6	NRK	NRK_6h	21641.675684			cluster_8
US7	L	8h	8	NRK	NRK_8h	24696.662427			cluster_8
US7	L	0.5h	0.5	PC_12	PC_12_0.5h	0			cluster_8
US7	L	1.5h	1.5	PC_12	PC_12_1.5h	14120.667522			cluster_8
US7	L	12h	12	PC_12	PC_12_12h	16559.758246			cluster_8
US7	L	1h	1	PC_12	PC_12_1h	10670.731708			cluster_8
US7	L	2.5h	2.5	PC_12	PC_12_2.5h	13781.223083			cluster_8
US7	L	2h	2	PC_12	PC_12_2h	15424.836599			cluster_8
US7	L	4h	4	PC_12	PC_12_4h	20229.577391			cluster_8
US7	L	6h	6	PC_12	PC_12_6h	23419.983857			cluster_8
US7	L	8h	8	PC_12	PC_12_8h	17635.091891			cluster_8
US7	L	12h	12	PK_15	PK_15_12h	19551.114802			cluster_8
US7	L	1h	1	PK_15	PK_15_1h	5239.520958			cluster_8
US7	L	2h	2	PK_15	PK_15_2h	9445.89694			cluster_8
US7	L	4h	4	PK_15	PK_15_4h	20001.663341			cluster_8
US7	L	6h	6	PK_15	PK_15_6h	20611.866035			cluster_8
US7	L	8h	8	PK_15	PK_15_8h	22417.564874			cluster_8
US8	L	12h	12	C6	C6_12h	10260.655718			cluster_11
US8	L	1h	1	C6	C6_1h	15655.577301			cluster_11
US8	L	2h	2	C6	C6_2h	10167.768174			cluster_11
US8	L	4h	4	C6	C6_4h	12478.729438			cluster_11
US8	L	6h	6	C6	C6_6h	0			cluster_11
US8	L	8h	8	C6	C6_8h	11652.451896			cluster_11
US8	L	12h	12	NRK	NRK_12h	13397.468182			cluster_11
US8	L	1h	1	NRK	NRK_1h	13157.894736			cluster_11
US8	L	2h	2	NRK	NRK_2h	24509.803921			cluster_11
US8	L	4h	4	NRK	NRK_4h	11062.282166			cluster_11
US8	L	6h	6	NRK	NRK_6h	0			cluster_11
US8	L	8h	8	NRK	NRK_8h	0			cluster_11
US8	L	0.5h	0.5	PC_12	PC_12_0.5h	0			cluster_11
US8	L	1.5h	1.5	PC_12	PC_12_1.5h	11553.273425			cluster_11
US8	L	12h	12	PC_12	PC_12_12h	13237.526072			cluster_11
US8	L	1h	1	PC_12	PC_12_1h	16768.292683			cluster_11
US8	L	2.5h	2.5	PC_12	PC_12_2.5h	14642.549526			cluster_11
US8	L	2h	2	PC_12	PC_12_2h	22483.66013			cluster_11
US8	L	4h	4	PC_12	PC_12_4h	10346.42508			cluster_11
US8	L	6h	6	PC_12	PC_12_6h	0			cluster_11
US8	L	8h	8	PC_12	PC_12_8h	0			cluster_11
US8	L	12h	12	PK_15	PK_15_12h	0			cluster_11
US8	L	1h	1	PK_15	PK_15_1h	5988.023952			cluster_11
US8	L	2h	2	PK_15	PK_15_2h	15012.229063			cluster_11
US8	L	4h	4	PK_15	PK_15_4h	13410.678645			cluster_11
US8	L	6h	6	PK_15	PK_15_6h	14836.317537			cluster_11
US8	L	8h	8	PK_15	PK_15_8h	20920.898698			cluster_11
US9	L	12h	12	C6	C6_12h	10260.655718			cluster_11
US9	L	1h	1	C6	C6_1h	15655.577301			cluster_11
US9	L	2h	2	C6	C6_2h	10167.768174			cluster_11
US9	L	4h	4	C6	C6_4h	12478.729438			cluster_11
US9	L	6h	6	C6	C6_6h	0			cluster_11
US9	L	8h	8	C6	C6_8h	11652.451896			cluster_11
US9	L	12h	12	NRK	NRK_12h	13397.468182			cluster_11
US9	L	1h	1	NRK	NRK_1h	13157.894736			cluster_11
US9	L	2h	2	NRK	NRK_2h	24509.803921			cluster_11
US9	L	4h	4	NRK	NRK_4h	11062.282166			cluster_11
US9	L	6h	6	NRK	NRK_6h	0			cluster_11
US9	L	8h	8	NRK	NRK_8h	0			cluster_11
US9	L	0.5h	0.5	PC_12	PC_12_0.5h	0			cluster_11
US9	L	1.5h	1.5	PC_12	PC_12_1.5h	11553.273425			cluster_11
US9	L	12h	12	PC_12	PC_12_12h	13237.526072			cluster_11
US9	L	1h	1	PC_12	PC_12_1h	16768.292683			cluster_11
US9	L	2.5h	2.5	PC_12	PC_12_2.5h	14642.549526			cluster_11
US9	L	2h	2	PC_12	PC_12_2h	22483.66013			cluster_11
US9	L	4h	4	PC_12	PC_12_4h	10346.42508			cluster_11
US9	L	6h	6	PC_12	PC_12_6h	11594.685663			cluster_11
US9	L	8h	8	PC_12	PC_12_8h	0			cluster_11
US9	L	12h	12	PK_15	PK_15_12h	0			cluster_11
US9	L	1h	1	PK_15	PK_15_1h	5988.023952			cluster_11
US9	L	2h	2	PK_15	PK_15_2h	15012.229063			cluster_11
US9	L	4h	4	PK_15	PK_15_4h	13410.678645			cluster_11
US9	L	6h	6	PK_15	PK_15_6h	14836.317537			cluster_11
US9	L	8h	8	PK_15	PK_15_8h	20920.898698			cluster_11
US2	L	12h	12	C6	C6_12h	53645.649449			cluster_3
US2	L	1h	1	C6	C6_1h	52185.257665			cluster_3
US2	L	2h	2	C6	C6_2h	52872.394509			cluster_3
US2	L	4h	4	C6	C6_4h	54169.030061			cluster_3
US2	L	6h	6	C6	C6_6h	53722.388872			cluster_3
US2	L	8h	8	C6	C6_8h	53955.12281			cluster_3
US2	L	12h	12	NRK	NRK_12h	60542.556914			cluster_3
US2	L	1h	1	NRK	NRK_1h	68421.052631			cluster_3
US2	L	2h	2	NRK	NRK_2h	38398.69281			cluster_3
US2	L	4h	4	NRK	NRK_4h	75162.903472			cluster_3
US2	L	6h	6	NRK	NRK_6h	95223.37301			cluster_3
US2	L	8h	8	NRK	NRK_8h	79795.827174			cluster_3
US2	L	0.5h	0.5	PC_12	PC_12_0.5h	83333.333333			cluster_3
US2	L	1.5h	1.5	PC_12	PC_12_1.5h	52631.578946			cluster_3
US2	L	12h	12	PC_12	PC_12_12h	43183.607434			cluster_3
US2	L	1h	1	PC_12	PC_12_1h	53353.658538			cluster_3
US2	L	2.5h	2.5	PC_12	PC_12_2.5h	49095.607234			cluster_3
US2	L	2h	2	PC_12	PC_12_2h	51764.705881			cluster_3
US2	L	4h	4	PC_12	PC_12_4h	37473.61919			cluster_3
US2	L	6h	6	PC_12	PC_12_6h	41612.75031			cluster_3
US2	L	8h	8	PC_12	PC_12_8h	40847.581604			cluster_3
US2	L	12h	12	PK_15	PK_15_12h	31492.67142			cluster_3
US2	L	1h	1	PK_15	PK_15_1h	17215.568862			cluster_3
US2	L	2h	2	PK_15	PK_15_2h	43940.288438			cluster_3
US2	L	4h	4	PK_15	PK_15_4h	35824.184964			cluster_3
US2	L	6h	6	PK_15	PK_15_6h	28299.181461			cluster_3
US2	L	8h	8	PK_15	PK_15_8h	26865.157862			cluster_3
NOIR_2	E	12h	12	C6	C6_12h	0			cluster_2
NOIR_2	E	1h	1	C6	C6_1h	0			cluster_2
NOIR_2	E	2h	2	C6	C6_2h	0			cluster_2
NOIR_2	E	4h	4	C6	C6_4h	5672.149745			cluster_2
NOIR_2	E	6h	6	C6	C6_6h	5344.968638			cluster_2
NOIR_2	E	8h	8	C6	C6_8h	6393.596642			cluster_2
NOIR_2	E	12h	12	NRK	NRK_12h	9547.670061			cluster_2
NOIR_2	E	1h	1	NRK	NRK_1h	0			cluster_2
NOIR_2	E	2h	2	NRK	NRK_2h	0			cluster_2
NOIR_2	E	4h	4	NRK	NRK_4h	6516.13881			cluster_2
NOIR_2	E	6h	6	NRK	NRK_6h	7767.815733			cluster_2
NOIR_2	E	8h	8	NRK	NRK_8h	8713.436222			cluster_2
NOIR_2	E	0.5h	0.5	PC_12	PC_12_0.5h	0			cluster_2
NOIR_2	E	1.5h	1.5	PC_12	PC_12_1.5h	0			cluster_2
NOIR_2	E	12h	12	PC_12	PC_12_12h	8443.555869			cluster_2
NOIR_2	E	1h	1	PC_12	PC_12_1h	4573.170732			cluster_2
NOIR_2	E	2.5h	2.5	PC_12	PC_12_2.5h	0			cluster_2
NOIR_2	E	2h	2	PC_12	PC_12_2h	0			cluster_2
NOIR_2	E	4h	4	PC_12	PC_12_4h	10912.647347			cluster_2
NOIR_2	E	6h	6	PC_12	PC_12_6h	9736.973594			cluster_2
NOIR_2	E	8h	8	PC_12	PC_12_8h	7737.496574			cluster_2
NOIR_2	E	12h	12	PK_15	PK_15_12h	8219.372648			cluster_2
NOIR_2	E	1h	1	PK_15	PK_15_1h	0			cluster_2
NOIR_2	E	2h	2	PK_15	PK_15_2h	5650.670493			cluster_2
NOIR_2	E	4h	4	PK_15	PK_15_4h	12911.676649			cluster_2
NOIR_2	E	6h	6	PK_15	PK_15_6h	14982.215538			cluster_2
NOIR_2	E	8h	8	PK_15	PK_15_8h	11055.374154			cluster_2
